0.0,0.2715965810904971,0.0,0.0,0.0,0.2732024380165941,0.21454525990286977,0.3534764568903651,0.0,0.2367645166010091,0.0,0.23891637015822279,0.2588354225983383,0.0,0.2651795979229383,0.25875735170476627,0.2503711355386262,0.25191736659744096,0.0,0.2963953206393757,0.27213103232132907,0.27940001886862853,0.32135965526500776,0.24183632422761084,0.2605716671672566,0.2439557054068149,0.28830160069356514,0.25722335672264074,0.2940359180206802,0.0,0.24727803201374055,0.26898070487104486,0.2307206925455936,0.23546220927540093,0.26446919513035183,0.0,0.0,0.2391991162001658,0.29471998440888614,0.28346011526956744,0.2794408749137371,0.30092748800149055,0.0,0.0,0.0,0.2446690655704224,0.3009746449528272,0.0,0.0,0.0,0.2626676935432467,0.0,0.0,0.0,0.26637569717260523,0.0,0.0,0.0,0.0,0.2545082247094505,0.3020190770847948,0.241038023587478,0.28818663792077587,0.0,0.0,0.23453178752436857,0.3076687877314055,0.0,0.0,0.2926164818127273,0.30442909830745457,0.2849631701207511,0.0,0.0,0.0,0.25194655629214496
0.2715965810904971,0.0,0.2326215347472587,0.0,0.27419323889799957,0.27938016227796564,0.31548237421373515,0.3089000622390016,0.2687570066557656,0.19743104436231293,0.0,0.18243292662150887,0.316736500898618,0.0,0.2809147369604364,0.26415288157220823,0.24299034641848805,0.2642359538640232,0.0,0.28111154254648124,0.28060419076869664,0.26734827191756577,0.2929223288800198,0.22805942243651925,0.2600187558370342,0.2616312075317556,0.27167994645250887,0.3149933094613211,0.29013512112230994,0.0,0.2525866386230803,0.2693469073638848,0.24147532040745173,0.25318579062583474,0.27651492423758434,0.25559435368539724,0.27407278437110927,0.0,0.29713149105371106,0.2972878950873096,0.29945076060244663,0.3203754605017617,0.29661787580012006,0.0,0.0,0.29490925010729463,0.30427878604458747,0.0,0.0,0.0,0.2805156110167944,0.23051654668847033,0.0,0.0,0.23083346427866536,0.0,0.0,0.21615744195513545,0.0,0.3097001656245375,0.3023510289483553,0.23484760996085596,0.28998679090376356,0.0,0.30410533976103094,0.29947623793445177,0.3108731445277538,0.29695508052585967,0.0,0.29441039415956693,0.31766840860294365,0.2986310771356297,0.23625343405369872,0.30616359166475454,0.0,0.28696164842977834
0.0,0.2326215347472587,0.0,0.2576780846012474,0.25593810818303403,0.27949570110199173,0.28443065840358434,0.3235597397446165,0.21642221144336615,0.283611769742504,0.2071875717142716,0.24352665310676763,0.3127356612088399,0.29182555835516893,0.0,0.0,0.0,0.0,0.19011997788800725,0.0,0.0,0.0,0.23094497826248467,0.0,0.1993502287986427,0.21224263964680856,0.24528913659565751,0.31859769335640475,0.2566540124950947,0.28493504111873896,0.3225178261514739,0.3034655296091925,0.0,0.3270297916261538,0.3324213284752744,0.2780005934087823,0.312896028835032,0.0,0.3694927345189161,0.0,0.2891178638655769,0.0,0.3502174378633481,0.0,0.0,0.0,0.0,0.20775382712569623,0.0,0.2679893038705041,0.3844292586265382,0.30713636551940177,0.39048994141050825,0.3402271992168213,0.22550639414305124,0.19936332033910098,0.0,0.30230724002830717,0.3256268224982076,0.0,0.0,0.0,0.0,0.17138443718253663,0.0,0.0,0.0,0.3853492335054529,0.0,0.0,0.0,0.39996738136200716,0.2858863943881238,0.0,0.0,0.2952118704907677
0.0,0.0,0.2576780846012474,0.0,0.16495145356543675,0.2900264352861054,0.1743961524121913,0.21189164410333416,0.29808063128155193,0.16028411558275235,0.2506041990964141,0.0,0.22320708256425986,0.15877173486551305,0.0,0.2619148401430314,0.0,0.0,0.27553498808032406,0.3099617431906457,0.0,0.34349881359051093,0.26697687496174705,0.0,0.0,0.0,0.28255257612413065,0.18299571838375817,0.26768823092357896,0.25782587375315086,0.23440029328617862,0.21030208977986214,0.0,0.2650832406148831,0.26656135000396175,0.14603360831922707,0.1283128671936824,0.0,0.0,0.0,0.0,0.0,0.0,0.0,0.0,0.0,0.0,0.0,0.0,0.0,0.0,0.0,0.0,0.0,0.0,0.0,0.0,0.0,0.0,0.0,0.0,0.0,0.0,0.0,0.0,0.0,0.0,0.0,0.0,0.0,0.0,0.0,0.0,0.0,0.0,0.0
0.0,0.27419323889799957,0.25593810818303403,0.16495145356543675,0.0,0.2586673510912592,0.23804456367381063,0.2699796767638665,0.2287349915841193,0.3017760181652587,0.20320883303819076,0.2935302136959111,0.25180352533627753,0.19029131378399747,0.0,0.2909477165043598,0.2522856125572251,0.2635222072491411,0.24415550454473756,0.0,0.0,0.3124401546892026,0.25199480264189716,0.23323698787822686,0.2618183564344306,0.24667120624546962,0.2562124743279663,0.2852736641500781,0.3025886462980438,0.0,0.3098896157897895,0.2802973583963273,0.2544005979129132,0.29141080528130736,0.30982277198284475,0.1625368418955887,0.17888822024406964,0.2807224234612221,0.3065082404209337,0.0,0.0,0.0,0.0,0.0,0.0,0.0,0.0,0.35455278309623367,0.0,0.0,0.33154623438916436,0.0,0.33788273819091164,0.33066538068853996,0.0,0.0,0.0,0.0,0.0,0.0,0.0,0.0,0.0,0.3519454104794692,0.0,0.0,0.0,0.3610153086855751,0.0,0.0,0.22608437375041468,0.3530808359207396,0.0,0.0,0.0,0.0
0.2732024380165941,0.27938016227796564,0.27949570110199173,0.2900264352861054,0.2586673510912592,0.0,0.28455287250584055,0.28392175559976623,0.23092148437586557,0.30625316235606426,0.2773403743637836,0.262072066335219,0.26952013031739075,0.29449137034393624,0.2758292729320597,0.2877871345464451,0.22842500205321134,0.2841630756125787,0.27561185117786097,0.2666590155872028,0.2802548485487323,0.279654142170265,0.26613408440949177,0.24111506158372098,0.2675744381023469,0.2793082319174234,0.2516547180663972,0.27566157716687595,0.2199238006286893,0.28950323847408077,0.3029801783252254,0.28941579661016903,0.2571226258755979,0.28613939355271256,0.30733882229071424,0.301660410435289,0.3166483114798101,0.2780973845768745,0.3435745816083339,0.24263812838575388,0.3174773016570289,0.2682582577715245,0.33519930486576044,0.2399918815341014,0.0,0.0,0.23411663982078507,0.3776057701912806,0.0,0.3097887358245945,0.3603171631437914,0.35683214072398467,0.3575644687383238,0.37096124436364836,0.0,0.3509413831889583,0.26646055740613034,0.3554436237102458,0.31149401873452565,0.29008090449419094,0.20174261087562154,0.0,0.0,0.36279501776462947,0.29752002637530794,0.26980705370289415,0.2833087574217879,0.36369466833101044,0.0,0.1982815863487244,0.2794526244513813,0.36266688755003174,0.3610369642979866,0.330496545425743,0.0,0.35280868503867935
0.21454525990286977,0.31548237421373515,0.28443065840358434,0.1743961524121913,0.23804456367381063,0.28455287250584055,0.0,0.2896592515267937,0.27838792777901306,0.28003197286199455,0.28203022514328363,0.27010897055560407,0.23807361789467443,0.23282218649977432,0.0,0.32848532546871095,0.27720613553141926,0.3111015728580917,0.29971403053395873,0.31857589535922926,0.2708111007168323,0.32809289165871947,0.2849815395605796,0.2821732454213771,0.30628692453922457,0.2903772833699782,0.29294958357680806,0.2559432064928694,0.3093651556974638,0.0,0.29333478630242216,0.28134329811505876,0.2828821063256017,0.29228194831236265,0.28835746929775624,0.2026542148199281,0.21714269282055204,0.27328457631626596,0.27591034487629224,0.0,0.2067723563681528,0.22632605068285105,0.0,0.0,0.0,0.0,0.232061369710712,0.323678313199575,0.0,0.29075840099346534,0.3297410111886956,0.2839565832239446,0.29227169648868606,0.30545578113127253,0.0,0.0,0.0,0.25485223850896627,0.0,0.0,0.0,0.0,0.0,0.3114969814663651,0.2504996823087069,0.0,0.2360116005186884,0.3573913875944975,0.0,0.0,0.23087891231354876,0.35175703548359694,0.26677695689930764,0.2726326193054272,0.0,0.0
0.3534764568903651,0.3089000622390016,0.3235597397446165,0.21189164410333416,0.2699796767638665,0.28392175559976623,0.2896592515267937,0.0,0.34163608878060836,0.27701257583698347,0.22114508199347344,0.2975451906381778,0.2998073889601749,0.23494692397494973,0.27211529773875387,0.3023819318816429,0.0,0.32542032119157815,0.2953361787249157,0.26122535285111986,0.2890598458895024,0.2765058433375413,0.2373607154540768,0.3593901076447599,0.33982983741833944,0.33861685261940605,0.29314127969425346,0.28775074514712357,0.2654563664535813,0.26026224825606603,0.2965850879909483,0.26554926274753266,0.23792062128009445,0.2984194621938369,0.3198843809448054,0.18603206419674032,0.27369830428267566,0.272231812283905,0.33044959421463743,0.0,0.3615664704639158,0.35696628738058495,0.30675064899041216,0.0,0.0,0.0,0.0,0.37427635100398465,0.0,0.36608009805041664,0.3389680147544047,0.33870876584439985,0.29091381738439775,0.35958059699757583,0.0,0.34787152458361026,0.0,0.3428624196255886,0.0,0.34441475631666796,0.0,0.0,0.0,0.36270228856161624,0.3592227618609697,0.3286421985696179,0.0,0.3445897953484838,0.0,0.0,0.0,0.3562933653862286,0.35254203624762603,0.3475979331115361,0.0,0.34764210778760013
0.0,0.2687570066557656,0.21642221144336615,0.29808063128155193,0.2287349915841193,0.23092148437586557,0.27838792777901306,0.34163608878060836,0.0,0.34042642350873903,0.21988582646317995,0.30452836118236015,0.27162028872111965,0.3106195462838099,0.0,0.30239728507781344,0.24774509685644522,0.24427377721926716,0.20296076291242116,0.0,0.0,0.30777900481349557,0.26764815957523697,0.2738617773970198,0.2607030526759386,0.25078846278072653,0.24630376565658493,0.3217655120169505,0.3259245442176364,0.2858704526041077,0.33377551742728967,0.29985397281577114,0.2876972251847552,0.32568029989964625,0.3322877976486093,0.3092068324011683,0.3282254265789348,0.32612133037339736,0.3661572859682295,0.24420359743386166,0.22796543560972873,0.21223306529425756,0.34783234318585915,0.20950423469696758,0.28161536699776435,0.0,0.0,0.3832031345007787,0.0,0.3419287862991761,0.3759590691810063,0.3466460029249136,0.3768092719555332,0.36659057365650327,0.0,0.3684994368830098,0.0,0.3325582828655053,0.3528013108204368,0.0,0.0,0.0,0.0,0.3750133053497458,0.0,0.0,0.0,0.3798312833315848,0.0,0.0,0.0,0.38074009087372535,0.3055271715238904,0.27694637542368167,0.0,0.28936495935949264
0.2367645166010091,0.19743104436231293,0.283611769742504,0.16028411558275235,0.3017760181652587,0.30625316235606426,0.28003197286199455,0.27701257583698347,0.34042642350873903,0.0,0.31268072165347743,0.1809401744200674,0.28517361531776264,0.11782643009856343,0.23502599428314877,0.24497315738685524,0.20824494316836378,0.2271331972716898,0.31814884809670385,0.2274091127692903,0.2775925619535381,0.23439435095253097,0.2893314970820859,0.19851040995736502,0.23015983077903063,0.2365019020959468,0.28682154576506746,0.28509200347113284,0.2430024554546353,0.23654209175466565,0.23118072170122858,0.22960393345548402,0.19950442086681458,0.19612570507580757,0.17937817288649646,0.20272378302534283,0.21559033527743957,0.16835872491989035,0.25976681215520536,0.2412870410874,0.2301416057162638,0.0,0.0,0.0,0.20632827530620698,0.26025199752361355,0.23852911585054512,0.0,0.0,0.0,0.0,0.2607659604366561,0.0,0.2280034568014661,0.28487762720539717,0.23970828656020798,0.276259692616502,0.2569016008886798,0.0,0.0,0.24564827170809017,0.3049004132052718,0.2798281778971788,0.22758916657489375,0.0,0.0,0.0,0.2568523489807796,0.28031672911048233,0.3092867019468447,0.3096794848798501,0.0,0.26688300479018734,0.0,0.0,0.2612067784957816
0.0,0.0,0.2071875717142716,0.2506041990964141,0.20320883303819076,0.2773403743637836,0.28203022514328363,0.22114508199347344,0.21988582646317995,0.31268072165347743,0.0,0.2815271981831025,0.30199289510168115,0.20280533682446147,0.0,0.0,0.2553536024521698,0.25193455648417495,0.17559249907076566,0.0,0.303475955375175,0.0,0.19432635316770225,0.292264744027314,0.2609483803871768,0.23314806389803483,0.25873946199476067,0.30982516188579823,0.2560517417201807,0.0,0.3279012350675255,0.2642721816821557,0.2878823293634669,0.3144011684185729,0.29841257709950786,0.21891064451496584,0.3146986389958993,0.29740806437575484,0.0,0.0,0.24429197778788636,0.0,0.25275275034490824,0.0,0.24659084872031495,0.0,0.0,0.21653666982859412,0.0,0.30919243900264964,0.32109729183793057,0.3110066327600052,0.3033917729251208,0.28674731570365175,0.0,0.173843418566616,0.0,0.2497570333548197,0.0,0.0,0.0,0.0,0.0,0.13846113321149559,0.0,0.0,0.0,0.3272972942432631,0.0,0.0,0.0,0.3116747787328603,0.24159962758035866,0.0,0.0,0.0
0.23891637015822279,0.18243292662150887,0.24352665310676763,0.0,0.2935302136959111,0.262072066335219,0.27010897055560407,0.2975451906381778,0.30452836118236015,0.1809401744200674,0.2815271981831025,0.0,0.2716528010327658,0.0,0.23558750862751,0.1951497135180533,0.22028626801556522,0.22773017345585497,0.2656898377671653,0.22143878712560564,0.27419441542002077,0.22007584125109272,0.0,0.19142549383950358,0.24040422936572303,0.2100939205610382,0.2555718913744069,0.27173614960569414,0.24192672218834607,0.0,0.22278193591990786,0.1670478263082153,0.17768818757352325,0.16589531803925867,0.20238121738600343,0.2418358420005689,0.23575185187152203,0.1357181903771137,0.2866011483590439,0.25325804917528766,0.2337590424363525,0.0,0.0,0.0,0.20666159342518342,0.24275720643350412,0.23654193787391903,0.0,0.0,0.0,0.0,0.2720949720231552,0.0,0.0,0.29103219595100704,0.0,0.2887525774916448,0.27130769080023265,0.0,0.0,0.24386176302161483,0.2941305352922815,0.28614118927203697,0.0,0.0,0.0,0.0,0.0,0.27254835303689223,0.2983542358180171,0.30914880469411016,0.0,0.26562371815278235,0.0,0.0,0.2690163211101477
0.2588354225983383,0.316736500898618,0.3127356612088399,0.22320708256425986,0.25180352533627753,0.26952013031739075,0.23807361789467443,0.2998073889601749,0.27162028872111965,0.28517361531776264,0.30199289510168115,0.2716528010327658,0.0,0.25063587911913765,0.296908288372041,0.32879140814394225,0.2942336622458797,0.3293765308561275,0.31378240203071306,0.3164060839587128,0.30138479009033414,0.33154628583569795,0.29313358623658614,0.2730312574143118,0.3080848246281548,0.29839292640014753,0.30516067578554457,0.2511387400413476,0.294174507093762,0.2788176880298367,0.2919099612426775,0.28296009800839844,0.2910139248411877,0.2966153842733902,0.29362972855978925,0.24096162010174466,0.2557965853624574,0.2907124373863229,0.2743995078340147,0.28865732804083943,0.2355504667357202,0.21948704931387594,0.31472756339400915,0.0,0.2779825959874858,0.0,0.21914227267892736,0.32780658533604545,0.0,0.2762350313522935,0.36372884297608027,0.2579211705305751,0.3301637254752508,0.29221704914147645,0.2550532285730812,0.0,0.25063573848233894,0.2359138740058626,0.0,0.2511412403989493,0.21569129610923274,0.0,0.0,0.32088752604946075,0.282807315151364,0.26393618227176435,0.22939065561760277,0.3577498619268231,0.0,0.2344037119050914,0.2558865264298758,0.36606306862250715,0.25431391322481767,0.31750706715907323,0.0,0.28907190469531097
0.0,0.0,0.29182555835516893,0.15877173486551305,0.19029131378399747,0.29449137034393624,0.23282218649977432,0.23494692397494973,0.3106195462838099,0.11782643009856343,0.20280533682446147,0.0,0.25063587911913765,0.0,0.0,0.0,0.0,0.0,0.24904635073048345,0.0,0.0,0.0,0.25781176085100843,0.2902045412770717,0.0,0.3175371914701369,0.3018951716644394,0.18068885458307624,0.259626158089534,0.0,0.32265328039912045,0.2024470100503289,0.0,0.0,0.0,0.16102556452227795,0.12387010423120964,0.0,0.0,0.0,0.0,0.0,0.0,0.0,0.0,0.0,0.0,0.33123319249919647,0.0,0.0,0.0,0.0,0.2986894201350083,0.34229511508492144,0.0,0.3396416707000986,0.0,0.0,0.0,0.0,0.0,0.0,0.0,0.0,0.0,0.2546321526076553,0.0,0.3361883748857194,0.0,0.0,0.0,0.31957391732870954,0.0,0.0,0.0,0.0
0.2651795979229383,0.2809147369604364,0.0,0.0,0.0,0.2758292729320597,0.0,0.27211529773875387,0.0,0.23502599428314877,0.0,0.23558750862751,0.296908288372041,0.0,0.0,0.2838252957894075,0.23395615771422987,0.2769462635082374,0.0,0.22907886469555577,0.24729073959985218,0.24506432831157568,0.2292872030002948,0.28826814784521604,0.2700236693737581,0.23985437470953683,0.26375202801897785,0.2852523700061467,0.2751572472321183,0.3096941487859207,0.2823242452757633,0.28607334852297045,0.2586490926577571,0.29585421056189437,0.3280599904989678,0.35365815957117225,0.3107075021446102,0.0,0.33151607020970414,0.3237883281690519,0.35122726671448673,0.3562880604460611,0.3459640201285173,0.0,0.0,0.0,0.3105744898550447,0.0,0.0,0.0,0.3229160041539099,0.2580675224268644,0.3525773506300861,0.0,0.0,0.0,0.0,0.29207625167488305,0.0,0.3351362478579193,0.30697257723742033,0.23017064217674443,0.24089512521233383,0.0,0.33020809406762164,0.30937780510179913,0.3427450863805107,0.3319962797081148,0.0,0.275338845066166,0.34138775707190544,0.3338011085337098,0.322105663051476,0.32945907670257946,0.0,0.33233298001729394
0.25875735170476627,0.26415288157220823,0.0,0.2619148401430314,0.2909477165043598,0.2877871345464451,0.32848532546871095,0.3023819318816429,0.30239728507781344,0.24497315738685524,0.0,0.1951497135180533,0.32879140814394225,0.0,0.2838252957894075,0.0,0.2527811200113948,0.24341997370755164,0.0,0.2850017519665501,0.2818799522678781,0.25909442386384407,0.2890295388060344,0.241613207623873,0.2620244553473428,0.27020232888774204,0.28547028081243353,0.32467817498826007,0.30608193684124463,0.289482551587896,0.2558498389235338,0.28343375482063116,0.2531310302118378,0.2637365088730701,0.301438166736066,0.2674963690926391,0.2340118192782016,0.0,0.2952392986975815,0.28732421778734585,0.29043914466276205,0.3131224008491597,0.0,0.0,0.0,0.2934278175166921,0.30364552833533137,0.0,0.0,0.0,0.2269249610188815,0.0,0.0,0.0,0.21706732794822686,0.0,0.0,0.23607168992895963,0.0,0.3101624005684542,0.29868155694312004,0.22153023279902168,0.2857325496538883,0.0,0.29472958776382363,0.2888022755655652,0.3116662459354085,0.25799137200674127,0.0,0.2919759790070913,0.3111420394102451,0.2692825934049484,0.25127325866743805,0.28816389333192666,0.0,0.2773558786080145
0.2503711355386262,0.24299034641848805,0.0,0.0,0.2522856125572251,0.22842500205321134,0.27720613553141926,0.0,0.24774509685644522,0.20824494316836378,0.2553536024521698,0.22028626801556522,0.2942336622458797,0.0,0.23395615771422987,0.2527811200113948,0.0,0.22607272600160105,0.2689081303704743,0.24733158305417144,0.0,0.2560758301547418,0.24390678890466191,0.22847774084192055,0.23256109176098097,0.24663793079153987,0.22866706669153844,0.288283845901894,0.24013819275852513,0.20008202273849499,0.23354384264435235,0.2583538578529892,0.23396878687146327,0.23265505992703484,0.24939479693364727,0.0,0.0,0.1959442522067489,0.28994229294098134,0.25151114541608677,0.22495805845415182,0.0,0.0,0.0,0.1639242425122005,0.2660149266845618,0.26429400161980565,0.0,0.0,0.0,0.0,0.0,0.0,0.0,0.28399311896304413,0.0,0.2607834407456344,0.19748118510752258,0.0,0.0,0.25792528865266623,0.2795919541022899,0.2736644644535853,0.0,0.0,0.0,0.2248586379198941,0.0,0.2805500178601041,0.28999254524368284,0.3022573201655822,0.0,0.21734069809276507,0.0,0.0,0.23105397153418486
0.25191736659744096,0.2642359538640232,0.0,0.0,0.2635222072491411,0.2841630756125787,0.3111015728580917,0.32542032119157815,0.24427377721926716,0.2271331972716898,0.25193455648417495,0.22773017345585497,0.3293765308561275,0.0,0.2769462635082374,0.24341997370755164,0.22607272600160105,0.0,0.0,0.2790654268800752,0.2782232720270715,0.2708816302558607,0.3182614797964393,0.2399056300500396,0.24361085845579253,0.2520357462885257,0.28186865269687034,0.3164603387774648,0.30203178335603964,0.2675690898819977,0.24747977266973778,0.2509782102828947,0.24056929310897765,0.24460838879741775,0.26746396031921715,0.30928949267064076,0.2290187214792178,0.0,0.2915619147006291,0.27885028282080637,0.2806024558732962,0.3001684623552652,0.0,0.0,0.20656400002300643,0.2909962108875805,0.29432654247647505,0.0,0.0,0.0,0.21631735249386774,0.0,0.0,0.0,0.27052468578267913,0.0,0.26878555869425064,0.0,0.0,0.0,0.2884677095418366,0.2870889601219511,0.2783299445086061,0.0,0.2284021959100692,0.24617233008651684,0.29395651490724606,0.0,0.2901340604000649,0.28357271638863996,0.2984816318080424,0.23312754380004497,0.0,0.22298183835757615,0.0,0.27360518778822834
0.0,0.0,0.19011997788800725,0.27553498808032406,0.24415550454473756,0.27561185117786097,0.29971403053395873,0.2953361787249157,0.20296076291242116,0.31814884809670385,0.17559249907076566,0.2656898377671653,0.31378240203071306,0.24904635073048345,0.0,0.0,0.2689081303704743,0.0,0.0,0.0,0.1996067822930816,0.0,0.21241928596022328,0.2552239754785472,0.0,0.23795180831299895,0.25247461457597836,0.31728973253049325,0.0,0.0,0.34320777580595074,0.2786046374310415,0.26760157415891145,0.33819660149571035,0.32451476298882553,0.2529061608655786,0.31659125359426626,0.28102878298843004,0.32932144074315356,0.0,0.23737023592648251,0.24918041520568118,0.31072163321571467,0.0,0.0,0.0,0.0,0.3539064440388691,0.0,0.35653958671426406,0.361859469983827,0.3459785369985033,0.38171762661208086,0.3598099733453702,0.0,0.22521673665338296,0.0,0.3050501954842015,0.3735557334910027,0.0,0.0,0.0,0.0,0.254260284605182,0.0,0.0,0.0,0.3702517421104703,0.0,0.0,0.0,0.3858035548824375,0.2837634988848905,0.0,0.0,0.0
0.2963953206393757,0.28111154254648124,0.0,0.3099617431906457,0.0,0.2666590155872028,0.31857589535922926,0.26122535285111986,0.0,0.2274091127692903,0.0,0.22143878712560564,0.3164060839587128,0.0,0.22907886469555577,0.2850017519665501,0.24733158305417144,0.2790654268800752,0.0,0.0,0.2802749281144799,0.2522250804863457,0.19937152046925702,0.260375840625829,0.2743324146469256,0.28383213722890055,0.2274920868947933,0.2764400981138612,0.2236276781962203,0.2502243934841579,0.25290027803899384,0.2921534740549537,0.25831220496638313,0.2917418438735678,0.32896470289174523,0.34343013860800103,0.3089434997584113,0.0,0.3226965185407719,0.3002908401476555,0.3486154366360961,0.3095484957314589,0.28552785112501733,0.0,0.0,0.0,0.28612999488310314,0.0,0.0,0.0,0.31803379733483345,0.2571487890184175,0.32807464523111457,0.2576793185760059,0.22678587762657235,0.0,0.0,0.2893157420166167,0.0,0.3178503812058365,0.2514839353007793,0.0,0.23672102933315325,0.0,0.32079113708037743,0.3044661235353459,0.32038787764564464,0.33261821584297263,0.0,0.22566712050071897,0.31382641748692286,0.3364503689033189,0.33019949206885885,0.3291806768376321,0.0,0.324826411369772
0.27213103232132907,0.28060419076869664,0.0,0.0,0.0,0.2802548485487323,0.2708111007168323,0.2890598458895024,0.0,0.2775925619535381,0.303475955375175,0.27419441542002077,0.30138479009033414,0.0,0.24729073959985218,0.2818799522678781,0.0,0.2782232720270715,0.1996067822930816,0.2802749281144799,0.0,0.2869105328946753,0.27689102425383805,0.31652600451837126,0.28319580485440476,0.26700695581166417,0.2819870873255648,0.29296809045320477,0.27411231145121867,0.0,0.2734684647180545,0.2851365905037604,0.25447024014088165,0.27825454940514055,0.3241231226352305,0.29953321510663417,0.0,0.26828825072800483,0.3118600598563537,0.3063851766945673,0.32528268775641894,0.3430170786639042,0.0,0.0,0.0,0.22653593841617756,0.3082808745592378,0.0,0.0,0.0,0.31636410273179283,0.0,0.3043764267749963,0.0,0.0,0.0,0.0,0.3035614465781979,0.0,0.315214603791194,0.2979232853136507,0.0,0.0,0.0,0.31724862317226604,0.2494564725472847,0.3218240372445611,0.3142831822727684,0.0,0.2615220134826744,0.32885168253052605,0.3263534156300324,0.32630793297173044,0.32058862941179644,0.3244422059134908,0.3050946953426878
0.27940001886862853,0.26734827191756577,0.0,0.34349881359051093,0.3124401546892026,0.279654142170265,0.32809289165871947,0.2765058433375413,0.30777900481349557,0.23439435095253097,0.0,0.22007584125109272,0.33154628583569795,0.0,0.24506432831157568,0.25909442386384407,0.2560758301547418,0.2708816302558607,0.0,0.2522250804863457,0.2869105328946753,0.0,0.28434111782802907,0.2563544157295798,0.27323555301949737,0.2746119292906049,0.2697938731426559,0.31076160260282,0.2761593739205075,0.28749468359805597,0.2755004141754657,0.2968666382291492,0.26218939127288304,0.29704006610769745,0.3366753007046945,0.3579643949526192,0.3172922112837333,0.0,0.32154972150157696,0.31106694405517715,0.32988852990599776,0.3302221234022491,0.33379423643471384,0.2236021621780757,0.0,0.28734124089648244,0.3077216696601321,0.0,0.0,0.0,0.29972411558791695,0.23530923499902315,0.3515077946079894,0.0,0.0,0.0,0.0,0.23994099086133067,0.0,0.3352110817053762,0.3082872493563819,0.22703248075069773,0.2705339539682275,0.0,0.32940644879481146,0.3146524037321336,0.32796156635436,0.3352536984776543,0.0,0.2820888946428499,0.334861108011554,0.3220588713409342,0.2574082251107753,0.33822393665836115,0.0,0.32845864780596096
0.32135965526500776,0.2929223288800198,0.23094497826248467,0.26697687496174705,0.25199480264189716,0.26613408440949177,0.2849815395605796,0.2373607154540768,0.26764815957523697,0.2893314970820859,0.19432635316770225,0.0,0.29313358623658614,0.25781176085100843,0.2292872030002948,0.2890295388060344,0.24390678890466191,0.3182614797964393,0.21241928596022328,0.19937152046925702,0.27689102425383805,0.28434111782802907,0.0,0.34914223147649753,0.31588220445961557,0.29888551633871774,0.23430986284531102,0.28109135099358346,0.2652410025333563,0.2622325068483394,0.27951033590756624,0.2685938500350694,0.2384333964478539,0.28764241878498287,0.3095550120010648,0.24509225042765817,0.30603206814722084,0.30113158912810023,0.35191680341951365,0.0,0.34417156643427566,0.3193186760428098,0.3373313636989422,0.3081678058110689,0.0,0.0,0.2833930357231329,0.24961316393411087,0.0,0.36381852546923893,0.35763582317723297,0.3553120386192522,0.3420962881802629,0.3699627970007244,0.0,0.2506476209535585,0.23865123683063827,0.35691455051626414,0.39508788693376623,0.3339630441222898,0.24124084547477062,0.0,0.0,0.2275692668489589,0.3371128667889807,0.3136436537073088,0.31927962495850193,0.35910079413976975,0.0,0.21361943601320976,0.2944445880761395,0.35637768451160884,0.3556040680752248,0.34216507062692825,0.3514812208779532,0.35723203063322073
0.24183632422761084,0.22805942243651925,0.0,0.0,0.23323698787822686,0.24111506158372098,0.2821732454213771,0.3593901076447599,0.2738617773970198,0.19851040995736502,0.292264744027314,0.19142549383950358,0.2730312574143118,0.2902045412770717,0.28826814784521604,0.241613207623873,0.22847774084192055,0.2399056300500396,0.2552239754785472,0.260375840625829,0.31652600451837126,0.2563544157295798,0.34914223147649753,0.0,0.24309407223269708,0.22861718388647728,0.29855721178366046,0.26895724225996326,0.2675042364463456,0.0,0.23323130790151778,0.20194435563293972,0.15589700016406915,0.17524379011804087,0.2102705879991793,0.0,0.0,0.1416672377260061,0.3025992121148667,0.26275537856578374,0.2510168583093721,0.36956902508583367,0.0,0.0,0.0,0.2922709973604341,0.2949195427600014,0.0,0.0,0.0,0.0,0.0,0.0,0.0,0.2750903722190723,0.0,0.26460217570910644,0.2823374081874535,0.0,0.0,0.2913792054200605,0.2954343916177914,0.29631511095364377,0.0,0.0,0.0,0.0,0.0,0.2614617217026923,0.30111303235887743,0.31134643256492794,0.0,0.2761133524039455,0.0,0.0,0.2821338742582265
0.2605716671672566,0.2600187558370342,0.1993502287986427,0.0,0.2618183564344306,0.2675744381023469,0.30628692453922457,0.33982983741833944,0.2607030526759386,0.23015983077903063,0.2609483803871768,0.24040422936572303,0.3080848246281548,0.0,0.2700236693737581,0.2620244553473428,0.23256109176098097,0.24361085845579253,0.0,0.2743324146469256,0.28319580485440476,0.27323555301949737,0.31588220445961557,0.24309407223269708,0.0,0.24620523455503943,0.2804604628601907,0.30232613333387065,0.28930629640283906,0.0,0.2532192767677164,0.2581348343426516,0.22324841334482992,0.23887554667273497,0.26179476976856236,0.2678455120311095,0.2383665877179371,0.20975535445312254,0.2955247681520886,0.28624931547524507,0.28469879403579884,0.3068750191473249,0.0,0.0,0.24326576821911128,0.2962299964682306,0.3020203498148044,0.0,0.0,0.0,0.21682391218578626,0.21891271078302574,0.0,0.0,0.29133514019399026,0.0,0.2908979195358999,0.244612403458449,0.0,0.28106636217926634,0.29715143527948873,0.2969786528263533,0.2887189576327643,0.0,0.2761623619281723,0.2785261699542682,0.2977041791836673,0.23821721224295048,0.29820626007277773,0.29365790381811685,0.30656857096529333,0.23108025401067572,0.255180050491329,0.2843774610380565,0.0,0.28044684351176746
0.2439557054068149,0.2616312075317556,0.21224263964680856,0.0,0.24667120624546962,0.2793082319174234,0.2903772833699782,0.33861685261940605,0.25078846278072653,0.2365019020959468,0.23314806389803483,0.2100939205610382,0.29839292640014753,0.3175371914701369,0.23985437470953683,0.27020232888774204,0.24663793079153987,0.2520357462885257,0.23795180831299895,0.28383213722890055,0.26700695581166417,0.2746119292906049,0.29888551633871774,0.22861718388647728,0.24620523455503943,0.0,0.294640929426999,0.30502372925540827,0.2830117707894271,0.22271298797012729,0.2562118804496034,0.27264285764782303,0.23627359675333587,0.256687959595908,0.28701604917651546,0.3221226522731948,0.0,0.20657341553673733,0.30286767709127604,0.29202521106009305,0.29585637935404746,0.32099228668851126,0.23379738800319885,0.0,0.25474899679120955,0.29146112408175007,0.30888564305155297,0.0,0.0,0.0,0.29047936058769586,0.22978257833009932,0.0,0.0,0.30658233881881203,0.0,0.3017979017596407,0.24151198382718891,0.0,0.3351584719792674,0.30011902702725185,0.30843784723160883,0.2964331689601696,0.0,0.32089700826207196,0.31084782981285775,0.3232257466534721,0.31705655743690836,0.3007145561836613,0.2992347553226527,0.31828895630411275,0.31225496722633467,0.2570197751408889,0.3024522713582931,0.0,0.29066278554195973
0.28830160069356514,0.27167994645250887,0.24528913659565751,0.28255257612413065,0.2562124743279663,0.2516547180663972,0.29294958357680806,0.29314127969425346,0.24630376565658493,0.28682154576506746,0.25873946199476067,0.2555718913744069,0.30516067578554457,0.3018951716644394,0.26375202801897785,0.28547028081243353,0.22866706669153844,0.28186865269687034,0.25247461457597836,0.2274920868947933,0.2819870873255648,0.2697938731426559,0.23430986284531102,0.29855721178366046,0.2804604628601907,0.294640929426999,0.0,0.28959163694587386,0.2328325856777986,0.2575172389931696,0.2622402208554138,0.2777783642246601,0.2439033184782892,0.2792031191075921,0.3080618263330045,0.2998388937481126,0.31777401800544425,0.25090548865583484,0.3546251699043541,0.28220209369320975,0.3561767720859367,0.30841419594385766,0.33466678996206606,0.26558408498973135,0.0,0.0,0.26179309701028525,0.38804960927057386,0.25161858284889516,0.34669900548831756,0.3600215582479571,0.35251113285141733,0.36595560284015566,0.3804669607820754,0.25254213460766906,0.3628990237870002,0.22236367983001862,0.3542562350018952,0.0,0.320140093883553,0.21618953840743893,0.0,0.0,0.37583486180280884,0.32549874677435914,0.28700090776052556,0.31006395508519186,0.36339750187584835,0.0,0.0,0.314419466515083,0.35545129161515515,0.35255117106183576,0.3327929721193464,0.0,0.34926572191074545
0.25722335672264074,0.3149933094613211,0.31859769335640475,0.18299571838375817,0.2852736641500781,0.27566157716687595,0.2559432064928694,0.28775074514712357,0.3217655120169505,0.28509200347113284,0.30982516188579823,0.27173614960569414,0.2511387400413476,0.18068885458307624,0.2852523700061467,0.32467817498826007,0.288283845901894,0.3164603387774648,0.31728973253049325,0.2764400981138612,0.29296809045320477,0.31076160260282,0.28109135099358346,0.26895724225996326,0.30232613333387065,0.30502372925540827,0.28959163694587386,0.0,0.2529053283259094,0.20378757455689153,0.27058987353290315,0.27052525857590703,0.2862791898679669,0.2774367047206547,0.26988197889739723,0.17955956483152788,0.20361245461516278,0.2780668276286615,0.28408084940495293,0.27068565160437036,0.26334454263298196,0.23348347689566076,0.26684720200720674,0.0,0.0,0.0,0.21943641266319988,0.29958086704329256,0.0,0.24629598335718705,0.3565987495078008,0.27005608680429316,0.33728256640172394,0.26650451737132247,0.2590953276904447,0.0,0.2536927046571483,0.2546641740446293,0.0,0.0,0.21342189923309832,0.0,0.0,0.0,0.0,0.0,0.2709867427056614,0.35421908385730344,0.0,0.23949152959139097,0.27927386763639545,0.350165366910071,0.3265525928551356,0.3433729538288336,0.0,0.32950593804814543
0.2940359180206802,0.29013512112230994,0.2566540124950947,0.26768823092357896,0.3025886462980438,0.2199238006286893,0.3093651556974638,0.2654563664535813,0.3259245442176364,0.2430024554546353,0.2560517417201807,0.24192672218834607,0.294174507093762,0.259626158089534,0.2751572472321183,0.30608193684124463,0.24013819275852513,0.30203178335603964,0.0,0.2236276781962203,0.27411231145121867,0.2761593739205075,0.2652410025333563,0.2675042364463456,0.28930629640283906,0.2830117707894271,0.2328325856777986,0.2529053283259094,0.0,0.23843678362171725,0.24941974727782026,0.2811435191071621,0.23852701312897062,0.28049927321930973,0.32015173273569497,0.3214366907409353,0.2995883909911679,0.0,0.33605325063613883,0.2435092928388741,0.33625457256734104,0.33003058980278976,0.29015538671375113,0.2518230600972301,0.29755089320369665,0.0,0.2792195815001664,0.31467951156490004,0.23873125406493934,0.2717389598748413,0.35387677230551845,0.28089350472839103,0.3195918061095813,0.27767267747006713,0.24278896297844266,0.31086465751701187,0.2599046095338003,0.3321695876049837,0.0,0.3178771884353099,0.2283777198982685,0.0,0.22068360035811393,0.3149104791989475,0.319679119739792,0.30614663269059994,0.3081472978382833,0.34568471586176397,0.0,0.21185474705055274,0.31143350145198284,0.3363702771818903,0.34242554441700745,0.32642436501265243,0.306147041556756,0.3336057592838316
0.0,0.0,0.28493504111873896,0.25782587375315086,0.0,0.28950323847408077,0.0,0.26026224825606603,0.2858704526041077,0.23654209175466565,0.0,0.0,0.2788176880298367,0.0,0.3096941487859207,0.289482551587896,0.20008202273849499,0.2675690898819977,0.0,0.2502243934841579,0.0,0.28749468359805597,0.2622325068483394,0.0,0.0,0.22271298797012729,0.2575172389931696,0.20378757455689153,0.23843678362171725,0.0,0.2262169779849482,0.2543485975798856,0.23573518270077407,0.2537812291999484,0.274916611586214,0.24446464129681283,0.2509269003674314,0.23512628902260932,0.3316524196551714,0.0,0.0,0.0,0.0,0.0,0.0,0.0,0.0,0.0,0.0,0.0,0.307451796577822,0.0,0.0,0.0,0.22554532722619344,0.0,0.0,0.0,0.0,0.0,0.0,0.0,0.0,0.0,0.0,0.0,0.0,0.34401202230330635,0.0,0.0,0.0,0.33923748119713343,0.30164368900420424,0.0,0.0,0.0
0.24727803201374055,0.2525866386230803,0.3225178261514739,0.23440029328617862,0.3098896157897895,0.3029801783252254,0.29333478630242216,0.2965850879909483,0.33377551742728967,0.23118072170122858,0.3279012350675255,0.22278193591990786,0.2919099612426775,0.32265328039912045,0.2823242452757633,0.2558498389235338,0.23354384264435235,0.24747977266973778,0.34320777580595074,0.25290027803899384,0.2734684647180545,0.2755004141754657,0.27951033590756624,0.23323130790151778,0.2532192767677164,0.2562118804496034,0.2622402208554138,0.27058987353290315,0.24941974727782026,0.2262169779849482,0.0,0.2603330490464957,0.22335277664528505,0.2130269305641245,0.20689973009573664,0.2886223759529539,0.27681054390592635,0.1942300491790927,0.2880020666973116,0.26221947770892196,0.2603107714579548,0.27970642865451006,0.0,0.0,0.22264267075851057,0.27323754086045404,0.29580137913408594,0.29777378223772627,0.0,0.0,0.35291278908374335,0.2501547957848971,0.3221834623145523,0.27008113626487845,0.24536263533080127,0.0,0.2579243822425668,0.24863556809147203,0.0,0.32200077941868244,0.2937487188015037,0.2812493386788079,0.2869933787874472,0.2841544821284567,0.31932734074218455,0.2821694510308876,0.30802483559549576,0.3525084143805532,0.2806240976657425,0.29378488077774323,0.3090769337857957,0.33830260759823594,0.3230801608021802,0.3250418136480498,0.0,0.2480310349422145
0.26898070487104486,0.2693469073638848,0.3034655296091925,0.21030208977986214,0.2802973583963273,0.28941579661016903,0.28134329811505876,0.26554926274753266,0.29985397281577114,0.22960393345548402,0.2642721816821557,0.1670478263082153,0.28296009800839844,0.2024470100503289,0.28607334852297045,0.28343375482063116,0.2583538578529892,0.2509782102828947,0.2786046374310415,0.2921534740549537,0.2851365905037604,0.2968666382291492,0.2685938500350694,0.20194435563293972,0.2581348343426516,0.27264285764782303,0.2777783642246601,0.27052525857590703,0.2811435191071621,0.2543485975798856,0.2603330490464957,0.0,0.216664299986915,0.24399989903437994,0.2422613470192169,0.1930976877178455,0.2245626716809063,0.172230511771096,0.1972793151572289,0.22575372755679196,0.2343753235485209,0.2289639655068547,0.21140764378961868,0.17709549494166094,0.0,0.27854820509704614,0.2990775326691657,0.35777898662351465,0.16911548274442964,0.29766941974298305,0.35035763549531823,0.2517396208161242,0.3302330750270162,0.33462238334696787,0.2287504679127457,0.28691681748862813,0.20405644089557595,0.29694679586206923,0.0,0.32335589410285653,0.286017158912516,0.26262255351436825,0.2835281214311684,0.3104141784523963,0.3253103317048669,0.30372817733107377,0.3161589970583683,0.35232785124132915,0.0,0.28548525441446476,0.31489668427656015,0.3506727879666039,0.22530048319125545,0.3343130161202658,0.0,0.34364872889222897
0.2307206925455936,0.24147532040745173,0.0,0.0,0.2544005979129132,0.2571226258755979,0.2828821063256017,0.23792062128009445,0.2876972251847552,0.19950442086681458,0.2878823293634669,0.17768818757352325,0.2910139248411877,0.0,0.2586490926577571,0.2531310302118378,0.23396878687146327,0.24056929310897765,0.26760157415891145,0.25831220496638313,0.25447024014088165,0.26218939127288304,0.2384333964478539,0.15589700016406915,0.22324841334482992,0.23627359675333587,0.2439033184782892,0.2862791898679669,0.23852701312897062,0.23573518270077407,0.22335277664528505,0.216664299986915,0.0,0.1849098031077963,0.28184529396025754,0.3132581693297257,0.24477078897159815,0.12873157276547248,0.24097182549903454,0.22877632133220582,0.24970603065992622,0.2585430817223901,0.0,0.0,0.1732251571280604,0.2820662707064217,0.2936816308396233,0.0,0.0,0.0,0.29675500714143327,0.0,0.0,0.0,0.2536117630103931,0.0,0.237454418936077,0.21423138724854265,0.0,0.31870185214222,0.2943931708547354,0.27840977432674385,0.2752149330876104,0.0,0.3058206196711963,0.2758769394143831,0.31671870107762956,0.3205634541962547,0.24889653007671372,0.284986297184191,0.30360519666597807,0.3263254841974538,0.22820670689360778,0.30478129070861343,0.0,0.25179650859785513
0.23546220927540093,0.25318579062583474,0.3270297916261538,0.2650832406148831,0.29141080528130736,0.28613939355271256,0.29228194831236265,0.2984194621938369,0.32568029989964625,0.19612570507580757,0.3144011684185729,0.16589531803925867,0.2966153842733902,0.0,0.29585421056189437,0.2637365088730701,0.23265505992703484,0.24460838879741775,0.33819660149571035,0.2917418438735678,0.27825454940514055,0.29704006610769745,0.28764241878498287,0.17524379011804087,0.23887554667273497,0.256687959595908,0.2792031191075921,0.2774367047206547,0.28049927321930973,0.2537812291999484,0.2130269305641245,0.24399989903437994,0.1849098031077963,0.0,0.24195348409436537,0.31797903464698674,0.2457002659896332,0.1439193483881762,0.2534580422303569,0.25106275950462137,0.25417855141089685,0.26600869417477335,0.22830419068951716,0.0,0.21730532705419914,0.2777138101685056,0.29671152906359366,0.2883041203784705,0.0,0.2676028623564011,0.317423701601816,0.19815739795416085,0.34536030821020003,0.0,0.2545323559588618,0.0,0.24182338741136536,0.22844911194845416,0.0,0.3299557738158658,0.2942107366774607,0.2759436582477754,0.28163928400874794,0.0,0.3246641979441553,0.28996458320304874,0.3173653837405911,0.3443885705700227,0.24042069865854396,0.2872724948017527,0.31078090608577513,0.33738994891835433,0.2450750369711528,0.3322208868457408,0.0,0.26916971972176124
0.26446919513035183,0.27651492423758434,0.3324213284752744,0.26656135000396175,0.30982277198284475,0.30733882229071424,0.28835746929775624,0.3198843809448054,0.3322877976486093,0.17937817288649646,0.29841257709950786,0.20238121738600343,0.29362972855978925,0.0,0.3280599904989678,0.301438166736066,0.24939479693364727,0.26746396031921715,0.32451476298882553,0.32896470289174523,0.3241231226352305,0.3366753007046945,0.3095550120010648,0.2102705879991793,0.26179476976856236,0.28701604917651546,0.3080618263330045,0.26988197889739723,0.32015173273569497,0.274916611586214,0.20689973009573664,0.2422613470192169,0.28184529396025754,0.24195348409436537,0.0,0.341936827619992,0.25428677240538533,0.17969643516357775,0.21910193454169022,0.2316204211899554,0.24180056597351388,0.25426054665267084,0.2273258011024825,0.21209474908885784,0.2005441287600155,0.3332677117909051,0.31178212763380564,0.23709996768709035,0.0,0.2882001663354978,0.30254888223904347,0.2170618235271255,0.32016545529336743,0.229201290458722,0.24549358843882857,0.25046916335375174,0.1817974529732638,0.2175453761370945,0.0,0.3462257016082401,0.29667077170985595,0.0,0.2870400263954562,0.0,0.31682434588820874,0.3328645687932677,0.33973503334478095,0.36362825427762857,0.0,0.2964869511262752,0.32850742897548335,0.33465758911263555,0.1987582312290136,0.3307806471182233,0.0,0.28713218654722755
0.0,0.25559435368539724,0.2780005934087823,0.14603360831922707,0.1625368418955887,0.301660410435289,0.2026542148199281,0.18603206419674032,0.3092068324011683,0.20272378302534283,0.21891064451496584,0.2418358420005689,0.24096162010174466,0.16102556452227795,0.35365815957117225,0.2674963690926391,0.0,0.30928949267064076,0.2529061608655786,0.34343013860800103,0.29953321510663417,0.3579643949526192,0.24509225042765817,0.0,0.2678455120311095,0.3221226522731948,0.2998388937481126,0.17955956483152788,0.3214366907409353,0.24446464129681283,0.2886223759529539,0.1930976877178455,0.3132581693297257,0.31797903464698674,0.341936827619992,0.0,0.17380193173546757,0.249472662649482,0.23197899741759376,0.0,0.2442425047023658,0.23288884543494515,0.0,0.19806079068836327,0.0,0.0,0.0,0.3414963351178068,0.0,0.31832838155554605,0.30692858402575185,0.3023669494394351,0.28989378375784697,0.33081605617439286,0.0,0.2941565503980248,0.0,0.0,0.0,0.2198808401979436,0.0,0.0,0.0,0.3238198815445788,0.0,0.0,0.0,0.33039443173289046,0.0,0.0,0.0,0.3374575852567896,0.25090399334456104,0.27244518524408634,0.0,0.2691053373634232
0.0,0.27407278437110927,0.312896028835032,0.1283128671936824,0.17888822024406964,0.3166483114798101,0.21714269282055204,0.27369830428267566,0.3282254265789348,0.21559033527743957,0.3146986389958993,0.23575185187152203,0.2557965853624574,0.12387010423120964,0.3107075021446102,0.2340118192782016,0.0,0.2290187214792178,0.31659125359426626,0.3089434997584113,0.0,0.3172922112837333,0.30603206814722084,0.0,0.2383665877179371,0.0,0.31777401800544425,0.20361245461516278,0.2995883909911679,0.2509269003674314,0.27681054390592635,0.2245626716809063,0.24477078897159815,0.2457002659896332,0.25428677240538533,0.17380193173546757,0.0,0.24922296516008427,0.1802649383217157,0.0,0.2257504477420256,0.22214292112944375,0.21394420916854304,0.0,0.0,0.0,0.0,0.0,0.0,0.0,0.0,0.0,0.0,0.0,0.0,0.0,0.0,0.0,0.0,0.0,0.0,0.0,0.0,0.0,0.0,0.0,0.0,0.30100628207523195,0.0,0.0,0.0,0.2649803727349611,0.17088690452276933,0.0,0.0,0.17279518845435057
0.2391991162001658,0.0,0.0,0.0,0.2807224234612221,0.2780973845768745,0.27328457631626596,0.272231812283905,0.32612133037339736,0.16835872491989035,0.29740806437575484,0.1357181903771137,0.2907124373863229,0.0,0.0,0.0,0.1959442522067489,0.0,0.28102878298843004,0.0,0.26828825072800483,0.0,0.30113158912810023,0.1416672377260061,0.20975535445312254,0.20657341553673733,0.25090548865583484,0.2780668276286615,0.0,0.23512628902260932,0.1942300491790927,0.172230511771096,0.12873157276547248,0.1439193483881762,0.17969643516357775,0.249472662649482,0.24922296516008427,0.0,0.22044140431592343,0.1687099272203846,0.22359481198730768,0.2388327505383352,0.0,0.0,0.0,0.0,0.0,0.0,0.0,0.0,0.0,0.0,0.0,0.0,0.20579624862199716,0.0,0.21339871297203974,0.25927899318486003,0.0,0.0,0.0,0.0,0.0,0.0,0.0,0.0,0.0,0.0,0.0,0.0,0.29069469066509174,0.0,0.24355145243755152,0.0,0.0,0.25242022603082864
0.29471998440888614,0.29713149105371106,0.3694927345189161,0.0,0.3065082404209337,0.3435745816083339,0.27591034487629224,0.33044959421463743,0.3661572859682295,0.25976681215520536,0.0,0.2866011483590439,0.2743995078340147,0.0,0.33151607020970414,0.2952392986975815,0.28994229294098134,0.2915619147006291,0.32932144074315356,0.3226965185407719,0.3118600598563537,0.32154972150157696,0.35191680341951365,0.3025992121148667,0.2955247681520886,0.30286767709127604,0.3546251699043541,0.28408084940495293,0.33605325063613883,0.3316524196551714,0.2880020666973116,0.1972793151572289,0.24097182549903454,0.2534580422303569,0.21910193454169022,0.23197899741759376,0.1802649383217157,0.22044140431592343,0.0,0.2167004402454035,0.24258854977449495,0.24853307325576024,0.20013252894648276,0.23185173461133948,0.17751716322365524,0.26512805409936696,0.25440819684707544,0.29401654898332363,0.19517110937372642,0.24602528367602206,0.2870149002850574,0.26349062556104125,0.2659062908277317,0.30637849804947187,0.24061639252949285,0.2610564973577464,0.17737435813409602,0.27980732377296086,0.20388434804113312,0.28777116490713084,0.273421648765637,0.2781955411575496,0.2724996622331647,0.2890090540213047,0.29374612331762195,0.27819592991037734,0.2811258765786602,0.28823656827051664,0.22706216579849225,0.2624691072927995,0.26738370670257977,0.2901225880248889,0.24768075215052307,0.2831461891266184,0.2782737119246512,0.2658459209698566
0.28346011526956744,0.2972878950873096,0.0,0.0,0.0,0.24263812838575388,0.0,0.0,0.24420359743386166,0.2412870410874,0.0,0.25325804917528766,0.28865732804083943,0.0,0.3237883281690519,0.28732421778734585,0.25151114541608677,0.27885028282080637,0.0,0.3002908401476555,0.3063851766945673,0.31106694405517715,0.0,0.26275537856578374,0.28624931547524507,0.29202521106009305,0.28220209369320975,0.27068565160437036,0.2435092928388741,0.0,0.26221947770892196,0.22575372755679196,0.22877632133220582,0.25106275950462137,0.2316204211899554,0.0,0.0,0.1687099272203846,0.2167004402454035,0.0,0.1946384476442539,0.28729198155416225,0.3101039118855854,0.0,0.12824736943834822,0.24382411296852996,0.2247431832255955,0.23653241251502752,0.0,0.0,0.2754231152173712,0.2829605457415115,0.26616777320679874,0.2834753479895152,0.20741747947115668,0.2773862556483327,0.18318643752014674,0.27111434651080435,0.0,0.2596740668620671,0.2475172986586919,0.23284940085603217,0.22467127782804724,0.0,0.2600067226798742,0.25090755065775455,0.25625369439179896,0.2746279374598117,0.18471512297780407,0.21899728191669457,0.23752629416276347,0.27588352180389314,0.21821866761909464,0.24464712755587958,0.24622910854311233,0.20973659558796734
0.2794408749137371,0.29945076060244663,0.2891178638655769,0.0,0.0,0.3174773016570289,0.2067723563681528,0.3615664704639158,0.22796543560972873,0.2301416057162638,0.24429197778788636,0.2337590424363525,0.2355504667357202,0.0,0.35122726671448673,0.29043914466276205,0.22495805845415182,0.2806024558732962,0.23737023592648251,0.3486154366360961,0.32528268775641894,0.32988852990599776,0.34417156643427566,0.2510168583093721,0.28469879403579884,0.29585637935404746,0.3561767720859367,0.26334454263298196,0.33625457256734104,0.0,0.2603107714579548,0.2343753235485209,0.24970603065992622,0.25417855141089685,0.24180056597351388,0.2442425047023658,0.2257504477420256,0.22359481198730768,0.24258854977449495,0.1946384476442539,0.0,0.28418399950250456,0.28470883215151693,0.22362547160346366,0.1623005961340444,0.24636994670661544,0.24494283215819365,0.3248427189550628,0.20112868169411005,0.29920943314530246,0.29520946373629536,0.2855878535060118,0.31063364176545244,0.32566928566717845,0.20855157144077316,0.3299754886963819,0.17852633631236603,0.2940235563826266,0.0,0.30632461567815494,0.26595522924896653,0.23399813775749348,0.23360680628840907,0.32514783301262085,0.3003145594454965,0.29879570853382675,0.2908796838205201,0.302995881643161,0.17202607615721136,0.23042557913632783,0.24996744957695954,0.29821420144291133,0.25117548558699326,0.2836235150263886,0.2640044861270771,0.18208033560618908
0.30092748800149055,0.3203754605017617,0.0,0.0,0.0,0.2682582577715245,0.22632605068285105,0.35696628738058495,0.21223306529425756,0.0,0.0,0.0,0.21948704931387594,0.0,0.3562880604460611,0.3131224008491597,0.0,0.3001684623552652,0.24918041520568118,0.3095484957314589,0.3430170786639042,0.3302221234022491,0.3193186760428098,0.36956902508583367,0.3068750191473249,0.32099228668851126,0.30841419594385766,0.23348347689566076,0.33003058980278976,0.0,0.27970642865451006,0.2289639655068547,0.2585430817223901,0.26600869417477335,0.25426054665267084,0.23288884543494515,0.22214292112944375,0.2388327505383352,0.24853307325576024,0.28729198155416225,0.28418399950250456,0.0,0.33711173520541743,0.24910990025125093,0.19969110573365997,0.29170637796655635,0.28569057408877097,0.319921809863324,0.22488826249069813,0.29666640934523103,0.30812174724246577,0.30477032557408695,0.31983187035844396,0.3175854903248243,0.24074578460998167,0.30523457597197406,0.21306984999941725,0.31048091940793177,0.0,0.3302704568842064,0.3104087245898616,0.27784146800961396,0.28231785825113226,0.3129667105047449,0.3302332052732086,0.3286894572528363,0.32631920021132654,0.3205274244658464,0.2868492994778049,0.2760507940964344,0.29419701272975773,0.3117734508004685,0.26033353255335706,0.3159056872104864,0.0,0.15646082855477217
0.0,0.29661787580012006,0.3502174378633481,0.0,0.0,0.33519930486576044,0.0,0.30675064899041216,0.34783234318585915,0.0,0.25275275034490824,0.0,0.31472756339400915,0.0,0.3459640201285173,0.0,0.0,0.0,0.31072163321571467,0.28552785112501733,0.0,0.33379423643471384,0.3373313636989422,0.0,0.0,0.23379738800319885,0.33466678996206606,0.26684720200720674,0.29015538671375113,0.0,0.0,0.21140764378961868,0.0,0.22830419068951716,0.2273258011024825,0.0,0.21394420916854304,0.0,0.20013252894648276,0.3101039118855854,0.28470883215151693,0.33711173520541743,0.0,0.16022673261935824,0.24970101069866363,0.3006269280354114,0.0,0.2719207464149969,0.1458672100718843,0.16751034685162228,0.2959989930538587,0.20565993241856523,0.22526629912385301,0.29519550615665663,0.28314601302010645,0.24587157554865294,0.2443611766653422,0.23419936048958634,0.16514462514099737,0.336176655220091,0.0,0.0,0.0,0.27355845454457894,0.3521868248224209,0.3268197237108917,0.347856373966118,0.2732978083278399,0.2669013876444136,0.24117477408649196,0.2893025022428345,0.3025832589957367,0.16115808361036102,0.3269004361052413,0.34187434793143184,0.2807083763364934
0.0,0.0,0.0,0.0,0.0,0.2399918815341014,0.0,0.0,0.20950423469696758,0.0,0.0,0.0,0.0,0.0,0.0,0.0,0.0,0.0,0.0,0.0,0.0,0.2236021621780757,0.3081678058110689,0.0,0.0,0.0,0.26558408498973135,0.0,0.2518230600972301,0.0,0.0,0.17709549494166094,0.0,0.0,0.21209474908885784,0.19806079068836327,0.0,0.0,0.23185173461133948,0.0,0.22362547160346366,0.24910990025125093,0.16022673261935824,0.0,0.20672298944859166,0.0,0.0,0.3097343464904294,0.13147158045361643,0.17238001191485755,0.3017388763044839,0.19932680065417235,0.2782712624343622,0.311630516673821,0.2883965782586379,0.29847483714364637,0.21565163754039493,0.22444652208061777,0.13973902266686283,0.0,0.0,0.0,0.0,0.30528297055221554,0.0,0.22977652350503497,0.0,0.302689697524033,0.0,0.0,0.24173322875992542,0.3026430906466179,0.17826198136740662,0.0,0.24297999492230102,0.27252117014338795
0.0,0.0,0.0,0.0,0.0,0.0,0.0,0.0,0.28161536699776435,0.20632827530620698,0.24659084872031495,0.20666159342518342,0.2779825959874858,0.0,0.0,0.0,0.1639242425122005,0.20656400002300643,0.0,0.0,0.0,0.0,0.0,0.0,0.24326576821911128,0.25474899679120955,0.0,0.0,0.29755089320369665,0.0,0.22264267075851057,0.0,0.1732251571280604,0.21730532705419914,0.2005441287600155,0.0,0.0,0.0,0.17751716322365524,0.12824736943834822,0.1623005961340444,0.19969110573365997,0.24970101069866363,0.20672298944859166,0.0,0.29665498583695604,0.0,0.2513292274056328,0.0,0.2672526854681729,0.2796001694071709,0.2581010925983955,0.0,0.28805499482426233,0.1854538968683706,0.2875395045886783,0.1402953287878734,0.27610352821755496,0.0,0.0,0.0,0.19710836303099663,0.0,0.29340796913401407,0.0,0.0,0.0,0.269394743884198,0.1524807379849346,0.20960880128626244,0.209741799967203,0.0,0.19034945611695853,0.0,0.0,0.18328761732681553
0.2446690655704224,0.29490925010729463,0.0,0.0,0.0,0.0,0.0,0.0,0.0,0.26025199752361355,0.0,0.24275720643350412,0.0,0.0,0.0,0.2934278175166921,0.2660149266845618,0.2909962108875805,0.0,0.0,0.22653593841617756,0.28734124089648244,0.0,0.2922709973604341,0.2962299964682306,0.29146112408175007,0.0,0.0,0.0,0.0,0.27323754086045404,0.27854820509704614,0.2820662707064217,0.2777138101685056,0.3332677117909051,0.0,0.0,0.0,0.26512805409936696,0.24382411296852996,0.24636994670661544,0.29170637796655635,0.3006269280354114,0.0,0.29665498583695604,0.0,0.2718239536716939,0.0,0.0,0.0,0.29833343993832795,0.2650142472521144,0.3313853121999835,0.0,0.24055716420940282,0.0,0.24377721428982838,0.3004912397733482,0.33339152771077685,0.2571119951062826,0.2731113240373351,0.25922691575919377,0.2552997490399669,0.0,0.29089395809682955,0.25656328401300027,0.2736572957422522,0.2987239553711053,0.2256283857581293,0.2607222386904198,0.2621917811158183,0.29406227084691255,0.30683746437645104,0.3026619123091868,0.0,0.23526332918660509
0.3009746449528272,0.30427878604458747,0.0,0.0,0.0,0.23411663982078507,0.232061369710712,0.0,0.0,0.23852911585054512,0.0,0.23654193787391903,0.21914227267892736,0.0,0.3105744898550447,0.30364552833533137,0.26429400161980565,0.29432654247647505,0.0,0.28612999488310314,0.3082808745592378,0.3077216696601321,0.2833930357231329,0.2949195427600014,0.3020203498148044,0.30888564305155297,0.26179309701028525,0.21943641266319988,0.2792195815001664,0.0,0.29580137913408594,0.2990775326691657,0.2936816308396233,0.29671152906359366,0.31178212763380564,0.0,0.0,0.0,0.25440819684707544,0.2247431832255955,0.24494283215819365,0.28569057408877097,0.0,0.0,0.0,0.2718239536716939,0.0,0.0,0.0,0.252770404177484,0.2904570060009624,0.2941628084113751,0.30147881763549084,0.2714083961754994,0.2448321437291491,0.0,0.0,0.3099202355035658,0.0,0.2649407842381786,0.27113806573004123,0.2728513144064515,0.2651465953502316,0.0,0.2767817667379573,0.2618238686573442,0.2662942812029539,0.2841533722940213,0.25343097062866793,0.2530382918847197,0.2656852267292777,0.2840389482333783,0.2933188442853732,0.2899066859236468,0.0,0.24131734142488398
0.0,0.0,0.20775382712569623,0.0,0.35455278309623367,0.3776057701912806,0.323678313199575,0.37427635100398465,0.3832031345007787,0.0,0.21653666982859412,0.0,0.32780658533604545,0.33123319249919647,0.0,0.0,0.0,0.0,0.3539064440388691,0.0,0.0,0.0,0.24961316393411087,0.0,0.0,0.0,0.38804960927057386,0.29958086704329256,0.31467951156490004,0.0,0.29777378223772627,0.35777898662351465,0.0,0.2883041203784705,0.23709996768709035,0.3414963351178068,0.0,0.0,0.29401654898332363,0.23653241251502752,0.3248427189550628,0.319921809863324,0.2719207464149969,0.3097343464904294,0.2513292274056328,0.0,0.0,0.0,0.29279495302103337,0.2734533026140463,0.27353976572429894,0.2969591491387365,0.29990495444586945,0.20761000173468655,0.27966524787798713,0.22869376718893641,0.24636145625213152,0.3097806172398721,0.280641245504592,0.0,0.0,0.24057522534383463,0.0,0.1793650893931553,0.0,0.0,0.0,0.22974791800651856,0.0,0.22509500271510466,0.2688896571888385,0.21373654975754544,0.31109803267523023,0.31130588801578396,0.0,0.32121509803880144
0.0,0.0,0.0,0.0,0.0,0.0,0.0,0.0,0.0,0.0,0.0,0.0,0.0,0.0,0.0,0.0,0.0,0.0,0.0,0.0,0.0,0.0,0.0,0.0,0.0,0.0,0.25161858284889516,0.0,0.23873125406493934,0.0,0.0,0.16911548274442964,0.0,0.0,0.0,0.0,0.0,0.0,0.19517110937372642,0.0,0.20112868169411005,0.22488826249069813,0.1458672100718843,0.13147158045361643,0.0,0.0,0.0,0.29279495302103337,0.0,0.17386236949026085,0.28626114413275144,0.17907084809060922,0.24269258787567333,0.2870053841917595,0.0,0.26621818737210406,0.0,0.20357837556552527,0.20277952719122783,0.0,0.0,0.0,0.0,0.2889469718527921,0.0,0.0,0.0,0.2723083199763258,0.0,0.0,0.0,0.2871254107592082,0.1624428070357592,0.0,0.0,0.22914035989765474
0.0,0.0,0.2679893038705041,0.0,0.0,0.3097887358245945,0.29075840099346534,0.36608009805041664,0.3419287862991761,0.0,0.30919243900264964,0.0,0.2762350313522935,0.0,0.0,0.0,0.0,0.0,0.35653958671426406,0.0,0.0,0.0,0.36381852546923893,0.0,0.0,0.0,0.34669900548831756,0.24629598335718705,0.2717389598748413,0.0,0.0,0.29766941974298305,0.0,0.2676028623564011,0.2882001663354978,0.31832838155554605,0.0,0.0,0.24602528367602206,0.0,0.29920943314530246,0.29666640934523103,0.16751034685162228,0.17238001191485755,0.2672526854681729,0.0,0.252770404177484,0.2734533026140463,0.17386236949026085,0.0,0.27269827444133743,0.24388363898402937,0.2737498293196862,0.24090258777395307,0.30638765392346395,0.22735976562853816,0.2604662408979967,0.27997335620881764,0.19916426024525477,0.0,0.25710902177706835,0.29321711571860365,0.29375889790992643,0.26403349083038663,0.0,0.0,0.2769166559585637,0.26659613116717856,0.0,0.2538967256034465,0.23239916404852393,0.280410409136203,0.2676815160043573,0.26905974617401984,0.0,0.3054079180232479
0.2626676935432467,0.2805156110167944,0.3844292586265382,0.0,0.33154623438916436,0.3603171631437914,0.3297410111886956,0.3389680147544047,0.3759590691810063,0.0,0.32109729183793057,0.0,0.36372884297608027,0.0,0.3229160041539099,0.2269249610188815,0.0,0.21631735249386774,0.361859469983827,0.31803379733483345,0.31636410273179283,0.29972411558791695,0.35763582317723297,0.0,0.21682391218578626,0.29047936058769586,0.3600215582479571,0.3565987495078008,0.35387677230551845,0.307451796577822,0.35291278908374335,0.35035763549531823,0.29675500714143327,0.317423701601816,0.30254888223904347,0.30692858402575185,0.0,0.0,0.2870149002850574,0.2754231152173712,0.29520946373629536,0.30812174724246577,0.2959989930538587,0.3017388763044839,0.2796001694071709,0.29833343993832795,0.2904570060009624,0.27353976572429894,0.28626114413275144,0.27269827444133743,0.0,0.2817524359674282,0.2811929935168017,0.23920910410554935,0.29412141519606866,0.290318251790864,0.27264156102453996,0.26996390307004353,0.30006494453700483,0.2842378365904908,0.31079158075641633,0.2863577393227866,0.30228618063455354,0.2648129574521245,0.27372010025910665,0.29227216949697565,0.2912374721783326,0.2763885725589671,0.2906017658978009,0.28588873650070196,0.28523890382775297,0.25632450631448356,0.2569666005765833,0.2385252063437084,0.28802929101062946,0.2876212665142922
0.0,0.23051654668847033,0.30713636551940177,0.0,0.0,0.35683214072398467,0.2839565832239446,0.33870876584439985,0.3466460029249136,0.2607659604366561,0.3110066327600052,0.2720949720231552,0.2579211705305751,0.0,0.2580675224268644,0.0,0.0,0.0,0.3459785369985033,0.2571487890184175,0.0,0.23530923499902315,0.3553120386192522,0.0,0.21891271078302574,0.22978257833009932,0.35251113285141733,0.27005608680429316,0.28089350472839103,0.0,0.2501547957848971,0.2517396208161242,0.0,0.19815739795416085,0.2170618235271255,0.3023669494394351,0.0,0.0,0.26349062556104125,0.2829605457415115,0.2855878535060118,0.30477032557408695,0.20565993241856523,0.19932680065417235,0.2581010925983955,0.2650142472521144,0.2941628084113751,0.2969591491387365,0.17907084809060922,0.24388363898402937,0.2817524359674282,0.0,0.2981287623082694,0.2669386015407623,0.3075036106899422,0.2868933344865001,0.2527427928163617,0.2610588939697551,0.22250407852749593,0.2633000865722425,0.3127440313771861,0.29015474523284235,0.29482579275284254,0.3021060393507299,0.30327221803968546,0.27945911483643593,0.30790880069793763,0.2874398838467409,0.27243253880530244,0.2891703185928511,0.2922868319764053,0.29156250531802036,0.2441692306411327,0.2872010125651666,0.0,0.2960945291304052
0.0,0.0,0.39048994141050825,0.0,0.33788273819091164,0.3575644687383238,0.29227169648868606,0.29091381738439775,0.3768092719555332,0.0,0.3033917729251208,0.0,0.3301637254752508,0.2986894201350083,0.3525773506300861,0.0,0.0,0.0,0.38171762661208086,0.32807464523111457,0.3043764267749963,0.3515077946079894,0.3420962881802629,0.0,0.0,0.0,0.36595560284015566,0.33728256640172394,0.3195918061095813,0.0,0.3221834623145523,0.3302330750270162,0.0,0.34536030821020003,0.32016545529336743,0.28989378375784697,0.0,0.0,0.2659062908277317,0.26616777320679874,0.31063364176545244,0.31983187035844396,0.22526629912385301,0.2782712624343622,0.0,0.3313853121999835,0.30147881763549084,0.29990495444586945,0.24269258787567333,0.2737498293196862,0.2811929935168017,0.2981287623082694,0.0,0.3102037977278543,0.2613549591388533,0.2499641303985589,0.2648173971984698,0.30711020877393463,0.27700599577055873,0.2618757688654565,0.2921280213063301,0.2241935576824317,0.28423622555382394,0.2838275871146492,0.27077969777263994,0.2839070668649838,0.25176187501831704,0.23919389053043594,0.3359357376967842,0.31773046446486014,0.3213801722766002,0.3004682353952936,0.30175477461752553,0.2754983209765045,0.2857429959218771,0.29976885411472465
0.0,0.0,0.3402271992168213,0.0,0.33066538068853996,0.37096124436364836,0.30545578113127253,0.35958059699757583,0.36659057365650327,0.2280034568014661,0.28674731570365175,0.0,0.29221704914147645,0.34229511508492144,0.0,0.0,0.0,0.0,0.3598099733453702,0.2576793185760059,0.0,0.0,0.3699627970007244,0.0,0.0,0.0,0.3804669607820754,0.26650451737132247,0.27767267747006713,0.0,0.27008113626487845,0.33462238334696787,0.0,0.0,0.229201290458722,0.33081605617439286,0.0,0.0,0.30637849804947187,0.2834753479895152,0.32566928566717845,0.3175854903248243,0.29519550615665663,0.311630516673821,0.28805499482426233,0.0,0.2714083961754994,0.20761000173468655,0.2870053841917595,0.24090258777395307,0.23920910410554935,0.2669386015407623,0.3102037977278543,0.0,0.32217276963548774,0.2228346257552222,0.2962467263607653,0.30192937141058906,0.2863627459589103,0.0,0.2420773545602826,0.24446082811602313,0.23638773889915943,0.18151507406606204,0.0,0.0,0.2696401602636216,0.2771982177833367,0.25086869247491433,0.23722919761417316,0.1891146819912261,0.2515772116651805,0.30784966889677146,0.26759662787976907,0.3132379448831092,0.3219557559844168
0.26637569717260523,0.23083346427866536,0.22550639414305124,0.0,0.0,0.0,0.0,0.0,0.0,0.28487762720539717,0.0,0.29103219595100704,0.2550532285730812,0.0,0.0,0.21706732794822686,0.28399311896304413,0.27052468578267913,0.0,0.22678587762657235,0.0,0.0,0.0,0.2750903722190723,0.29133514019399026,0.30658233881881203,0.25254213460766906,0.2590953276904447,0.24278896297844266,0.22554532722619344,0.24536263533080127,0.2287504679127457,0.2536117630103931,0.2545323559588618,0.24549358843882857,0.0,0.0,0.20579624862199716,0.24061639252949285,0.20741747947115668,0.20855157144077316,0.24074578460998167,0.28314601302010645,0.2883965782586379,0.1854538968683706,0.24055716420940282,0.2448321437291491,0.27966524787798713,0.0,0.30638765392346395,0.29412141519606866,0.3075036106899422,0.2613549591388533,0.32217276963548774,0.0,0.31701126309247524,0.20283913211460672,0.29746658274107834,0.3279430691035355,0.20011027885174065,0.2601718979573038,0.23736682379667637,0.2270485293771838,0.3201699302839895,0.2680624812790701,0.2270485873129558,0.2607297816656292,0.2873193716944201,0.22913533588641605,0.247279401108736,0.23677429289826502,0.26839739408546326,0.25126728546112354,0.2746835511266124,0.29880207797008096,0.2447294637215833
0.0,0.0,0.19936332033910098,0.0,0.0,0.3509413831889583,0.0,0.34787152458361026,0.3684994368830098,0.23970828656020798,0.173843418566616,0.0,0.0,0.3396416707000986,0.0,0.0,0.0,0.0,0.22521673665338296,0.0,0.0,0.0,0.2506476209535585,0.0,0.0,0.0,0.3628990237870002,0.0,0.31086465751701187,0.0,0.0,0.28691681748862813,0.0,0.0,0.25046916335375174,0.2941565503980248,0.0,0.0,0.2610564973577464,0.2773862556483327,0.3299754886963819,0.30523457597197406,0.24587157554865294,0.29847483714364637,0.2875395045886783,0.0,0.0,0.22869376718893641,0.26621818737210406,0.22735976562853816,0.290318251790864,0.2868933344865001,0.2499641303985589,0.2228346257552222,0.31701126309247524,0.0,0.2846239203741861,0.3075454574316074,0.21212450329960925,0.0,0.0,0.2892247301865868,0.0,0.1819067051065521,0.0,0.0,0.0,0.22689836000495092,0.28468600910852526,0.27782302783141394,0.26247830739058653,0.2679227271467455,0.30797173169772696,0.0,0.0,0.32414270738855344
0.0,0.0,0.0,0.0,0.0,0.26646055740613034,0.0,0.0,0.0,0.276259692616502,0.0,0.2887525774916448,0.25063573848233894,0.0,0.0,0.0,0.2607834407456344,0.26878555869425064,0.0,0.0,0.0,0.0,0.23865123683063827,0.26460217570910644,0.2908979195358999,0.3017979017596407,0.22236367983001862,0.2536927046571483,0.2599046095338003,0.0,0.2579243822425668,0.20405644089557595,0.237454418936077,0.24182338741136536,0.1817974529732638,0.0,0.0,0.21339871297203974,0.17737435813409602,0.18318643752014674,0.17852633631236603,0.21306984999941725,0.2443611766653422,0.21565163754039493,0.1402953287878734,0.24377721428982838,0.0,0.24636145625213152,0.0,0.2604662408979967,0.27264156102453996,0.2527427928163617,0.2648173971984698,0.2962467263607653,0.20283913211460672,0.2846239203741861,0.0,0.2632658908960854,0.0,0.0,0.0,0.2355873876227727,0.24555688240775259,0.25593087143153553,0.23590035978562887,0.2820234662136768,0.0,0.27038945095779365,0.20088546038201532,0.25222282465685064,0.19980676492922073,0.260842682135519,0.2094964561797835,0.0,0.0,0.22322005857102814
0.0,0.21615744195513545,0.30230724002830717,0.0,0.0,0.3554436237102458,0.25485223850896627,0.3428624196255886,0.3325582828655053,0.2569016008886798,0.2497570333548197,0.27130769080023265,0.2359138740058626,0.0,0.29207625167488305,0.23607168992895963,0.19748118510752258,0.0,0.3050501954842015,0.2893157420166167,0.3035614465781979,0.23994099086133067,0.35691455051626414,0.2823374081874535,0.244612403458449,0.24151198382718891,0.3542562350018952,0.2546641740446293,0.3321695876049837,0.0,0.24863556809147203,0.29694679586206923,0.21423138724854265,0.22844911194845416,0.2175453761370945,0.0,0.0,0.25927899318486003,0.27980732377296086,0.27111434651080435,0.2940235563826266,0.31048091940793177,0.23419936048958634,0.22444652208061777,0.27610352821755496,0.3004912397733482,0.3099202355035658,0.3097806172398721,0.20357837556552527,0.27997335620881764,0.26996390307004353,0.2610588939697551,0.30711020877393463,0.30192937141058906,0.29746658274107834,0.3075454574316074,0.2632658908960854,0.0,0.259618964904526,0.28136375111210976,0.3285416090247383,0.31587798165051084,0.3384846906632878,0.31607243926004125,0.29624949393388417,0.3050411448016283,0.3136273854227021,0.3018137408333945,0.26602544048847854,0.3030834818291829,0.3028551283497313,0.2982223410653005,0.25785625639351856,0.27324798362074376,0.2660955883999588,0.29008019807108915
0.0,0.0,0.3256268224982076,0.0,0.0,0.31149401873452565,0.0,0.0,0.3528013108204368,0.0,0.0,0.0,0.0,0.0,0.0,0.0,0.0,0.0,0.3735557334910027,0.0,0.0,0.0,0.39508788693376623,0.0,0.0,0.0,0.0,0.0,0.0,0.0,0.0,0.0,0.0,0.0,0.0,0.0,0.0,0.0,0.20388434804113312,0.0,0.0,0.0,0.16514462514099737,0.13973902266686283,0.0,0.33339152771077685,0.0,0.280641245504592,0.20277952719122783,0.19916426024525477,0.30006494453700483,0.22250407852749593,0.27700599577055873,0.2863627459589103,0.3279430691035355,0.21212450329960925,0.0,0.259618964904526,0.0,0.0,0.0,0.0,0.0,0.2606785980823256,0.0,0.3217624804039305,0.0,0.27801562781041766,0.31657231544481906,0.26149421832238284,0.2834414428981187,0.30126654394430663,0.18847768181668242,0.0,0.0,0.0
0.2545082247094505,0.3097001656245375,0.0,0.0,0.0,0.29008090449419094,0.0,0.34441475631666796,0.0,0.0,0.0,0.0,0.2511412403989493,0.0,0.3351362478579193,0.3101624005684542,0.0,0.0,0.0,0.3178503812058365,0.315214603791194,0.3352110817053762,0.3339630441222898,0.0,0.28106636217926634,0.3351584719792674,0.320140093883553,0.0,0.3178771884353099,0.0,0.32200077941868244,0.32335589410285653,0.31870185214222,0.3299557738158658,0.3462257016082401,0.2198808401979436,0.0,0.0,0.28777116490713084,0.2596740668620671,0.30632461567815494,0.3302704568842064,0.336176655220091,0.0,0.0,0.2571119951062826,0.2649407842381786,0.0,0.0,0.0,0.2842378365904908,0.2633000865722425,0.2618757688654565,0.0,0.20011027885174065,0.0,0.0,0.28136375111210976,0.0,0.0,0.268336012964082,0.20249660182055806,0.2463795677688907,0.0,0.2433044597899878,0.2524473659345631,0.23368102438394728,0.19391629295826127,0.303700420414948,0.2582674246875626,0.2396804270938237,0.23384683329596273,0.2781183410177934,0.28457103259680494,0.26395515811779957,0.2922194941647029
0.3020190770847948,0.3023510289483553,0.0,0.0,0.0,0.20174261087562154,0.0,0.0,0.0,0.24564827170809017,0.0,0.24386176302161483,0.21569129610923274,0.0,0.30697257723742033,0.29868155694312004,0.25792528865266623,0.2884677095418366,0.0,0.2514839353007793,0.2979232853136507,0.3082872493563819,0.24124084547477062,0.2913792054200605,0.29715143527948873,0.30011902702725185,0.21618953840743893,0.21342189923309832,0.2283777198982685,0.0,0.2937487188015037,0.286017158912516,0.2943931708547354,0.2942107366774607,0.29667077170985595,0.0,0.0,0.0,0.273421648765637,0.2475172986586919,0.26595522924896653,0.3104087245898616,0.0,0.0,0.0,0.2731113240373351,0.27113806573004123,0.0,0.0,0.25710902177706835,0.31079158075641633,0.3127440313771861,0.2921280213063301,0.2420773545602826,0.2601718979573038,0.0,0.0,0.3285416090247383,0.0,0.268336012964082,0.0,0.26263593886409436,0.23848679891396796,0.0,0.27874432412699723,0.25730472688473927,0.2576515926998795,0.2822405808132253,0.2639001411168002,0.25675592290717575,0.2684042362949342,0.302604084493853,0.3228994657451033,0.3015894843322134,0.0,0.23508151953449133
0.241038023587478,0.23484760996085596,0.0,0.0,0.0,0.0,0.0,0.0,0.0,0.3049004132052718,0.0,0.2941305352922815,0.0,0.0,0.23017064217674443,0.22153023279902168,0.2795919541022899,0.2870889601219511,0.0,0.0,0.0,0.22703248075069773,0.0,0.2954343916177914,0.2969786528263533,0.30843784723160883,0.0,0.0,0.0,0.0,0.2812493386788079,0.26262255351436825,0.27840977432674385,0.2759436582477754,0.0,0.0,0.0,0.0,0.2781955411575496,0.23284940085603217,0.23399813775749348,0.27784146800961396,0.0,0.0,0.19710836303099663,0.25922691575919377,0.2728513144064515,0.24057522534383463,0.0,0.29321711571860365,0.2863577393227866,0.29015474523284235,0.2241935576824317,0.24446082811602313,0.23736682379667637,0.2892247301865868,0.2355873876227727,0.31587798165051084,0.0,0.20249660182055806,0.26263593886409436,0.0,0.22471885984775905,0.23959271991445424,0.2786941477679491,0.23018721257145197,0.2777579718028216,0.21527825154221464,0.281915486206971,0.255420505216974,0.26298047315550327,0.2499273551552124,0.2818065064875845,0.2942026620266745,0.25805305605564627,0.24267224742472285
0.28818663792077587,0.28998679090376356,0.0,0.0,0.0,0.0,0.0,0.0,0.0,0.2798281778971788,0.0,0.28614118927203697,0.0,0.0,0.24089512521233383,0.2857325496538883,0.2736644644535853,0.2783299445086061,0.0,0.23672102933315325,0.0,0.2705339539682275,0.0,0.29631511095364377,0.2887189576327643,0.2964331689601696,0.0,0.0,0.22068360035811393,0.0,0.2869933787874472,0.2835281214311684,0.2752149330876104,0.28163928400874794,0.2870400263954562,0.0,0.0,0.0,0.2724996622331647,0.22467127782804724,0.23360680628840907,0.28231785825113226,0.0,0.0,0.0,0.2552997490399669,0.2651465953502316,0.0,0.0,0.29375889790992643,0.30228618063455354,0.29482579275284254,0.28423622555382394,0.23638773889915943,0.2270485293771838,0.0,0.24555688240775259,0.3384846906632878,0.0,0.2463795677688907,0.23848679891396796,0.22471885984775905,0.0,0.0,0.282784690939922,0.26407060751793027,0.27841765076218,0.27208631553747625,0.2593245682271362,0.23299440334039542,0.2508897742528484,0.3068656071655995,0.3074173150963285,0.29949148156472766,0.2742811489815738,0.2314359920652067
0.0,0.0,0.17138443718253663,0.0,0.3519454104794692,0.36279501776462947,0.3114969814663651,0.36270228856161624,0.3750133053497458,0.22758916657489375,0.13846113321149559,0.0,0.32088752604946075,0.0,0.0,0.0,0.0,0.0,0.254260284605182,0.0,0.0,0.0,0.2275692668489589,0.0,0.0,0.0,0.37583486180280884,0.0,0.3149104791989475,0.0,0.2841544821284567,0.3104141784523963,0.0,0.0,0.0,0.3238198815445788,0.0,0.0,0.2890090540213047,0.0,0.32514783301262085,0.3129667105047449,0.27355845454457894,0.30528297055221554,0.29340796913401407,0.0,0.0,0.1793650893931553,0.2889469718527921,0.26403349083038663,0.2648129574521245,0.3021060393507299,0.2838275871146492,0.18151507406606204,0.3201699302839895,0.1819067051065521,0.25593087143153553,0.31607243926004125,0.2606785980823256,0.0,0.0,0.23959271991445424,0.0,0.0,0.0,0.0,0.0,0.21664895296298362,0.24290501200729667,0.22305705961147834,0.2211901427122452,0.24810381509827154,0.3139079540669719,0.0,0.0,0.32697158112291136
0.0,0.30410533976103094,0.0,0.0,0.0,0.29752002637530794,0.2504996823087069,0.3592227618609697,0.0,0.0,0.0,0.0,0.282807315151364,0.0,0.33020809406762164,0.29472958776382363,0.0,0.2284021959100692,0.0,0.32079113708037743,0.31724862317226604,0.32940644879481146,0.3371128667889807,0.0,0.2761623619281723,0.32089700826207196,0.32549874677435914,0.0,0.319679119739792,0.0,0.31932734074218455,0.3253103317048669,0.3058206196711963,0.3246641979441553,0.31682434588820874,0.0,0.0,0.0,0.29374612331762195,0.2600067226798742,0.3003145594454965,0.3302332052732086,0.3521868248224209,0.0,0.0,0.29089395809682955,0.2767817667379573,0.0,0.0,0.0,0.27372010025910665,0.30327221803968546,0.27077969777263994,0.0,0.2680624812790701,0.0,0.23590035978562887,0.29624949393388417,0.0,0.2433044597899878,0.27874432412699723,0.2786941477679491,0.282784690939922,0.0,0.0,0.2873876904559072,0.25118305369674654,0.20533441777652556,0.31575593838988153,0.27646077910472505,0.2829262212972824,0.224775678710889,0.2836123385852022,0.23204037471532543,0.24851770929199532,0.26881275066175536
0.23453178752436857,0.29947623793445177,0.0,0.0,0.0,0.26980705370289415,0.0,0.3286421985696179,0.0,0.0,0.0,0.0,0.26393618227176435,0.2546321526076553,0.30937780510179913,0.2888022755655652,0.0,0.24617233008651684,0.0,0.3044661235353459,0.2494564725472847,0.3146524037321336,0.3136436537073088,0.0,0.2785261699542682,0.31084782981285775,0.28700090776052556,0.0,0.30614663269059994,0.0,0.2821694510308876,0.30372817733107377,0.2758769394143831,0.28996458320304874,0.3328645687932677,0.0,0.0,0.0,0.27819592991037734,0.25090755065775455,0.29879570853382675,0.3286894572528363,0.3268197237108917,0.22977652350503497,0.0,0.25656328401300027,0.2618238686573442,0.0,0.0,0.0,0.29227216949697565,0.27945911483643593,0.2839070668649838,0.0,0.2270485873129558,0.0,0.2820234662136768,0.3050411448016283,0.3217624804039305,0.2524473659345631,0.25730472688473927,0.23018721257145197,0.26407060751793027,0.0,0.2873876904559072,0.0,0.2925674747350352,0.25495460984891816,0.2815007452698857,0.2619009210556163,0.27077952722443754,0.27417984294552444,0.3014799992823507,0.2877140111373121,0.2631344999722301,0.2893823107988785
0.3076687877314055,0.3108731445277538,0.0,0.0,0.0,0.2833087574217879,0.2360116005186884,0.0,0.0,0.0,0.0,0.0,0.22939065561760277,0.0,0.3427450863805107,0.3116662459354085,0.2248586379198941,0.29395651490724606,0.0,0.32038787764564464,0.3218240372445611,0.32796156635436,0.31927962495850193,0.0,0.2977041791836673,0.3232257466534721,0.31006395508519186,0.2709867427056614,0.3081472978382833,0.0,0.30802483559549576,0.3161589970583683,0.31671870107762956,0.3173653837405911,0.33973503334478095,0.0,0.0,0.0,0.2811258765786602,0.25625369439179896,0.2908796838205201,0.32631920021132654,0.347856373966118,0.0,0.0,0.2736572957422522,0.2662942812029539,0.0,0.0,0.2769166559585637,0.2912374721783326,0.30790880069793763,0.25176187501831704,0.2696401602636216,0.2607297816656292,0.0,0.0,0.3136273854227021,0.0,0.23368102438394728,0.2576515926998795,0.2777579718028216,0.27841765076218,0.0,0.25118305369674654,0.2925674747350352,0.0,0.2830358592135774,0.0,0.2695904976557966,0.27719335051846233,0.28185756960546504,0.2859586053797205,0.2704819566693655,0.0,0.25934665416209385
0.0,0.29695508052585967,0.3853492335054529,0.0,0.3610153086855751,0.36369466833101044,0.3573913875944975,0.3445897953484838,0.3798312833315848,0.2568523489807796,0.3272972942432631,0.0,0.3577498619268231,0.3361883748857194,0.3319962797081148,0.25799137200674127,0.0,0.0,0.3702517421104703,0.33261821584297263,0.3142831822727684,0.3352536984776543,0.35910079413976975,0.0,0.23821721224295048,0.31705655743690836,0.36339750187584835,0.35421908385730344,0.34568471586176397,0.34401202230330635,0.3525084143805532,0.35232785124132915,0.3205634541962547,0.3443885705700227,0.36362825427762857,0.33039443173289046,0.30100628207523195,0.0,0.28823656827051664,0.2746279374598117,0.302995881643161,0.3205274244658464,0.2732978083278399,0.302689697524033,0.269394743884198,0.2987239553711053,0.2841533722940213,0.22974791800651856,0.2723083199763258,0.26659613116717856,0.2763885725589671,0.2874398838467409,0.23919389053043594,0.2771982177833367,0.2873193716944201,0.22689836000495092,0.27038945095779365,0.3018137408333945,0.27801562781041766,0.19391629295826127,0.2822405808132253,0.21527825154221464,0.27208631553747625,0.21664895296298362,0.20533441777652556,0.25495460984891816,0.2830358592135774,0.0,0.318417142730575,0.28233572901839965,0.29295963472072795,0.2366084220674665,0.3001275212562868,0.2838126014088157,0.2895208603306619,0.296430952888607
0.0,0.0,0.0,0.0,0.0,0.0,0.0,0.0,0.0,0.28031672911048233,0.0,0.27254835303689223,0.0,0.0,0.0,0.0,0.2805500178601041,0.2901340604000649,0.0,0.0,0.0,0.0,0.0,0.2614617217026923,0.29820626007277773,0.3007145561836613,0.0,0.0,0.0,0.0,0.2806240976657425,0.0,0.24889653007671372,0.24042069865854396,0.0,0.0,0.0,0.0,0.22706216579849225,0.18471512297780407,0.17202607615721136,0.2868492994778049,0.2669013876444136,0.0,0.1524807379849346,0.2256283857581293,0.25343097062866793,0.0,0.0,0.0,0.2906017658978009,0.27243253880530244,0.3359357376967842,0.25086869247491433,0.22913533588641605,0.28468600910852526,0.20088546038201532,0.26602544048847854,0.31657231544481906,0.303700420414948,0.2639001411168002,0.281915486206971,0.2593245682271362,0.24290501200729667,0.31575593838988153,0.2815007452698857,0.0,0.318417142730575,0.0,0.27270062653724003,0.24707551839045397,0.3065567626325456,0.23742906994955687,0.2885525574806688,0.0,0.2344734224569953
0.2926164818127273,0.29441039415956693,0.0,0.0,0.0,0.1982815863487244,0.0,0.0,0.0,0.3092867019468447,0.0,0.2983542358180171,0.2344037119050914,0.0,0.275338845066166,0.2919759790070913,0.28999254524368284,0.28357271638863996,0.0,0.22566712050071897,0.2615220134826744,0.2820888946428499,0.21361943601320976,0.30111303235887743,0.29365790381811685,0.2992347553226527,0.0,0.23949152959139097,0.21185474705055274,0.0,0.29378488077774323,0.28548525441446476,0.284986297184191,0.2872724948017527,0.2964869511262752,0.0,0.0,0.0,0.2624691072927995,0.21899728191669457,0.23042557913632783,0.2760507940964344,0.24117477408649196,0.0,0.20960880128626244,0.2607222386904198,0.2530382918847197,0.22509500271510466,0.0,0.2538967256034465,0.28588873650070196,0.2891703185928511,0.31773046446486014,0.23722919761417316,0.247279401108736,0.27782302783141394,0.25222282465685064,0.3030834818291829,0.26149421832238284,0.2582674246875626,0.25675592290717575,0.255420505216974,0.23299440334039542,0.22305705961147834,0.27646077910472505,0.2619009210556163,0.2695904976557966,0.28233572901839965,0.27270062653724003,0.0,0.24971087749966286,0.282574430293409,0.29351881620652703,0.2910505948217601,0.27363451592133825,0.23780292528674246
0.30442909830745457,0.31766840860294365,0.0,0.0,0.22608437375041468,0.2794526244513813,0.23087891231354876,0.0,0.0,0.3096794848798501,0.0,0.30914880469411016,0.2558865264298758,0.0,0.34138775707190544,0.3111420394102451,0.3022573201655822,0.2984816318080424,0.0,0.31382641748692286,0.32885168253052605,0.334861108011554,0.2944445880761395,0.31134643256492794,0.30656857096529333,0.31828895630411275,0.314419466515083,0.27927386763639545,0.31143350145198284,0.0,0.3090769337857957,0.31489668427656015,0.30360519666597807,0.31078090608577513,0.32850742897548335,0.0,0.0,0.29069469066509174,0.26738370670257977,0.23752629416276347,0.24996744957695954,0.29419701272975773,0.2893025022428345,0.24173322875992542,0.209741799967203,0.2621917811158183,0.2656852267292777,0.2688896571888385,0.0,0.23239916404852393,0.28523890382775297,0.2922868319764053,0.3213801722766002,0.1891146819912261,0.23677429289826502,0.26247830739058653,0.19980676492922073,0.3028551283497313,0.2834414428981187,0.2396804270938237,0.2684042362949342,0.26298047315550327,0.2508897742528484,0.2211901427122452,0.2829262212972824,0.27077952722443754,0.27719335051846233,0.29295963472072795,0.24707551839045397,0.24971087749966286,0.0,0.2960830240863175,0.2710964581912515,0.28685155522798916,0.0,0.2478534414949291
0.2849631701207511,0.2986310771356297,0.39996738136200716,0.0,0.3530808359207396,0.36266688755003174,0.35175703548359694,0.3562933653862286,0.38074009087372535,0.0,0.3116747787328603,0.0,0.36606306862250715,0.31957391732870954,0.3338011085337098,0.2692825934049484,0.0,0.23312754380004497,0.3858035548824375,0.3364503689033189,0.3263534156300324,0.3220588713409342,0.35637768451160884,0.0,0.23108025401067572,0.31225496722633467,0.35545129161515515,0.350165366910071,0.3363702771818903,0.33923748119713343,0.33830260759823594,0.3506727879666039,0.3263254841974538,0.33738994891835433,0.33465758911263555,0.3374575852567896,0.2649803727349611,0.0,0.2901225880248889,0.27588352180389314,0.29821420144291133,0.3117734508004685,0.3025832589957367,0.3026430906466179,0.0,0.29406227084691255,0.2840389482333783,0.21373654975754544,0.2871254107592082,0.280410409136203,0.25632450631448356,0.29156250531802036,0.3004682353952936,0.2515772116651805,0.26839739408546326,0.2679227271467455,0.260842682135519,0.2982223410653005,0.30126654394430663,0.23384683329596273,0.302604084493853,0.2499273551552124,0.3068656071655995,0.24810381509827154,0.224775678710889,0.27417984294552444,0.28185756960546504,0.2366084220674665,0.3065567626325456,0.282574430293409,0.2960830240863175,0.0,0.2979467268988759,0.24874591735298998,0.2803201455137325,0.2894232209062876
0.0,0.23625343405369872,0.2858863943881238,0.0,0.0,0.3610369642979866,0.26677695689930764,0.35254203624762603,0.3055271715238904,0.26688300479018734,0.24159962758035866,0.26562371815278235,0.25431391322481767,0.0,0.322105663051476,0.25127325866743805,0.21734069809276507,0.0,0.2837634988848905,0.33019949206885885,0.32630793297173044,0.2574082251107753,0.3556040680752248,0.2761133524039455,0.255180050491329,0.2570197751408889,0.35255117106183576,0.3265525928551356,0.34242554441700745,0.30164368900420424,0.3230801608021802,0.22530048319125545,0.22820670689360778,0.2450750369711528,0.1987582312290136,0.25090399334456104,0.17088690452276933,0.24355145243755152,0.24768075215052307,0.21821866761909464,0.25117548558699326,0.26033353255335706,0.16115808361036102,0.17826198136740662,0.19034945611695853,0.30683746437645104,0.2933188442853732,0.31109803267523023,0.1624428070357592,0.2676815160043573,0.2569666005765833,0.2441692306411327,0.30175477461752553,0.30784966889677146,0.25126728546112354,0.30797173169772696,0.2094964561797835,0.25785625639351856,0.18847768181668242,0.2781183410177934,0.3228994657451033,0.2818065064875845,0.3074173150963285,0.3139079540669719,0.2836123385852022,0.3014799992823507,0.2859586053797205,0.3001275212562868,0.23742906994955687,0.29351881620652703,0.2710964581912515,0.2979467268988759,0.0,0.2458989172412014,0.21862601728370953,0.25805168112290533
0.0,0.30616359166475454,0.0,0.0,0.0,0.330496545425743,0.2726326193054272,0.3475979331115361,0.27694637542368167,0.0,0.0,0.0,0.31750706715907323,0.0,0.32945907670257946,0.28816389333192666,0.0,0.22298183835757615,0.0,0.3291806768376321,0.32058862941179644,0.33822393665836115,0.34216507062692825,0.0,0.2843774610380565,0.3024522713582931,0.3327929721193464,0.3433729538288336,0.32642436501265243,0.0,0.3250418136480498,0.3343130161202658,0.30478129070861343,0.3322208868457408,0.3307806471182233,0.27244518524408634,0.0,0.0,0.2831461891266184,0.24464712755587958,0.2836235150263886,0.3159056872104864,0.3269004361052413,0.0,0.0,0.3026619123091868,0.2899066859236468,0.31130588801578396,0.0,0.26905974617401984,0.2385252063437084,0.2872010125651666,0.2754983209765045,0.26759662787976907,0.2746835511266124,0.0,0.0,0.27324798362074376,0.0,0.28457103259680494,0.3015894843322134,0.2942026620266745,0.29949148156472766,0.0,0.23204037471532543,0.2877140111373121,0.2704819566693655,0.2838126014088157,0.2885525574806688,0.2910505948217601,0.28685155522798916,0.24874591735298998,0.2458989172412014,0.0,0.20958540440574688,0.2567314472647966
0.0,0.0,0.0,0.0,0.0,0.0,0.0,0.0,0.0,0.0,0.0,0.0,0.0,0.0,0.0,0.0,0.0,0.0,0.0,0.0,0.3244422059134908,0.0,0.3514812208779532,0.0,0.0,0.0,0.0,0.0,0.306147041556756,0.0,0.0,0.0,0.0,0.0,0.0,0.0,0.0,0.0,0.2782737119246512,0.24622910854311233,0.2640044861270771,0.0,0.34187434793143184,0.24297999492230102,0.0,0.0,0.0,0.0,0.0,0.0,0.28802929101062946,0.0,0.2857429959218771,0.3132379448831092,0.29880207797008096,0.0,0.0,0.2660955883999588,0.0,0.26395515811779957,0.0,0.25805305605564627,0.2742811489815738,0.0,0.24851770929199532,0.2631344999722301,0.0,0.2895208603306619,0.0,0.27363451592133825,0.0,0.2803201455137325,0.21862601728370953,0.20958540440574688,0.0,0.23168677855288455
0.25194655629214496,0.28696164842977834,0.2952118704907677,0.0,0.0,0.35280868503867935,0.0,0.34764210778760013,0.28936495935949264,0.2612067784957816,0.0,0.2690163211101477,0.28907190469531097,0.0,0.33233298001729394,0.2773558786080145,0.23105397153418486,0.27360518778822834,0.0,0.324826411369772,0.3050946953426878,0.32845864780596096,0.35723203063322073,0.2821338742582265,0.28044684351176746,0.29066278554195973,0.34926572191074545,0.32950593804814543,0.3336057592838316,0.0,0.2480310349422145,0.34364872889222897,0.25179650859785513,0.26916971972176124,0.28713218654722755,0.2691053373634232,0.17279518845435057,0.25242022603082864,0.2658459209698566,0.20973659558796734,0.18208033560618908,0.15646082855477217,0.2807083763364934,0.27252117014338795,0.18328761732681553,0.23526332918660509,0.24131734142488398,0.32121509803880144,0.22914035989765474,0.3054079180232479,0.2876212665142922,0.2960945291304052,0.29976885411472465,0.3219557559844168,0.2447294637215833,0.32414270738855344,0.22322005857102814,0.29008019807108915,0.0,0.2922194941647029,0.23508151953449133,0.24267224742472285,0.2314359920652067,0.32697158112291136,0.26881275066175536,0.2893823107988785,0.25934665416209385,0.296430952888607,0.2344734224569953,0.23780292528674246,0.2478534414949291,0.2894232209062876,0.25805168112290533,0.2567314472647966,0.23168677855288455,0.0
