0.0,0.2896963370827809,0.4707492666527649,0.0,0.0,0.3037881286368889,0.0,0.3613202850270137,0.0,0.0,0.3465760501231385,0.0,0.3249134936743885,0.3486124478964052,0.28097724392653156,0.28166927497824545,0.0,0.27454051520383166,0.0,0.2773694806906488,0.32098997179166766,0.2935815091879525,0.34061803589474504,0.26210598697084425,0.2717545249555297,0.2534043418880848,0.30357001697025726,0.3132492335865342,0.3107582773896456,0.0,0.27886169512771797,0.3086563161833838,0.23401258747551335,0.2650342042173284,0.3021884069570821,0.3431065746938712,0.0,0.0,0.3170565433535389,0.2702095727739353,0.2826559814656575,0.33037510649621216,0.0,0.0,0.0,0.2928571666585613,0.31363094562233407,0.0,0.0,0.0,0.3907451558043424,0.0,0.2705403734273493,0.0,0.0,0.0,0.0,0.0,0.0,0.0,0.3047486744401717,0.0,0.2773040393691194,0.0,0.2818078132919994,0.2548777644242775,0.3090743193916286,0.0,0.0,0.28961883692160145,0.29891648357336786,0.0,0.0,0.3164516762516484,0.0,0.30127798752590756
0.2896963370827809,0.0,0.0,0.0,0.28732610623190336,0.27671911105036123,0.29110764968524944,0.0,0.0,0.0,0.0,0.0,0.29020232534435003,0.0,0.284594809024712,0.2756930336473803,0.0,0.28396935175635396,0.0,0.28987507445740723,0.29752478266666665,0.26517344787794667,0.27768411611869964,0.0,0.2620933074070397,0.26817641194416786,0.2892936080202934,0.29682881715288517,0.2907556014307173,0.0,0.266403697851207,0.3199635516824473,0.27981661651740136,0.27242234912220664,0.29938042832926204,0.0,0.0,0.0,0.3218812765173346,0.2976572591742097,0.30414344587146375,0.3297552302597871,0.0,0.0,0.0,0.3154795008281339,0.331520148810884,0.0,0.0,0.0,0.0,0.0,0.0,0.0,0.0,0.0,0.0,0.0,0.0,0.0,0.3186313032150083,0.0,0.3177945388869213,0.0,0.3197402834828444,0.0,0.33222337911407973,0.0,0.0,0.3082245093889647,0.31611815354318973,0.0,0.0,0.3259427413584053,0.0,0.30431573331104633
0.4707492666527649,0.0,0.0,0.2664271161612558,0.2557258024035109,0.2464619563891764,0.26291950432510985,0.26365001110653435,0.20224259424223653,0.0,0.21699412273990204,0.0,0.2625476277681048,0.21679383508061845,0.39106801078238224,0.0,0.0,0.0,0.19180053422999757,0.0,0.336624243120778,0.0,0.20890856162430738,0.0,0.0,0.0,0.20162475915472866,0.2670577980924376,0.25270250763208674,0.0,0.2703673381747548,0.25573530310887693,0.0,0.2766834371344358,0.26205729928903115,0.2369482803464626,0.2637949524903106,0.0,0.3327343297905717,0.0,0.0,0.0,0.2553114714840464,0.0,0.0,0.0,0.0,0.17204506665834804,0.0,0.3528278170540095,0.3107423199501566,0.36573073415174245,0.3351344301092594,0.3261147102126651,0.0,0.18496827603137397,0.0,0.3576258165333127,0.2791674562550053,0.0,0.0,0.0,0.0,0.145931263167117,0.0,0.0,0.0,0.3140920584883202,0.0,0.0,0.0,0.33760078435100627,0.35869733670206255,0.0,0.0,0.36953554451108883
0.0,0.0,0.2664271161612558,0.0,0.2216319689395315,0.24788843720825016,0.24403264826773044,0.23755284730202617,0.2486835766805301,0.0,0.21926912609273214,0.0,0.23332736636331225,0.2059614054972636,0.0,0.0,0.0,0.0,0.0,0.0,0.0,0.0,0.2456576886042109,0.0,0.0,0.0,0.24750547074474635,0.20561756613328988,0.0,0.0,0.2450863060734291,0.17235344502522054,0.19400022570293257,0.18293086489412846,0.19620973940680392,0.14215197591370732,0.14116360547357332,0.2008005888858634,0.0,0.0,0.0,0.0,0.0,0.0,0.0,0.0,0.0,0.0,0.0,0.0,0.0,0.0,0.0,0.0,0.0,0.0,0.0,0.0,0.0,0.0,0.0,0.0,0.0,0.0,0.0,0.0,0.0,0.0,0.0,0.0,0.0,0.0,0.0,0.0,0.0,0.0
0.0,0.28732610623190336,0.2557258024035109,0.2216319689395315,0.0,0.25546000860700246,0.2387675575476952,0.20634947506370407,0.24282647598900325,0.27902030441906955,0.2191450110599089,0.2645693902171363,0.2551698647067481,0.23476037748504253,0.2693688685771976,0.0,0.0,0.321727622996614,0.2232515648601386,0.2616468948756307,0.0,0.2780811041296163,0.23416357686345174,0.280507437978167,0.0,0.2998543563282595,0.2551834854462867,0.26110416492450034,0.25876377596387945,0.0,0.2567801982246048,0.2426234465268796,0.2783956972568779,0.2538487728920709,0.23013698073920796,0.18547236385617946,0.2246239103718675,0.24754292065338887,0.0,0.0,0.0,0.0,0.0,0.0,0.0,0.0,0.0,0.34545884481223366,0.0,0.0,0.33716436545312395,0.0,0.3024630781735236,0.3667427662510845,0.0,0.0,0.0,0.0,0.0,0.0,0.0,0.0,0.0,0.3335632033734124,0.0,0.0,0.0,0.31977283012595537,0.0,0.0,0.0,0.3327583825040873,0.0,0.0,0.0,0.0
0.3037881286368889,0.27671911105036123,0.2464619563891764,0.24788843720825016,0.25546000860700246,0.0,0.2653179763552032,0.24253264321874277,0.22023076682381626,0.286539014926526,0.24666028316456404,0.0,0.2472917261779761,0.2155711082798206,0.27731109699017104,0.28474030077625245,0.0,0.28754683032244305,0.23455129749517506,0.27868053418765215,0.2699065120134147,0.2879203599673294,0.23686885707347416,0.0,0.2770219994456374,0.28022574520634624,0.23799241903654125,0.2416222648170238,0.22726424517191585,0.24991665588579035,0.2704441082606665,0.26502500242959454,0.246664946053334,0.27396428782829957,0.28016522899549046,0.2502692689837475,0.2553035200207044,0.0,0.2810818073965397,0.3658169159901971,0.3076610633737949,0.3356703544515409,0.24865412322004588,0.0,0.0,0.0,0.0,0.3259124590760056,0.0,0.35131230823842896,0.3031597745364321,0.3248408810071171,0.2787158038591787,0.3218412436680677,0.0,0.28441523059300006,0.0,0.31640729974211956,0.0,0.30636287545561597,0.0,0.0,0.0,0.32120912366811327,0.3056280829555461,0.0,0.3320900940603435,0.30937897737771763,0.0,0.0,0.35424191647601044,0.3091621911660293,0.31199587441403703,0.2986616315119565,0.3258811387686897,0.3068900683096213
0.0,0.29110764968524944,0.26291950432510985,0.24403264826773044,0.2387675575476952,0.2653179763552032,0.0,0.22184309664246574,0.243117232088059,0.2755476817881031,0.24124324848179324,0.27087842016647967,0.22440569785703568,0.24470648799175018,0.28085822619907336,0.3033664660736204,0.0,0.3104729819270497,0.24471210255319178,0.2907707641591452,0.31381113547410205,0.30378218317192707,0.25159206524430805,0.25007667811948187,0.2896494353548068,0.29484688343622206,0.2627131643055692,0.25939150703268826,0.2935783536496791,0.0,0.2673502411099382,0.2688488671322501,0.0,0.27456380622749216,0.2829285181091298,0.2236734098858644,0.23209301576519606,0.2581790980687607,0.0,0.0,0.0,0.0,0.0,0.0,0.0,0.0,0.0,0.0,0.0,0.0,0.34053574798746805,0.0,0.0,0.0,0.0,0.0,0.0,0.0,0.0,0.0,0.0,0.0,0.0,0.0,0.0,0.0,0.0,0.3138238583769824,0.0,0.0,0.0,0.3320784671030507,0.0,0.0,0.0,0.0
0.3613202850270137,0.0,0.26365001110653435,0.23755284730202617,0.20634947506370407,0.24253264321874277,0.22184309664246574,0.0,0.26993989630317833,0.2567084210188012,0.17787437370268996,0.0,0.25397363376632176,0.20624113686263393,0.23388360554287932,0.34389317740836817,0.0,0.3436525868937622,0.22829330319056806,0.0,0.2526944764695362,0.2833855364271802,0.2259692043545448,0.36587301359159496,0.35683810004093547,0.34306249285984014,0.27280027809817625,0.2703131751450494,0.25695217950837884,0.257853008827521,0.25904064502674423,0.26454375359358834,0.0,0.2512793675736389,0.27767143824502044,0.1416148677300277,0.0,0.0,0.2590650955551524,0.2021048844276275,0.3077137971957336,0.0,0.18502163496398386,0.0,0.0,0.16970134482873642,0.0,0.3357896125529582,0.0,0.0,0.29831160099377213,0.0,0.17261289236834138,0.31738295578576237,0.0,0.26341994118214984,0.0,0.31664505904206786,0.23132370783751552,0.29139819998589117,0.0,0.0,0.0,0.30615679167825216,0.30039768144683154,0.17509268822423266,0.2772752411664475,0.28015468802336396,0.0,0.0,0.0,0.2997304806783027,0.30469360967114584,0.2778933657338019,0.0,0.30084920810779686
0.0,0.0,0.20224259424223653,0.2486835766805301,0.24282647598900325,0.22023076682381626,0.243117232088059,0.26993989630317833,0.0,0.2800010298028998,0.22111628585589202,0.0,0.2305663629001133,0.24801911598825876,0.0,0.0,0.0,0.0,0.15936481352942236,0.26163750406835623,0.0,0.2767619060151736,0.23666142356113826,0.0,0.0,0.2891218379881406,0.2424142195677275,0.25763514828198975,0.2506908708415217,0.25695691629218204,0.2521041153855124,0.24487081591453913,0.26537029633739073,0.26490962600120055,0.2702558398154865,0.2462801725516128,0.2540169233896423,0.27594394085458485,0.0,0.0,0.0,0.0,0.2557778756024858,0.0,0.0,0.0,0.0,0.3343042607385672,0.0,0.0,0.30842760417300286,0.3623758674183947,0.28258300920396945,0.3557197794773583,0.0,0.29517561296872263,0.0,0.0,0.2796020523848012,0.0,0.0,0.0,0.0,0.31682253284385004,0.0,0.0,0.0,0.31599158343239836,0.0,0.0,0.0,0.3132079468529957,0.0,0.0,0.0,0.0
0.0,0.0,0.0,0.0,0.27902030441906955,0.286539014926526,0.2755476817881031,0.2567084210188012,0.2800010298028998,0.0,0.2659840366440287,0.17591104506537417,0.27275999815295193,0.25287466383232177,0.0,0.0,0.2274766659194696,0.24487195405125234,0.27252600358927354,0.0,0.0,0.0,0.0,0.20343463154803415,0.23787553250188972,0.23748486393014218,0.0,0.2774624857379515,0.0,0.0,0.22392622563210857,0.2340899209903585,0.20108634572001724,0.21455874450511367,0.21840917260357928,0.22231401761687075,0.16652343713687637,0.1945384607512687,0.2457916493891009,0.19076827998014315,0.18925770058646002,0.2057937108878446,0.2306280026857029,0.0,0.17406077859472163,0.0,0.0,0.0,0.0,0.0,0.0,0.0,0.0,0.0,0.23037231865384375,0.0,0.2298614676166651,0.0,0.0,0.0,0.0,0.24718817417395475,0.2573778820410853,0.0,0.0,0.0,0.0,0.0,0.2461838810713116,0.2571447463772792,0.24942885370714885,0.0,0.2323445736827609,0.0,0.0,0.22821165010177172
0.3465760501231385,0.0,0.21699412273990204,0.21926912609273214,0.2191450110599089,0.24666028316456404,0.24124324848179324,0.17787437370268996,0.22111628585589202,0.2659840366440287,0.0,0.2546157664305324,0.24306235030125478,0.16103741637226066,0.0,0.0,0.0,0.0,0.1764153724511447,0.0,0.3071974269199987,0.0,0.1717103042235856,0.25907848667704153,0.0,0.0,0.257404957795969,0.24413703041948726,0.0,0.0,0.22832320038607007,0.2267861226344019,0.0,0.2519966962335559,0.2201216044807161,0.14225964169961544,0.24439022336502575,0.2518222541197719,0.0,0.0,0.0,0.0,0.1947740702843879,0.0,0.0,0.0,0.0,0.29185439352512227,0.0,0.0,0.0,0.0,0.26794037815566474,0.274304626544444,0.0,0.19255805630220024,0.0,0.0,0.2001463975859728,0.0,0.0,0.0,0.0,0.14871083961063478,0.0,0.0,0.0,0.3119831481184084,0.0,0.0,0.0,0.30470679751259094,0.0,0.0,0.0,0.0
0.0,0.0,0.0,0.0,0.2645693902171363,0.0,0.27087842016647967,0.0,0.0,0.17591104506537417,0.2546157664305324,0.0,0.2628877379042115,0.0,0.0,0.0,0.24680456961096897,0.2513464150997749,0.0,0.0,0.0,0.0,0.0,0.163894276582617,0.2527762350241748,0.2233672732798027,0.0,0.2569615073783883,0.0,0.0,0.22407526464652666,0.20785293517694314,0.1907137216261963,0.19232723875764185,0.22119253752960225,0.2327395317539695,0.218999932764855,0.15892962933474153,0.2048132847328387,0.2061847852413729,0.19733270889899282,0.2148597856239725,0.0,0.0,0.21592167971028164,0.0,0.0,0.0,0.0,0.0,0.0,0.0,0.0,0.0,0.23182866970795762,0.0,0.22389638098627396,0.0,0.0,0.0,0.0,0.2519360105544217,0.22776459137051802,0.0,0.0,0.0,0.0,0.0,0.2437591554202135,0.24609780059765476,0.24320928608234707,0.0,0.0,0.0,0.0,0.22561389486602573
0.3249134936743885,0.29020232534435003,0.2625476277681048,0.23332736636331225,0.2551698647067481,0.2472917261779761,0.22440569785703568,0.25397363376632176,0.2305663629001133,0.27275999815295193,0.24306235030125478,0.2628877379042115,0.0,0.251242775914094,0.2880185728554779,0.3075861762860557,0.2908720132213045,0.30046753089991146,0.24292863107261267,0.29489571017072963,0.29193014488806923,0.3076473906423048,0.2602627919785392,0.27195554534710087,0.28447196065721964,0.29659738608870234,0.26530087585412176,0.2392857336059735,0.28244984973256276,0.26377384930508047,0.26956372384964317,0.2612562370437354,0.250719236395132,0.2721790607865567,0.2699070595218507,0.226339084011046,0.24068214812986038,0.2499032957749871,0.31656351803279137,0.0,0.0,0.0,0.0,0.0,0.0,0.0,0.0,0.0,0.0,0.0,0.33108925696828656,0.0,0.2998017603154825,0.0,0.0,0.0,0.0,0.0,0.0,0.0,0.0,0.0,0.0,0.0,0.0,0.0,0.0,0.31422825765205226,0.0,0.0,0.0,0.32390505525559693,0.0,0.0,0.0,0.0
0.3486124478964052,0.0,0.21679383508061845,0.2059614054972636,0.23476037748504253,0.2155711082798206,0.24470648799175018,0.20624113686263393,0.24801911598825876,0.25287466383232177,0.16103741637226066,0.0,0.251242775914094,0.0,0.0,0.0,0.0,0.0,0.20879938376434834,0.0,0.2899008589768141,0.0,0.22600056491357157,0.0,0.0,0.35785722593219865,0.2491646448252291,0.2234542104286821,0.0,0.0,0.22426299820703763,0.1580145279823945,0.0,0.2153335142857784,0.0,0.14011639249880323,0.1448597010733226,0.0,0.0,0.0,0.0,0.0,0.15988433946387234,0.0,0.0,0.0,0.0,0.3061530844631102,0.0,0.0,0.0,0.0,0.23538199359303924,0.28202820151052904,0.0,0.22261305133952666,0.0,0.0,0.1963790977679496,0.0,0.0,0.0,0.0,0.0,0.0,0.0,0.0,0.2769041554457721,0.0,0.0,0.0,0.0,0.0,0.0,0.0,0.0
0.28097724392653156,0.284594809024712,0.39106801078238224,0.0,0.2693688685771976,0.27731109699017104,0.28085822619907336,0.23388360554287932,0.0,0.0,0.0,0.0,0.2880185728554779,0.0,0.0,0.2867503970005543,0.0,0.28357125108259623,0.0,0.2531849301321648,0.2449918036070843,0.25804890115771084,0.2537175525889035,0.0,0.2828122493296358,0.2550003714566903,0.2758521033396153,0.27519987210057056,0.28375658477948446,0.0,0.2893041191405409,0.293389989754638,0.24729407409941126,0.2891619579534206,0.3170594303926656,0.2889404686715293,0.3075158549451178,0.0,0.30861622908989234,0.26324135170603036,0.31653418668587807,0.3276218688065891,0.0,0.0,0.0,0.2274303499944736,0.3293357838151623,0.0,0.0,0.0,0.3051352453959163,0.0,0.24750606497796301,0.0,0.0,0.0,0.0,0.0,0.0,0.29380025150486366,0.0,0.0,0.0,0.0,0.2999373523432429,0.28968586639621563,0.3115444191501365,0.29705360371763057,0.0,0.0,0.3290678760318121,0.303806191336368,0.32168726392243824,0.2970185128267345,0.0,0.328866173600733
0.28166927497824545,0.2756930336473803,0.0,0.0,0.0,0.28474030077625245,0.3033664660736204,0.34389317740836817,0.0,0.0,0.0,0.0,0.3075861762860557,0.0,0.2867503970005543,0.0,0.27024508387965296,0.24592025538537268,0.0,0.27980412345322053,0.29570553622195916,0.2657131620484836,0.28815812660845735,0.26595725594414726,0.27062201460894086,0.2825347411903835,0.2931324797966959,0.30471987965339914,0.3048542257416927,0.30937235714852046,0.2654814961398496,0.3169329493872993,0.2595797653886289,0.2803582795044175,0.3071225816543919,0.0,0.0,0.0,0.31596446849903914,0.2812118900749482,0.2919305664235284,0.3160925310074115,0.0,0.0,0.0,0.31028458464925673,0.31713042768258887,0.0,0.0,0.0,0.0,0.0,0.0,0.0,0.0,0.0,0.0,0.0,0.0,0.32023942841837816,0.306676507336023,0.0,0.27576812205577445,0.0,0.3332156764290325,0.3325333882941592,0.3233026289663745,0.0,0.0,0.291332731827428,0.30706143885198794,0.0,0.0,0.35395382750576315,0.0,0.29219897610039064
0.0,0.0,0.0,0.0,0.0,0.0,0.0,0.0,0.0,0.2274766659194696,0.0,0.24680456961096897,0.2908720132213045,0.0,0.0,0.27024508387965296,0.0,0.22125567032560445,0.0,0.0,0.0,0.3027434341976841,0.0,0.23787385460631538,0.24309277474440016,0.2469057501319382,0.0,0.2906749234980617,0.0,0.0,0.2421540190433768,0.2942100894600027,0.2070714758562035,0.2506290728690856,0.27196430018844764,0.0,0.0,0.18530583283041008,0.2662484211453283,0.2188008703541839,0.2519332483926233,0.25386829836667346,0.0,0.0,0.0,0.0,0.0,0.0,0.0,0.0,0.0,0.0,0.0,0.0,0.24482066229496544,0.0,0.25716087100737167,0.0,0.0,0.0,0.0,0.25924145963587825,0.26117290464731213,0.0,0.0,0.0,0.0,0.0,0.2795415150639543,0.24574063227917295,0.26198308979464136,0.0,0.0,0.0,0.0,0.2738075802210006
0.27454051520383166,0.28396935175635396,0.0,0.0,0.321727622996614,0.28754683032244305,0.3104729819270497,0.3436525868937622,0.0,0.24487195405125234,0.0,0.2513464150997749,0.30046753089991146,0.0,0.28357125108259623,0.24592025538537268,0.22125567032560445,0.0,0.0,0.28802644444968367,0.2959610234625142,0.28880149418753875,0.3231795673824656,0.2423640603168617,0.24300735964476533,0.2625866260610865,0.2942542436639657,0.29860645330109237,0.3048304976717419,0.33465913186149027,0.2620299948521765,0.29559148721446377,0.21529597388248442,0.26941998294869934,0.2914554349783453,0.0,0.0,0.26276883384749466,0.2600766234550485,0.2397265190436444,0.23535871929693888,0.28540062179508663,0.0,0.0,0.0,0.29246196073418346,0.3021727018305694,0.0,0.0,0.0,0.0,0.0,0.0,0.0,0.2524470745696262,0.0,0.2501742286881595,0.0,0.0,0.0,0.2851184805451702,0.22628111208903534,0.2571640405444153,0.0,0.0,0.0,0.30650365679656977,0.0,0.28261582455921735,0.2650029830585646,0.26808539825076216,0.0,0.0,0.0,0.0,0.2574060261820432
0.0,0.0,0.19180053422999757,0.0,0.2232515648601386,0.23455129749517506,0.24471210255319178,0.22829330319056806,0.15936481352942236,0.27252600358927354,0.1764153724511447,0.0,0.24292863107261267,0.20879938376434834,0.0,0.0,0.0,0.0,0.0,0.0,0.0,0.0,0.1947458581648654,0.33142987986070066,0.0,0.0,0.24355183968958788,0.22929634157035694,0.0,0.0,0.2647015490719405,0.23418228912606007,0.0,0.26806542487124413,0.2385910810376972,0.21894159772124452,0.25417912249554836,0.0,0.0,0.0,0.0,0.0,0.2547871347692868,0.0,0.0,0.0,0.0,0.3145600480237973,0.0,0.3673848151113959,0.31522086419826484,0.0,0.2893469038421282,0.32570202684512894,0.0,0.25690426040368525,0.0,0.0,0.2699089235717986,0.0,0.0,0.0,0.0,0.3121572318930377,0.0,0.0,0.0,0.3211846611326812,0.0,0.0,0.0,0.3443065458804233,0.0,0.0,0.0,0.0
0.2773694806906488,0.28987507445740723,0.0,0.0,0.2616468948756307,0.27868053418765215,0.2907707641591452,0.0,0.26163750406835623,0.0,0.0,0.0,0.29489571017072963,0.0,0.2531849301321648,0.27980412345322053,0.0,0.28802644444968367,0.0,0.0,0.2818824794992899,0.2387680506111097,0.2125100511755532,0.0,0.28385845263586756,0.2905693301973934,0.24718286242869764,0.23224444176946124,0.24089759690753298,0.23369631747407668,0.25300305244470367,0.3043247914044886,0.25394623756223,0.28674796655153206,0.3206671381020245,0.32738271160760973,0.3279845220253364,0.0,0.30702886089987325,0.30577125630039254,0.32204354132376534,0.32951935679884947,0.0,0.0,0.0,0.3552729942812807,0.33333145986541757,0.0,0.0,0.0,0.31470705069360905,0.0,0.29139711704670235,0.0,0.0,0.0,0.0,0.0,0.0,0.3062568810442291,0.37450466507582214,0.0,0.0,0.0,0.3090212202182641,0.29533755032382947,0.32224141610773344,0.30974888883196444,0.0,0.0,0.32532689594010816,0.31132655966539147,0.0,0.31237654105188944,0.0,0.0
0.32098997179166766,0.29752478266666665,0.336624243120778,0.0,0.0,0.2699065120134147,0.31381113547410205,0.2526944764695362,0.0,0.0,0.3071974269199987,0.0,0.29193014488806923,0.2899008589768141,0.2449918036070843,0.29570553622195916,0.0,0.2959610234625142,0.0,0.2818824794992899,0.0,0.30350875416387396,0.25152904569221063,0.3617157716924507,0.3007909459238974,0.28860263206971287,0.27195072960669614,0.2874849478544058,0.2842075790279453,0.0,0.3151463524940887,0.29674470577154693,0.2424058365370234,0.2857092013315202,0.32346217043025044,0.2842481636925739,0.0,0.0,0.30427061971218405,0.2748401530770026,0.308933447891609,0.34332117530950124,0.0,0.0,0.0,0.2914018204426083,0.33508772090214456,0.0,0.0,0.0,0.3197517660124767,0.0,0.16290374941033123,0.0,0.0,0.0,0.0,0.0,0.0,0.28831711442609725,0.3258677705615632,0.0,0.0,0.0,0.2977702762343791,0.19421832860040986,0.32324232947584486,0.2734846424826205,0.0,0.30676789725985293,0.32472794419987944,0.2943606339616079,0.0,0.2671774689959465,0.0,0.0
0.2935815091879525,0.26517344787794667,0.0,0.0,0.2780811041296163,0.2879203599673294,0.30378218317192707,0.2833855364271802,0.2767619060151736,0.0,0.0,0.0,0.3076473906423048,0.0,0.25804890115771084,0.2657131620484836,0.3027434341976841,0.28880149418753875,0.0,0.2387680506111097,0.30350875416387396,0.0,0.2745649050510579,0.3267732558593856,0.2765090247955589,0.28644124922534775,0.2944338299257049,0.29039138435708733,0.28684314645402564,0.2793820632940855,0.2747944533392487,0.31028101695971194,0.2742018875766607,0.2926588297979641,0.32640339316212935,0.3359724210182181,0.3292176777465267,0.0,0.33080761431893874,0.3204163312556579,0.32636693855133864,0.33894747316807255,0.0,0.0,0.0,0.3111794202012168,0.34038772387935934,0.0,0.0,0.0,0.3339134915617915,0.0,0.29122123394570204,0.0,0.0,0.0,0.0,0.0,0.0,0.3169900429431595,0.3218205776145268,0.0,0.3310664261751665,0.0,0.3225110155163923,0.3336594722617474,0.34064408321834033,0.31052074697762894,0.0,0.305646845302655,0.3401902267500077,0.32332397612673863,0.0,0.3190023226831917,0.0,0.32201101897573686
0.34061803589474504,0.27768411611869964,0.20890856162430738,0.2456576886042109,0.23416357686345174,0.23686885707347416,0.25159206524430805,0.2259692043545448,0.23666142356113826,0.0,0.1717103042235856,0.0,0.2602627919785392,0.22600056491357157,0.2537175525889035,0.28815812660845735,0.0,0.3231795673824656,0.1947458581648654,0.2125100511755532,0.25152904569221063,0.2745649050510579,0.0,0.3565858510729126,0.3424159102527952,0.29382021890542276,0.20628199163320263,0.2606224640719656,0.25911576960460875,0.2501354814728216,0.26555433812147655,0.26525208028595093,0.24007577474835484,0.27624323980778287,0.29516780255626185,0.23024230102621104,0.2591490895187787,0.0,0.3023728019669973,0.24647533089707388,0.30123019342462476,0.3167324527240379,0.23477540750824977,0.35332658227784486,0.0,0.28459331176186853,0.0,0.3396617047623062,0.0,0.34303776473156505,0.31175996275691076,0.31602751980326066,0.2715304153020637,0.32610677209608974,0.0,0.2953612504146066,0.0,0.30949287737735914,0.2828114976247168,0.30127719781835727,0.0,0.0,0.0,0.31941460784930586,0.30985085819474145,0.27761010763248695,0.31310592550285765,0.30943184780738214,0.0,0.0,0.30818151540119565,0.314846394699235,0.30972533910628236,0.29941342328723364,0.31356618991289237,0.31381314974844177
0.26210598697084425,0.0,0.0,0.0,0.280507437978167,0.0,0.25007667811948187,0.36587301359159496,0.0,0.20343463154803415,0.25907848667704153,0.163894276582617,0.27195554534710087,0.0,0.0,0.26595725594414726,0.23787385460631538,0.2423640603168617,0.33142987986070066,0.0,0.3617157716924507,0.3267732558593856,0.3565858510729126,0.0,0.23546545218067821,0.2474713419766424,0.0,0.275393416555223,0.0,0.0,0.25502543867928434,0.2955185002970317,0.16531429676714535,0.20115537314243445,0.2842360050942971,0.24060185367300269,0.14092985740082767,0.1628548146372772,0.31880764751636836,0.25593421523123894,0.26969272201681926,0.2701935083741723,0.0,0.0,0.1417850662250144,0.3874570005708685,0.2782664127059934,0.0,0.0,0.0,0.0,0.0,0.0,0.0,0.24624188907236333,0.0,0.24149745249650428,0.0,0.0,0.0,0.3023502371939954,0.29708944639074125,0.30301443764031954,0.0,0.0,0.0,0.0,0.0,0.31873001274368246,0.30789272680822277,0.3195902142513746,0.0,0.0,0.5819261837432567,0.0,0.2818393649871611
0.2717545249555297,0.2620933074070397,0.0,0.0,0.0,0.2770219994456374,0.2896494353548068,0.35683810004093547,0.0,0.23787553250188972,0.0,0.2527762350241748,0.28447196065721964,0.0,0.2828122493296358,0.27062201460894086,0.24309277474440016,0.24300735964476533,0.0,0.28385845263586756,0.3007909459238974,0.2765090247955589,0.3424159102527952,0.23546545218067821,0.0,0.2539396183700139,0.27835661721880045,0.2863862252558602,0.28513460037917754,0.0,0.25620647707787425,0.28331799831009924,0.19752868114998132,0.24719353101052596,0.27400737705006734,0.0,0.0,0.19163410037579212,0.2841515517079487,0.25344990669244055,0.24514096879093858,0.2667757929162847,0.0,0.0,0.0,0.3006042117388045,0.3237296462451677,0.0,0.0,0.0,0.0,0.0,0.0,0.0,0.2474436603240659,0.0,0.24445128253842402,0.0,0.0,0.0,0.2945362335291999,0.25569336852827174,0.26011850989573304,0.0,0.3326323479448642,0.0,0.29999185016473007,0.0,0.27384515038655616,0.2698166937548366,0.27458455735291165,0.0,0.0,0.3280673686646172,0.0,0.265540559933147
0.2534043418880848,0.26817641194416786,0.0,0.0,0.2998543563282595,0.28022574520634624,0.29484688343622206,0.34306249285984014,0.2891218379881406,0.23748486393014218,0.0,0.2233672732798027,0.29659738608870234,0.35785722593219865,0.2550003714566903,0.2825347411903835,0.2469057501319382,0.2625866260610865,0.0,0.2905693301973934,0.28860263206971287,0.28644124922534775,0.29382021890542276,0.2474713419766424,0.2539396183700139,0.0,0.29205460873974476,0.2942083976288504,0.29318055851500396,0.0,0.2759157060558866,0.3049001679177079,0.23106263399512253,0.2706719092027518,0.30865252262166076,0.0,0.0,0.21595420065522714,0.31535160962851577,0.27532156824327597,0.2854726182108793,0.2998167851811018,0.0,0.0,0.0,0.3021075188971383,0.3372003427500021,0.0,0.0,0.0,0.35616180471744757,0.0,0.30132079288793867,0.0,0.2594054325498331,0.0,0.2582000170151014,0.0,0.0,0.3249940416600455,0.3159875879107139,0.25851302611027427,0.27166660918755065,0.0,0.3259328986731284,0.3400685236300144,0.33963681329388096,0.3128700312964529,0.2765188825079701,0.27693744270286297,0.3088932624045994,0.3210343580171146,0.0,0.3371804235598293,0.0,0.27779678543648195
0.30357001697025726,0.2892936080202934,0.20162475915472866,0.24750547074474635,0.2551834854462867,0.23799241903654125,0.2627131643055692,0.27280027809817625,0.2424142195677275,0.0,0.257404957795969,0.0,0.26530087585412176,0.2491646448252291,0.2758521033396153,0.2931324797966959,0.0,0.2942542436639657,0.24355183968958788,0.24718286242869764,0.27195072960669614,0.2944338299257049,0.20628199163320263,0.0,0.27835661721880045,0.29205460873974476,0.0,0.26818856759407766,0.25685228166138624,0.25830323928546706,0.2743333635408834,0.27812732151277075,0.2490225275311553,0.28504117565286174,0.30453241503353606,0.26685344654717136,0.2575823576478003,0.0,0.3048326674788347,0.2808427048135394,0.3194837072755428,0.3193697291502486,0.25501355765349487,0.0,0.0,0.0,0.0,0.34348043950879803,0.0,0.35769075080171137,0.3115965131612568,0.3302097277937603,0.3039271304896346,0.336276785408574,0.0,0.3050767192733787,0.0,0.3231671202617344,0.2987512790245163,0.30415942527235196,0.0,0.0,0.0,0.3421531996138919,0.31175865120823176,0.28379742205118175,0.3141294921267364,0.3198475626129112,0.0,0.0,0.3247203652083291,0.319293663016808,0.3162884676569629,0.3079486395415048,0.307845494163617,0.31724216633418706
0.3132492335865342,0.29682881715288517,0.2670577980924376,0.20561756613328988,0.26110416492450034,0.2416222648170238,0.25939150703268826,0.2703131751450494,0.25763514828198975,0.2774624857379515,0.24413703041948726,0.2569615073783883,0.2392857336059735,0.2234542104286821,0.27519987210057056,0.30471987965339914,0.2906749234980617,0.29860645330109237,0.22929634157035694,0.23224444176946124,0.2874849478544058,0.29039138435708733,0.2606224640719656,0.275393416555223,0.2863862252558602,0.2942083976288504,0.26818856759407766,0.0,0.21952550464207218,0.22213673940056206,0.25672410152403186,0.2722221642367007,0.0,0.26763921823285197,0.25325608816544265,0.208200879092213,0.22718783763433467,0.23185147613152143,0.3032961731084779,0.0,0.0,0.0,0.0,0.0,0.0,0.0,0.0,0.0,0.0,0.0,0.31419195481160095,0.0,0.3007780181814602,0.0,0.0,0.0,0.0,0.3579561722798726,0.0,0.3136450578463441,0.0,0.0,0.0,0.0,0.3076225482842823,0.0,0.3529429469187628,0.3113183540402663,0.0,0.0,0.0,0.31065245136409186,0.32031947583009074,0.30804249385774296,0.0,0.3399329437159366
0.3107582773896456,0.2907556014307173,0.25270250763208674,0.0,0.25876377596387945,0.22726424517191585,0.2935783536496791,0.25695217950837884,0.2506908708415217,0.0,0.0,0.0,0.28244984973256276,0.0,0.28375658477948446,0.3048542257416927,0.0,0.3048304976717419,0.0,0.24089759690753298,0.2842075790279453,0.28684314645402564,0.25911576960460875,0.0,0.28513460037917754,0.29318055851500396,0.25685228166138624,0.21952550464207218,0.0,0.21305300889695147,0.2575282890364299,0.3044613766583774,0.2638945357682021,0.2827673818417321,0.31867933840384677,0.32475777823602536,0.2948052336342781,0.0,0.300042237054445,0.33443777737272984,0.3233169929934643,0.0,0.0,0.0,0.0,0.38264225184602546,0.33660945654881186,0.0,0.0,0.0,0.30875255687874836,0.0,0.28964356067416086,0.0,0.0,0.0,0.0,0.0,0.0,0.3019534273886666,0.0,0.0,0.0,0.0,0.3052412711937566,0.27264040558175295,0.31717819272732256,0.30224755762760824,0.0,0.0,0.3377373422755886,0.3042247980313255,0.31247867744600344,0.3015369737978446,0.33305871689785604,0.3165647366447683
0.0,0.0,0.0,0.0,0.0,0.24991665588579035,0.0,0.257853008827521,0.25695691629218204,0.0,0.0,0.0,0.26377384930508047,0.0,0.0,0.30937235714852046,0.0,0.33465913186149027,0.0,0.23369631747407668,0.0,0.2793820632940855,0.2501354814728216,0.0,0.0,0.0,0.25830323928546706,0.22213673940056206,0.21305300889695147,0.0,0.20688606120810424,0.2734184315228207,0.0,0.2395441609553658,0.26787723339761843,0.30568102288936494,0.2970363842819211,0.0,0.2964576528656371,0.0,0.0,0.0,0.0,0.0,0.0,0.0,0.0,0.0,0.0,0.0,0.0,0.0,0.0,0.0,0.0,0.0,0.0,0.0,0.0,0.0,0.0,0.0,0.0,0.0,0.0,0.0,0.0,0.2975799665160218,0.0,0.0,0.0,0.30972210702291386,0.0,0.0,0.0,0.0
0.27886169512771797,0.266403697851207,0.2703673381747548,0.2450863060734291,0.2567801982246048,0.2704441082606665,0.2673502411099382,0.25904064502674423,0.2521041153855124,0.22392622563210857,0.22832320038607007,0.22407526464652666,0.26956372384964317,0.22426299820703763,0.2893041191405409,0.2654814961398496,0.2421540190433768,0.2620299948521765,0.2647015490719405,0.25300305244470367,0.3151463524940887,0.2747944533392487,0.26555433812147655,0.25502543867928434,0.25620647707787425,0.2759157060558866,0.2743333635408834,0.25672410152403186,0.2575282890364299,0.20688606120810424,0.0,0.30460774423000614,0.22926678160664288,0.20320208048668795,0.24792917214804766,0.2545048717419845,0.22587173784987485,0.20368408949700284,0.3114880799504768,0.2730262492601079,0.29841156783943046,0.3217202380931357,0.29596845010294304,0.0,0.0,0.3038389948931258,0.3329280082126335,0.0,0.0,0.0,0.31984974203444144,0.0,0.2811715461474312,0.0,0.2545111701172631,0.0,0.23686924312194138,0.0,0.0,0.28410323101343077,0.3121481155858721,0.26078676713426696,0.2713326125653206,0.0,0.31594750999831606,0.30887215442639226,0.3316278778259392,0.2927782841957965,0.24736111108129719,0.27962168696041717,0.3167721748932203,0.31112696075155577,0.33300727598313007,0.31696109495316677,0.0,0.30682525115933706
0.3086563161833838,0.3199635516824473,0.25573530310887693,0.17235344502522054,0.2426234465268796,0.26502500242959454,0.2688488671322501,0.26454375359358834,0.24487081591453913,0.2340899209903585,0.2267861226344019,0.20785293517694314,0.2612562370437354,0.1580145279823945,0.293389989754638,0.3169329493872993,0.2942100894600027,0.29559148721446377,0.23418228912606007,0.3043247914044886,0.29674470577154693,0.31028101695971194,0.26525208028595093,0.2955185002970317,0.28331799831009924,0.3049001679177079,0.27812732151277075,0.2722221642367007,0.3044613766583774,0.2734184315228207,0.30460774423000614,0.0,0.25088308829995504,0.26155515381069777,0.32829672887250383,0.18501815320067494,0.20442129641431686,0.1975778693078029,0.27181530790913755,0.2648946363983454,0.2900118327710713,0.3230478595094555,0.0,0.0,0.22431860837792736,0.3186217441232934,0.3332290309393419,0.0,0.0,0.0,0.28573387528693717,0.0,0.25423601152592806,0.0,0.2672709729613187,0.0,0.0,0.312768767077502,0.0,0.3061408249828247,0.3140167850468598,0.2826459182031158,0.2816487529133842,0.0,0.3098414608617703,0.29206750813784593,0.32684465806424073,0.2900128990857253,0.2885105086852323,0.2949735088573571,0.3187833833944211,0.292037100895219,0.30308649381703645,0.29563131704684714,0.3113760269015337,0.2814055226309009
0.23401258747551335,0.27981661651740136,0.0,0.19400022570293257,0.2783956972568779,0.246664946053334,0.0,0.0,0.26537029633739073,0.20108634572001724,0.0,0.1907137216261963,0.250719236395132,0.0,0.24729407409941126,0.2595797653886289,0.2070714758562035,0.21529597388248442,0.0,0.25394623756223,0.2424058365370234,0.2742018875766607,0.24007577474835484,0.16531429676714535,0.19752868114998132,0.23106263399512253,0.2490225275311553,0.0,0.2638945357682021,0.0,0.22926678160664288,0.25088308829995504,0.0,0.18883773393866435,0.3027509801109155,0.20055167375273605,0.2009249566168839,0.16031453458291614,0.20755026381716932,0.20463913838776687,0.22992554131562856,0.2562622273596218,0.0,0.0,0.162937123470954,0.2563127898567505,0.31198809935211463,0.0,0.0,0.0,0.0,0.0,0.0,0.0,0.19541091023688084,0.0,0.19413875240565037,0.0,0.0,0.28888992377292144,0.2803247713207353,0.2074818906703039,0.25063619102209106,0.0,0.315318011026619,0.30034018073689067,0.3230981675200776,0.26990001821556503,0.20438815649663394,0.24777457390044783,0.26193356662825856,0.2648674617289639,0.0,0.326863334790022,0.0,0.24046563327085618
0.2650342042173284,0.27242234912220664,0.2766834371344358,0.18293086489412846,0.2538487728920709,0.27396428782829957,0.27456380622749216,0.2512793675736389,0.26490962600120055,0.21455874450511367,0.2519966962335559,0.19232723875764185,0.2721790607865567,0.2153335142857784,0.2891619579534206,0.2803582795044175,0.2506290728690856,0.26941998294869934,0.26806542487124413,0.28674796655153206,0.2857092013315202,0.2926588297979641,0.27624323980778287,0.20115537314243445,0.24719353101052596,0.2706719092027518,0.28504117565286174,0.26763921823285197,0.2827673818417321,0.2395441609553658,0.20320208048668795,0.26155515381069777,0.18883773393866435,0.0,0.18680958819012627,0.2105603682229142,0.17261886768858667,0.16473300325436593,0.27920057220499606,0.25253459288704766,0.26815888320548,0.32094473131760687,0.28611796158076014,0.0,0.24969018214084907,0.29423377200307527,0.3218835595406138,0.0,0.0,0.0,0.3176539968559557,0.0,0.2940393864540688,0.0,0.21429429775325706,0.0,0.2143550427864937,0.0,0.0,0.30878219997022777,0.2968277125546994,0.2470452048294158,0.263986047895063,0.0,0.30472360573576845,0.3079644084408875,0.32834756400449244,0.29453592141828144,0.23132668153617114,0.26295941351719326,0.29803905559549615,0.30032120893578756,0.31701606901903806,0.31152511939874994,0.0,0.2814282965458927
0.3021884069570821,0.29938042832926204,0.26205729928903115,0.19620973940680392,0.23013698073920796,0.28016522899549046,0.2829285181091298,0.27767143824502044,0.2702558398154865,0.21840917260357928,0.2201216044807161,0.22119253752960225,0.2699070595218507,0.0,0.3170594303926656,0.3071225816543919,0.27196430018844764,0.2914554349783453,0.2385910810376972,0.3206671381020245,0.32346217043025044,0.32640339316212935,0.29516780255626185,0.2842360050942971,0.27400737705006734,0.30865252262166076,0.30453241503353606,0.25325608816544265,0.31867933840384677,0.26787723339761843,0.24792917214804766,0.32829672887250383,0.3027509801109155,0.18680958819012627,0.0,0.2320667470246674,0.2493645981663074,0.18518830015418156,0.27394968349801546,0.2894145724685129,0.29374488588093745,0.28993147783834,0.0,0.0,0.0,0.2870898532039767,0.3429608613169299,0.0,0.0,0.0,0.3459620636270908,0.0,0.30663927462164126,0.0,0.24331963299894477,0.0,0.0,0.0,0.0,0.3235451494322686,0.32206315640658967,0.3136533914802334,0.28687137863778,0.0,0.3360258025475872,0.33626935284090503,0.3453870542764188,0.31108526439261586,0.2809808567620462,0.2889802703891624,0.323543732370476,0.3159562444525834,0.0,0.33456986071336453,0.0,0.35488114091967904
0.3431065746938712,0.0,0.2369482803464626,0.14215197591370732,0.18547236385617946,0.2502692689837475,0.2236734098858644,0.1416148677300277,0.2462801725516128,0.22231401761687075,0.14225964169961544,0.2327395317539695,0.226339084011046,0.14011639249880323,0.2889404686715293,0.0,0.0,0.0,0.21894159772124452,0.32738271160760973,0.2842481636925739,0.3359724210182181,0.23024230102621104,0.24060185367300269,0.0,0.0,0.26685344654717136,0.208200879092213,0.32475777823602536,0.30568102288936494,0.2545048717419845,0.18501815320067494,0.20055167375273605,0.2105603682229142,0.2320667470246674,0.0,0.13145571604320327,0.20241591585184363,0.24565149908143669,0.0,0.0,0.0,0.128107007668267,0.0,0.0,0.0,0.0,0.28449916752277576,0.0,0.0,0.0,0.0,0.219917280245925,0.2810038049216956,0.0,0.2085391447055958,0.15677619742845483,0.0,0.18149035680515038,0.0,0.0,0.0,0.0,0.0,0.0,0.0,0.0,0.2606032679648375,0.0,0.0,0.0,0.0,0.0,0.0,0.0,0.0
0.0,0.0,0.2637949524903106,0.14116360547357332,0.2246239103718675,0.2553035200207044,0.23209301576519606,0.0,0.2540169233896423,0.16652343713687637,0.24439022336502575,0.218999932764855,0.24068214812986038,0.1448597010733226,0.3075158549451178,0.0,0.0,0.0,0.25417912249554836,0.3279845220253364,0.0,0.3292176777465267,0.2591490895187787,0.14092985740082767,0.0,0.0,0.2575823576478003,0.22718783763433467,0.2948052336342781,0.2970363842819211,0.22587173784987485,0.20442129641431686,0.2009249566168839,0.17261886768858667,0.2493645981663074,0.13145571604320327,0.0,0.19938816968733217,0.2724498283790228,0.0,0.0,0.0,0.0,0.0,0.0,0.0,0.0,0.0,0.0,0.0,0.0,0.0,0.0,0.0,0.0,0.0,0.16201344851311456,0.0,0.0,0.0,0.0,0.0,0.0,0.0,0.0,0.0,0.0,0.0,0.0,0.0,0.0,0.0,0.0,0.0,0.0,0.0
0.0,0.0,0.0,0.2008005888858634,0.24754292065338887,0.0,0.2581790980687607,0.0,0.27594394085458485,0.1945384607512687,0.2518222541197719,0.15892962933474153,0.2499032957749871,0.0,0.0,0.0,0.18530583283041008,0.26276883384749466,0.0,0.0,0.0,0.0,0.0,0.1628548146372772,0.19163410037579212,0.21595420065522714,0.0,0.23185147613152143,0.0,0.0,0.20368408949700284,0.1975778693078029,0.16031453458291614,0.16473300325436593,0.18518830015418156,0.20241591585184363,0.19938816968733217,0.0,0.1692632683066487,0.15143227885985527,0.16405243047938348,0.0,0.0,0.0,0.1351415281727291,0.0,0.0,0.0,0.0,0.0,0.0,0.0,0.0,0.0,0.1962726996261037,0.0,0.19064632835798137,0.0,0.0,0.0,0.0,0.0,0.0,0.0,0.0,0.0,0.0,0.0,0.17923255902048885,0.0,0.15427593869800238,0.0,0.0,0.0,0.0,0.19374679708167672
0.3170565433535389,0.3218812765173346,0.3327343297905717,0.0,0.0,0.2810818073965397,0.0,0.2590650955551524,0.0,0.2457916493891009,0.0,0.2048132847328387,0.31656351803279137,0.0,0.30861622908989234,0.31596446849903914,0.2662484211453283,0.2600766234550485,0.0,0.30702886089987325,0.30427061971218405,0.33080761431893874,0.3023728019669973,0.31880764751636836,0.2841515517079487,0.31535160962851577,0.3048326674788347,0.3032961731084779,0.300042237054445,0.2964576528656371,0.3114880799504768,0.27181530790913755,0.20755026381716932,0.27920057220499606,0.27394968349801546,0.24565149908143669,0.2724498283790228,0.1692632683066487,0.0,0.2373670015534966,0.27528420269663967,0.29386643554410374,0.18385123356336802,0.20097778332665295,0.20562619309330854,0.3005032512591564,0.30276242771974704,0.2670993124705485,0.17192553802956548,0.273712266636532,0.2950075049197928,0.2880046084289967,0.24538316862355006,0.2692500686118897,0.2295921598155771,0.20301140721902808,0.19424580321874826,0.282693127185266,0.17392648035795394,0.29936135084982024,0.31448704838247976,0.27339363149135215,0.2962468215333127,0.24452393056450228,0.3226712839152543,0.29843065449262823,0.3129188971598573,0.2788584533210952,0.27297711319659806,0.2866242475046379,0.29641708755659024,0.296340307975488,0.2660100152700938,0.3122819605203361,0.30734804152446454,0.2830858084474421
0.2702095727739353,0.2976572591742097,0.0,0.0,0.0,0.3658169159901971,0.0,0.2021048844276275,0.0,0.19076827998014315,0.0,0.2061847852413729,0.0,0.0,0.26324135170603036,0.2812118900749482,0.2188008703541839,0.2397265190436444,0.0,0.30577125630039254,0.2748401530770026,0.3204163312556579,0.24647533089707388,0.25593421523123894,0.25344990669244055,0.27532156824327597,0.2808427048135394,0.0,0.33443777737272984,0.0,0.2730262492601079,0.2648946363983454,0.20463913838776687,0.25253459288704766,0.2894145724685129,0.0,0.0,0.15143227885985527,0.2373670015534966,0.0,0.19854682701708012,0.2643406641337875,0.23622044035660922,0.0,0.16804607415513126,0.22322398297765356,0.241730507993518,0.0,0.0,0.0,0.2753531982633353,0.0,0.0,0.31608549197212366,0.19360706562326147,0.0,0.17157657879986618,0.2699335608612516,0.0,0.2422772627690524,0.26308657409330816,0.20840403494050702,0.2201401233364598,0.0,0.2661287989586291,0.2467654978689299,0.25750053823474367,0.2681824062785845,0.15616407165417123,0.212998666153622,0.22940248472025732,0.2802741727557772,0.23959065121245798,0.28333192777244576,0.2879835380517888,0.22193908494773504
0.2826559814656575,0.30414344587146375,0.0,0.0,0.0,0.3076610633737949,0.0,0.3077137971957336,0.0,0.18925770058646002,0.0,0.19733270889899282,0.0,0.0,0.31653418668587807,0.2919305664235284,0.2519332483926233,0.23535871929693888,0.0,0.32204354132376534,0.308933447891609,0.32636693855133864,0.30123019342462476,0.26969272201681926,0.24514096879093858,0.2854726182108793,0.3194837072755428,0.0,0.3233169929934643,0.0,0.29841156783943046,0.2900118327710713,0.22992554131562856,0.26815888320548,0.29374488588093745,0.0,0.0,0.16405243047938348,0.27528420269663967,0.19854682701708012,0.0,0.21266573441376369,0.24072062319002133,0.19810172791635894,0.18603394864978773,0.2519800855397575,0.26590680762176705,0.29551525322566957,0.14466154222832828,0.27783655971040877,0.2942806541569006,0.26292330212693776,0.2880132955913338,0.30081840274519467,0.20636045735719316,0.2842317766601527,0.1904339500068381,0.28097570863136934,0.1974727745796569,0.29223081449965577,0.2689475417565783,0.2372709689355807,0.24930127816937944,0.27745931991410966,0.29717603296801387,0.2771327196968294,0.28248545433863304,0.2919318488872384,0.20234981592162862,0.24438280896031842,0.25290835962959135,0.29984943270218645,0.24572876214589992,0.28445792692380684,0.26498987824274967,0.2066677742027646
0.33037510649621216,0.3297552302597871,0.0,0.0,0.0,0.3356703544515409,0.0,0.0,0.0,0.2057937108878446,0.0,0.2148597856239725,0.0,0.0,0.3276218688065891,0.3160925310074115,0.25386829836667346,0.28540062179508663,0.0,0.32951935679884947,0.34332117530950124,0.33894747316807255,0.3167324527240379,0.2701935083741723,0.2667757929162847,0.2998167851811018,0.3193697291502486,0.0,0.0,0.0,0.3217202380931357,0.3230478595094555,0.2562622273596218,0.32094473131760687,0.28993147783834,0.0,0.0,0.0,0.29386643554410374,0.2643406641337875,0.21266573441376369,0.0,0.2708228025049784,0.22467179460171027,0.2228611680212398,0.3135286495408951,0.3168696050918442,0.2989699926408681,0.1444795600007376,0.2956566188290355,0.3052921051771425,0.29883218978157056,0.2949091443499835,0.29360291336364724,0.2176633989457632,0.0,0.21759742669674978,0.30077153242824634,0.0,0.31407423743988483,0.31877166216520525,0.2684827438245914,0.29078898302181855,0.27333573347846735,0.32780792804263204,0.3269036967308068,0.3227175448301616,0.2945310978054552,0.27290957608422733,0.28251726661349014,0.29861962180892165,0.3155405205223362,0.23974237533712137,0.30587949011631904,0.2635226191939377,0.20120112211512423
0.0,0.0,0.2553114714840464,0.0,0.0,0.24865412322004588,0.0,0.18502163496398386,0.2557778756024858,0.2306280026857029,0.1947740702843879,0.0,0.0,0.15988433946387234,0.0,0.0,0.0,0.0,0.2547871347692868,0.0,0.0,0.0,0.23477540750824977,0.0,0.0,0.0,0.25501355765349487,0.0,0.0,0.0,0.29596845010294304,0.0,0.0,0.28611796158076014,0.0,0.128107007668267,0.0,0.0,0.18385123356336802,0.23622044035660922,0.24072062319002133,0.2708228025049784,0.0,0.13930009336034235,0.21091596426355644,0.3331158114841898,0.0,0.2596128795615424,0.14865419905455826,0.17418201610004752,0.28139954439888326,0.20504492719029946,0.1763921077792364,0.2611825604615606,0.26535672330176596,0.19970146931810867,0.2584280208623589,0.2294976560731569,0.14689121552984005,0.3420693703346339,0.0,0.26052317260694374,0.2861416990273488,0.24300763345448997,0.3590476356867519,0.2982507862352594,0.0,0.2427216036681474,0.24850665748777825,0.253974944197735,0.3150716315024956,0.2813186852547784,0.19910610238247098,0.3247669905823005,0.0,0.2631416574618243
0.0,0.0,0.0,0.0,0.0,0.0,0.0,0.0,0.0,0.0,0.0,0.0,0.0,0.0,0.0,0.0,0.0,0.0,0.0,0.0,0.0,0.0,0.35332658227784486,0.0,0.0,0.0,0.0,0.0,0.0,0.0,0.0,0.0,0.0,0.0,0.0,0.0,0.0,0.0,0.20097778332665295,0.0,0.19810172791635894,0.22467179460171027,0.13930009336034235,0.0,0.21654489144242078,0.0,0.0,0.2842188574338097,0.12016506307786537,0.20520325129102107,0.290665981543167,0.211416826815615,0.2774561974793681,0.290756605003212,0.0,0.19207749756110187,0.18976195142654154,0.22270598379403841,0.1250175233018181,0.0,0.0,0.0,0.0,0.2726986862654879,0.34655594173121,0.0,0.0,0.2755039688507442,0.0,0.0,0.0,0.2809769422384794,0.2011238432566208,0.2769842732556428,0.3021881840536518,0.2587025418991944
0.0,0.0,0.0,0.0,0.0,0.0,0.0,0.0,0.0,0.17406077859472163,0.0,0.21592167971028164,0.0,0.0,0.0,0.0,0.0,0.0,0.0,0.0,0.0,0.0,0.0,0.1417850662250144,0.0,0.0,0.0,0.0,0.0,0.0,0.0,0.22431860837792736,0.162937123470954,0.24969018214084907,0.0,0.0,0.0,0.1351415281727291,0.20562619309330854,0.16804607415513126,0.18603394864978773,0.2228611680212398,0.21091596426355644,0.21654489144242078,0.0,0.0,0.0,0.0,0.0,0.0,0.0,0.0,0.0,0.0,0.17226045247751076,0.0,0.16462170558200456,0.0,0.0,0.0,0.0,0.0,0.0,0.0,0.0,0.0,0.0,0.0,0.16054935358364145,0.2451139499332162,0.19484773673357905,0.0,0.2065178307392392,0.0,0.0,0.23162691042057829
0.2928571666585613,0.3154795008281339,0.0,0.0,0.0,0.0,0.0,0.16970134482873642,0.0,0.0,0.0,0.0,0.0,0.0,0.2274303499944736,0.31028458464925673,0.0,0.29246196073418346,0.0,0.3552729942812807,0.2914018204426083,0.3111794202012168,0.28459331176186853,0.3874570005708685,0.3006042117388045,0.3021075188971383,0.0,0.0,0.38264225184602546,0.0,0.3038389948931258,0.3186217441232934,0.2563127898567505,0.29423377200307527,0.2870898532039767,0.0,0.0,0.0,0.3005032512591564,0.22322398297765356,0.2519800855397575,0.3135286495408951,0.3331158114841898,0.0,0.0,0.0,0.27920312918004947,0.3525260860033436,0.0,0.0,0.30370010300879163,0.0,0.3205994218760889,0.0,0.0,0.0,0.0,0.3063588833907884,0.33239466980785304,0.3006595948518697,0.27858066220830113,0.0,0.25435315944650205,0.0,0.2952397796434098,0.27187352340124277,0.29245792523534775,0.3200274805592558,0.23813673778327774,0.2522397017268207,0.2582215480999183,0.3189093184182672,0.2965697370949165,0.30387828835192643,0.0,0.2514738074666636
0.31363094562233407,0.331520148810884,0.0,0.0,0.0,0.0,0.0,0.0,0.0,0.0,0.0,0.0,0.0,0.0,0.3293357838151623,0.31713042768258887,0.0,0.3021727018305694,0.0,0.33333145986541757,0.33508772090214456,0.34038772387935934,0.0,0.2782664127059934,0.3237296462451677,0.3372003427500021,0.0,0.0,0.33660945654881186,0.0,0.3329280082126335,0.3332290309393419,0.31198809935211463,0.3218835595406138,0.3429608613169299,0.0,0.0,0.0,0.30276242771974704,0.241730507993518,0.26590680762176705,0.3168696050918442,0.0,0.0,0.0,0.27920312918004947,0.0,0.0,0.0,0.0,0.317473065529991,0.3183506768121181,0.33244265138670814,0.0,0.0,0.0,0.0,0.30988906887761375,0.0,0.29517184629637033,0.2803149798370383,0.0,0.2848575259152367,0.0,0.317201012506549,0.30864212430777177,0.2926349100480884,0.3154853255161094,0.20965437874103326,0.2743839236390133,0.2744378734835941,0.3084402503614491,0.30574292161853794,0.31670045837134253,0.0,0.2746133119223804
0.0,0.0,0.17204506665834804,0.0,0.34545884481223366,0.3259124590760056,0.0,0.3357896125529582,0.3343042607385672,0.0,0.29185439352512227,0.0,0.0,0.3061530844631102,0.0,0.0,0.0,0.0,0.3145600480237973,0.0,0.0,0.0,0.3396617047623062,0.0,0.0,0.0,0.34348043950879803,0.0,0.0,0.0,0.0,0.0,0.0,0.0,0.0,0.28449916752277576,0.0,0.0,0.2670993124705485,0.0,0.29551525322566957,0.2989699926408681,0.2596128795615424,0.2842188574338097,0.0,0.3525260860033436,0.0,0.0,0.0,0.27922035628023945,0.28355745885116534,0.292850164067919,0.2923671306728207,0.21764147768677436,0.33772049099118545,0.20462328624368928,0.0,0.28386022598021177,0.2666140058692465,0.0,0.0,0.0,0.0,0.16586097392092752,0.0,0.30194540326291447,0.0,0.23619438246949295,0.0,0.0,0.0,0.2180168907664561,0.2882916670689804,0.27777843105582234,0.0,0.3014170366642095
0.0,0.0,0.0,0.0,0.0,0.0,0.0,0.0,0.0,0.0,0.0,0.0,0.0,0.0,0.0,0.0,0.0,0.0,0.0,0.0,0.0,0.0,0.0,0.0,0.0,0.0,0.0,0.0,0.0,0.0,0.0,0.0,0.0,0.0,0.0,0.0,0.0,0.0,0.17192553802956548,0.0,0.14466154222832828,0.1444795600007376,0.14865419905455826,0.12016506307786537,0.0,0.0,0.0,0.0,0.0,0.2014375070784143,0.25626233966088274,0.20609010046600199,0.2514806823892542,0.2644212578229234,0.0,0.16432248083232381,0.0,0.22518877399177437,0.22464707975342854,0.0,0.0,0.0,0.0,0.0,0.0,0.0,0.0,0.0,0.0,0.0,0.0,0.19690086161684817,0.15313312439127252,0.0,0.0,0.15869864649240378
0.0,0.0,0.3528278170540095,0.0,0.0,0.35131230823842896,0.0,0.0,0.0,0.0,0.0,0.0,0.0,0.0,0.0,0.0,0.0,0.0,0.3673848151113959,0.0,0.0,0.0,0.34303776473156505,0.0,0.0,0.0,0.35769075080171137,0.0,0.0,0.0,0.0,0.0,0.0,0.0,0.0,0.0,0.0,0.0,0.273712266636532,0.0,0.27783655971040877,0.2956566188290355,0.17418201610004752,0.20520325129102107,0.0,0.0,0.0,0.27922035628023945,0.2014375070784143,0.0,0.2823279447644342,0.24295057493138555,0.2714839030565173,0.24869707826567683,0.26878021847069067,0.21987134873049816,0.0,0.25700440796768403,0.20345445629216502,0.0,0.0,0.0,0.0,0.24312738690169994,0.28671730917896804,0.0,0.2965351339051544,0.27668905714903924,0.0,0.0,0.0,0.28606822156760947,0.249620668920218,0.2895948047736251,0.0,0.2645008786018943
0.3907451558043424,0.0,0.3107423199501566,0.0,0.33716436545312395,0.3031597745364321,0.34053574798746805,0.29831160099377213,0.30842760417300286,0.0,0.0,0.0,0.33108925696828656,0.0,0.3051352453959163,0.0,0.0,0.0,0.31522086419826484,0.31470705069360905,0.3197517660124767,0.3339134915617915,0.31175996275691076,0.0,0.0,0.35616180471744757,0.3115965131612568,0.31419195481160095,0.30875255687874836,0.0,0.31984974203444144,0.28573387528693717,0.0,0.3176539968559557,0.3459620636270908,0.0,0.0,0.0,0.2950075049197928,0.2753531982633353,0.2942806541569006,0.3052921051771425,0.28139954439888326,0.290665981543167,0.0,0.30370010300879163,0.317473065529991,0.28355745885116534,0.25626233966088274,0.2823279447644342,0.0,0.2884852834945384,0.2791005508427352,0.22828998761019528,0.30985219857944507,0.2734223386188404,0.31402703518221914,0.26610120245603985,0.2788267049059599,0.2881931372294851,0.33925934153368115,0.0,0.3248590936848947,0.3133928642740293,0.299224708992245,0.29080335632896254,0.3139126499095121,0.2795925281289972,0.3254583746927362,0.31522153635974837,0.3005351670791359,0.2681195923111565,0.27163004616573755,0.23946783767349247,0.2709457041674627,0.29191100919648977
0.0,0.0,0.36573073415174245,0.0,0.0,0.3248408810071171,0.0,0.0,0.3623758674183947,0.0,0.0,0.0,0.0,0.0,0.0,0.0,0.0,0.0,0.0,0.0,0.0,0.0,0.31602751980326066,0.0,0.0,0.0,0.3302097277937603,0.0,0.0,0.0,0.0,0.0,0.0,0.0,0.0,0.0,0.0,0.0,0.2880046084289967,0.0,0.26292330212693776,0.29883218978157056,0.20504492719029946,0.211416826815615,0.0,0.0,0.3183506768121181,0.292850164067919,0.20609010046600199,0.24295057493138555,0.2884852834945384,0.0,0.2825648563101391,0.2678216296744908,0.27336586738884994,0.25842646781219086,0.2788256791712914,0.25773288017020385,0.23433665865977035,0.0,0.32652620780228103,0.0,0.0,0.2616218304549394,0.30823485472519413,0.0,0.31307700562162516,0.27991745173686366,0.2578012928584184,0.0,0.0,0.29295731888090987,0.259027162675273,0.2958696698360642,0.22545534342573956,0.27863216996012286
0.2705403734273493,0.0,0.3351344301092594,0.0,0.3024630781735236,0.2787158038591787,0.0,0.17261289236834138,0.28258300920396945,0.0,0.26794037815566474,0.0,0.2998017603154825,0.23538199359303924,0.24750606497796301,0.0,0.0,0.0,0.2893469038421282,0.29139711704670235,0.16290374941033123,0.29122123394570204,0.2715304153020637,0.0,0.0,0.30132079288793867,0.3039271304896346,0.3007780181814602,0.28964356067416086,0.0,0.2811715461474312,0.25423601152592806,0.0,0.2940393864540688,0.30663927462164126,0.219917280245925,0.0,0.0,0.24538316862355006,0.0,0.2880132955913338,0.2949091443499835,0.1763921077792364,0.2774561974793681,0.0,0.3205994218760889,0.33244265138670814,0.2923671306728207,0.2514806823892542,0.2714839030565173,0.2791005508427352,0.2825648563101391,0.0,0.3014836480010389,0.0,0.15149069798223366,0.0,0.2781307442772904,0.22248238865133727,0.2541336604248,0.3314663959447768,0.0,0.0,0.23988871836899578,0.2695273139227503,0.24212805829553713,0.0,0.23615340244950034,0.0,0.31885549211365033,0.3208222212486595,0.293277106213532,0.28189576014955325,0.2567474971502054,0.27838784944552786,0.29109287191295896
0.0,0.0,0.3261147102126651,0.0,0.3667427662510845,0.3218412436680677,0.0,0.31738295578576237,0.3557197794773583,0.0,0.274304626544444,0.0,0.0,0.28202820151052904,0.0,0.0,0.0,0.0,0.32570202684512894,0.0,0.0,0.0,0.32610677209608974,0.0,0.0,0.0,0.336276785408574,0.0,0.0,0.0,0.0,0.0,0.0,0.0,0.0,0.2810038049216956,0.0,0.0,0.2692500686118897,0.31608549197212366,0.30081840274519467,0.29360291336364724,0.2611825604615606,0.290756605003212,0.0,0.0,0.0,0.21764147768677436,0.2644212578229234,0.24869707826567683,0.22828998761019528,0.2678216296744908,0.3014836480010389,0.0,0.3053206881579443,0.22493178458366708,0.3272828253413706,0.2784950567091234,0.2565879305735386,0.0,0.0,0.0,0.0,0.18963722292396798,0.2931394029456516,0.0,0.0,0.2826194644732989,0.3812833480341627,0.0,0.0,0.2511719108328754,0.28420154061095393,0.28108614909640256,0.2810555789237106,0.3020876226608278
0.0,0.0,0.0,0.0,0.0,0.0,0.0,0.0,0.0,0.23037231865384375,0.0,0.23182866970795762,0.0,0.0,0.0,0.0,0.24482066229496544,0.2524470745696262,0.0,0.0,0.0,0.0,0.0,0.24624188907236333,0.2474436603240659,0.2594054325498331,0.0,0.0,0.0,0.0,0.2545111701172631,0.2672709729613187,0.19541091023688084,0.21429429775325706,0.24331963299894477,0.0,0.0,0.1962726996261037,0.2295921598155771,0.19360706562326147,0.20636045735719316,0.2176633989457632,0.26535672330176596,0.0,0.17226045247751076,0.0,0.0,0.33772049099118545,0.0,0.26878021847069067,0.30985219857944507,0.27336586738884994,0.0,0.3053206881579443,0.0,0.29264939204560037,0.2051975035768309,0.28261464797509617,0.0,0.0,0.2764122458384224,0.22311684203755963,0.24780700900221253,0.30161268983683415,0.0,0.0,0.0,0.310686380916876,0.21103784358907665,0.2397421863449806,0.23235255359149512,0.0,0.26952316977615276,0.0,0.0,0.2528043984503741
0.0,0.0,0.18496827603137397,0.0,0.0,0.28441523059300006,0.0,0.26341994118214984,0.29517561296872263,0.0,0.19255805630220024,0.0,0.0,0.22261305133952666,0.0,0.0,0.0,0.0,0.25690426040368525,0.0,0.0,0.0,0.2953612504146066,0.0,0.0,0.0,0.3050767192733787,0.0,0.0,0.0,0.0,0.0,0.0,0.0,0.0,0.2085391447055958,0.0,0.0,0.20301140721902808,0.0,0.2842317766601527,0.0,0.19970146931810867,0.19207749756110187,0.0,0.0,0.0,0.20462328624368928,0.16432248083232381,0.21987134873049816,0.2734223386188404,0.25842646781219086,0.15149069798223366,0.22493178458366708,0.29264939204560037,0.0,0.0,0.2605169479210667,0.19172101179917392,0.0,0.0,0.0,0.0,0.19493210915183573,0.0,0.0,0.0,0.16821519662739196,0.0,0.0,0.0,0.27253952044338026,0.2642423094421508,0.0,0.0,0.26905212440430953
0.0,0.0,0.0,0.0,0.0,0.0,0.0,0.0,0.0,0.2298614676166651,0.0,0.22389638098627396,0.0,0.0,0.0,0.0,0.25716087100737167,0.2501742286881595,0.0,0.0,0.0,0.0,0.0,0.24149745249650428,0.24445128253842402,0.2582000170151014,0.0,0.0,0.0,0.0,0.23686924312194138,0.0,0.19413875240565037,0.2143550427864937,0.0,0.15677619742845483,0.16201344851311456,0.19064632835798137,0.19424580321874826,0.17157657879986618,0.1904339500068381,0.21759742669674978,0.2584280208623589,0.18976195142654154,0.16462170558200456,0.0,0.0,0.0,0.0,0.0,0.31402703518221914,0.2788256791712914,0.0,0.3272828253413706,0.2051975035768309,0.0,0.0,0.2738899763945105,0.0,0.0,0.0,0.24737608950059584,0.2527841762599,0.0,0.0,0.0,0.0,0.0,0.18275725449621205,0.25106520970301693,0.18274182049544974,0.0,0.25204940744995924,0.0,0.0,0.2556294147949944
0.0,0.0,0.3576258165333127,0.0,0.0,0.31640729974211956,0.0,0.31664505904206786,0.0,0.0,0.0,0.0,0.0,0.0,0.0,0.0,0.0,0.0,0.0,0.0,0.0,0.0,0.30949287737735914,0.0,0.0,0.0,0.3231671202617344,0.3579561722798726,0.0,0.0,0.0,0.312768767077502,0.0,0.0,0.0,0.0,0.0,0.0,0.282693127185266,0.2699335608612516,0.28097570863136934,0.30077153242824634,0.2294976560731569,0.22270598379403841,0.0,0.3063588833907884,0.30988906887761375,0.28386022598021177,0.22518877399177437,0.25700440796768403,0.26610120245603985,0.25773288017020385,0.2781307442772904,0.2784950567091234,0.28261464797509617,0.2605169479210667,0.2738899763945105,0.0,0.2439670149004704,0.29420586917259794,0.3121975572974071,0.300108442130253,0.30214866177908783,0.2692346609741446,0.30530089795852794,0.299290017460228,0.3122417355082445,0.27417376672115135,0.27394470595372794,0.29665956342388977,0.28703552650112346,0.28520762070616,0.24454045591885362,0.27739157404097387,0.2749744718668482,0.2788774473509458
0.0,0.0,0.2791674562550053,0.0,0.0,0.0,0.0,0.23132370783751552,0.2796020523848012,0.0,0.2001463975859728,0.0,0.0,0.1963790977679496,0.0,0.0,0.0,0.0,0.2699089235717986,0.0,0.0,0.0,0.2828114976247168,0.0,0.0,0.0,0.2987512790245163,0.0,0.0,0.0,0.0,0.0,0.0,0.0,0.0,0.18149035680515038,0.0,0.0,0.17392648035795394,0.0,0.1974727745796569,0.0,0.14689121552984005,0.1250175233018181,0.0,0.33239466980785304,0.0,0.2666140058692465,0.22464707975342854,0.20345445629216502,0.2788267049059599,0.23433665865977035,0.22248238865133727,0.2565879305735386,0.0,0.19172101179917392,0.0,0.2439670149004704,0.0,0.0,0.0,0.0,0.0,0.23802831118079815,0.0,0.29527430521601855,0.0,0.24573581460169605,0.0,0.0,0.0,0.281319853122671,0.19986125866495236,0.0,0.0,0.21975231718231023
0.0,0.0,0.0,0.0,0.0,0.30636287545561597,0.0,0.29139819998589117,0.0,0.0,0.0,0.0,0.0,0.0,0.29380025150486366,0.32023942841837816,0.0,0.0,0.0,0.3062568810442291,0.28831711442609725,0.3169900429431595,0.30127719781835727,0.0,0.0,0.3249940416600455,0.30415942527235196,0.3136450578463441,0.3019534273886666,0.0,0.28410323101343077,0.3061408249828247,0.28888992377292144,0.30878219997022777,0.3235451494322686,0.0,0.0,0.0,0.29936135084982024,0.2422772627690524,0.29223081449965577,0.31407423743988483,0.3420693703346339,0.0,0.0,0.3006595948518697,0.29517184629637033,0.0,0.0,0.0,0.2881931372294851,0.0,0.2541336604248,0.0,0.0,0.0,0.0,0.29420586917259794,0.0,0.0,0.2944138715506767,0.0,0.0,0.0,0.23260910363775575,0.24719290602245056,0.2223185232773177,0.23302587505948097,0.0,0.27637055394897725,0.2503184745778544,0.25904682875227697,0.29005298563931825,0.28248648864629394,0.0,0.2851848108436989
0.3047486744401717,0.3186313032150083,0.0,0.0,0.0,0.0,0.0,0.0,0.0,0.0,0.0,0.0,0.0,0.0,0.0,0.306676507336023,0.0,0.2851184805451702,0.0,0.37450466507582214,0.3258677705615632,0.3218205776145268,0.0,0.3023502371939954,0.2945362335291999,0.3159875879107139,0.0,0.0,0.0,0.0,0.3121481155858721,0.3140167850468598,0.2803247713207353,0.2968277125546994,0.32206315640658967,0.0,0.0,0.0,0.31448704838247976,0.26308657409330816,0.2689475417565783,0.31877166216520525,0.0,0.0,0.0,0.27858066220830113,0.2803149798370383,0.0,0.0,0.0,0.33925934153368115,0.32652620780228103,0.3314663959447768,0.0,0.2764122458384224,0.0,0.0,0.3121975572974071,0.0,0.2944138715506767,0.0,0.25138363908590444,0.2656405884991815,0.0,0.2908244910599122,0.2888424363696636,0.272536334636784,0.3025073027535683,0.24652331721116755,0.2744109058251925,0.2752554297331201,0.3302819607971984,0.3020927711398018,0.316172455881345,0.0,0.2618063986505568
0.0,0.0,0.0,0.0,0.0,0.0,0.0,0.0,0.0,0.24718817417395475,0.0,0.2519360105544217,0.0,0.0,0.0,0.0,0.25924145963587825,0.22628111208903534,0.0,0.0,0.0,0.0,0.0,0.29708944639074125,0.25569336852827174,0.25851302611027427,0.0,0.0,0.0,0.0,0.26078676713426696,0.2826459182031158,0.2074818906703039,0.2470452048294158,0.3136533914802334,0.0,0.0,0.0,0.27339363149135215,0.20840403494050702,0.2372709689355807,0.2684827438245914,0.26052317260694374,0.0,0.0,0.0,0.0,0.0,0.0,0.0,0.0,0.0,0.0,0.0,0.22311684203755963,0.0,0.24737608950059584,0.300108442130253,0.0,0.0,0.25138363908590444,0.0,0.22259429515378049,0.0,0.0,0.0,0.2560973099546336,0.0,0.22468883696787434,0.24598866039019912,0.23677820047812112,0.0,0.29267157485110795,0.0,0.0,0.2229172484955699
0.2773040393691194,0.3177945388869213,0.0,0.0,0.0,0.0,0.0,0.0,0.0,0.2573778820410853,0.0,0.22776459137051802,0.0,0.0,0.0,0.27576812205577445,0.26117290464731213,0.2571640405444153,0.0,0.0,0.0,0.3310664261751665,0.0,0.30301443764031954,0.26011850989573304,0.27166660918755065,0.0,0.0,0.0,0.0,0.2713326125653206,0.2816487529133842,0.25063619102209106,0.263986047895063,0.28687137863778,0.0,0.0,0.0,0.2962468215333127,0.2201401233364598,0.24930127816937944,0.29078898302181855,0.2861416990273488,0.0,0.0,0.25435315944650205,0.2848575259152367,0.0,0.0,0.0,0.3248590936848947,0.0,0.0,0.0,0.24780700900221253,0.0,0.2527841762599,0.30214866177908783,0.0,0.0,0.2656405884991815,0.22259429515378049,0.0,0.0,0.30901296584587584,0.24942044017556625,0.2914666423078317,0.0,0.22739607802928558,0.23707591983877352,0.2472069271677156,0.31738098581826607,0.2804651788575064,0.3303224096076732,0.0,0.2399542885901888
0.0,0.0,0.145931263167117,0.0,0.3335632033734124,0.32120912366811327,0.0,0.30615679167825216,0.31682253284385004,0.0,0.14871083961063478,0.0,0.0,0.0,0.0,0.0,0.0,0.0,0.3121572318930377,0.0,0.0,0.0,0.31941460784930586,0.0,0.0,0.0,0.3421531996138919,0.0,0.0,0.0,0.0,0.0,0.0,0.0,0.0,0.0,0.0,0.0,0.24452393056450228,0.0,0.27745931991410966,0.27333573347846735,0.24300763345448997,0.2726986862654879,0.0,0.0,0.0,0.16586097392092752,0.0,0.24312738690169994,0.3133928642740293,0.2616218304549394,0.23988871836899578,0.18963722292396798,0.30161268983683415,0.19493210915183573,0.0,0.2692346609741446,0.23802831118079815,0.0,0.0,0.0,0.0,0.0,0.0,0.0,0.0,0.21595439552629134,0.0,0.0,0.0,0.2671272155802874,0.26325939872262866,0.0,0.0,0.28681115813053726
0.2818078132919994,0.3197402834828444,0.0,0.0,0.0,0.3056280829555461,0.0,0.30039768144683154,0.0,0.0,0.0,0.0,0.0,0.0,0.2999373523432429,0.3332156764290325,0.0,0.0,0.0,0.3090212202182641,0.2977702762343791,0.3225110155163923,0.30985085819474145,0.0,0.3326323479448642,0.3259328986731284,0.31175865120823176,0.3076225482842823,0.3052412711937566,0.0,0.31594750999831606,0.3098414608617703,0.315318011026619,0.30472360573576845,0.3360258025475872,0.0,0.0,0.0,0.3226712839152543,0.2661287989586291,0.29717603296801387,0.32780792804263204,0.3590476356867519,0.34655594173121,0.0,0.2952397796434098,0.317201012506549,0.0,0.0,0.28671730917896804,0.299224708992245,0.30823485472519413,0.2695273139227503,0.2931394029456516,0.0,0.0,0.0,0.30530089795852794,0.0,0.23260910363775575,0.2908244910599122,0.0,0.30901296584587584,0.0,0.0,0.28822665283533716,0.2643282197823143,0.2425371561247041,0.27541698411305654,0.31048955452895444,0.29599918423877175,0.25167088995323217,0.2837578396765984,0.24453262969260556,0.2998735500539041,0.27238055575059
0.2548777644242775,0.0,0.0,0.0,0.0,0.0,0.0,0.17509268822423266,0.0,0.0,0.0,0.0,0.0,0.0,0.28968586639621563,0.3325333882941592,0.0,0.0,0.0,0.29533755032382947,0.19421832860040986,0.3336594722617474,0.27761010763248695,0.0,0.0,0.3400685236300144,0.28379742205118175,0.0,0.27264040558175295,0.0,0.30887215442639226,0.29206750813784593,0.30034018073689067,0.3079644084408875,0.33626935284090503,0.0,0.0,0.0,0.29843065449262823,0.2467654978689299,0.2771327196968294,0.3269036967308068,0.2982507862352594,0.0,0.0,0.27187352340124277,0.30864212430777177,0.30194540326291447,0.0,0.0,0.29080335632896254,0.0,0.24212805829553713,0.0,0.0,0.0,0.0,0.299290017460228,0.29527430521601855,0.24719290602245056,0.2888424363696636,0.0,0.24942044017556625,0.0,0.28822665283533716,0.0,0.3097719331124732,0.25441713062423615,0.0,0.2609973593947188,0.26584738642523215,0.2906018505849533,0.2899076693975908,0.2891233049053657,0.0,0.272822153692483
0.3090743193916286,0.33222337911407973,0.0,0.0,0.0,0.3320900940603435,0.0,0.2772752411664475,0.0,0.0,0.0,0.0,0.0,0.0,0.3115444191501365,0.3233026289663745,0.0,0.30650365679656977,0.0,0.32224141610773344,0.32324232947584486,0.34064408321834033,0.31310592550285765,0.0,0.29999185016473007,0.33963681329388096,0.3141294921267364,0.3529429469187628,0.31717819272732256,0.0,0.3316278778259392,0.32684465806424073,0.3230981675200776,0.32834756400449244,0.3453870542764188,0.0,0.0,0.0,0.3129188971598573,0.25750053823474367,0.28248545433863304,0.3227175448301616,0.0,0.0,0.0,0.29245792523534775,0.2926349100480884,0.0,0.0,0.2965351339051544,0.3139126499095121,0.31307700562162516,0.0,0.0,0.0,0.0,0.0,0.3122417355082445,0.0,0.2223185232773177,0.272536334636784,0.2560973099546336,0.2914666423078317,0.0,0.2643282197823143,0.3097719331124732,0.0,0.27629722814507013,0.23650180277394664,0.29314248692491657,0.28404869159440904,0.2926870773930943,0.29152573454436564,0.2906976412550544,0.0,0.2718103695631621
0.0,0.0,0.3140920584883202,0.0,0.31977283012595537,0.30937897737771763,0.3138238583769824,0.28015468802336396,0.31599158343239836,0.0,0.3119831481184084,0.0,0.31422825765205226,0.2769041554457721,0.29705360371763057,0.0,0.0,0.0,0.3211846611326812,0.30974888883196444,0.2734846424826205,0.31052074697762894,0.30943184780738214,0.0,0.0,0.3128700312964529,0.3198475626129112,0.3113183540402663,0.30224755762760824,0.2975799665160218,0.2927782841957965,0.2900128990857253,0.26990001821556503,0.29453592141828144,0.31108526439261586,0.2606032679648375,0.0,0.0,0.2788584533210952,0.2681824062785845,0.2919318488872384,0.2945310978054552,0.2427216036681474,0.2755039688507442,0.0,0.3200274805592558,0.3154853255161094,0.23619438246949295,0.0,0.27668905714903924,0.2795925281289972,0.27991745173686366,0.23615340244950034,0.2826194644732989,0.310686380916876,0.16821519662739196,0.0,0.27417376672115135,0.24573581460169605,0.23302587505948097,0.3025073027535683,0.0,0.0,0.21595439552629134,0.2425371561247041,0.25441713062423615,0.27629722814507013,0.0,0.0,0.2964415282191962,0.29566804137685476,0.22548400147879372,0.2814650844962255,0.27849857773830017,0.2886228659039524,0.2875768428298222
0.0,0.0,0.0,0.0,0.0,0.0,0.0,0.0,0.0,0.2461838810713116,0.0,0.2437591554202135,0.0,0.0,0.0,0.0,0.2795415150639543,0.28261582455921735,0.0,0.0,0.0,0.0,0.0,0.31873001274368246,0.27384515038655616,0.2765188825079701,0.0,0.0,0.0,0.0,0.24736111108129719,0.2885105086852323,0.20438815649663394,0.23132668153617114,0.2809808567620462,0.0,0.0,0.17923255902048885,0.27297711319659806,0.15616407165417123,0.20234981592162862,0.27290957608422733,0.24850665748777825,0.0,0.16054935358364145,0.23813673778327774,0.20965437874103326,0.0,0.0,0.0,0.3254583746927362,0.2578012928584184,0.0,0.3812833480341627,0.21103784358907665,0.0,0.18275725449621205,0.27394470595372794,0.0,0.0,0.24652331721116755,0.22468883696787434,0.22739607802928558,0.0,0.27541698411305654,0.0,0.23650180277394664,0.0,0.0,0.23569146782081646,0.22904314455433358,0.0,0.2533666104981933,0.3246504130576419,0.0,0.23453787178648494
0.28961883692160145,0.3082245093889647,0.0,0.0,0.0,0.0,0.0,0.0,0.0,0.2571447463772792,0.0,0.24609780059765476,0.0,0.0,0.0,0.291332731827428,0.24574063227917295,0.2650029830585646,0.0,0.0,0.30676789725985293,0.305646845302655,0.0,0.30789272680822277,0.2698166937548366,0.27693744270286297,0.0,0.0,0.0,0.0,0.27962168696041717,0.2949735088573571,0.24777457390044783,0.26295941351719326,0.2889802703891624,0.0,0.0,0.0,0.2866242475046379,0.212998666153622,0.24438280896031842,0.28251726661349014,0.253974944197735,0.0,0.2451139499332162,0.2522397017268207,0.2743839236390133,0.0,0.0,0.0,0.31522153635974837,0.0,0.31885549211365033,0.0,0.2397421863449806,0.0,0.25106520970301693,0.29665956342388977,0.0,0.27637055394897725,0.2744109058251925,0.24598866039019912,0.23707591983877352,0.0,0.31048955452895444,0.2609973593947188,0.29314248692491657,0.2964415282191962,0.23569146782081646,0.0,0.2491479574431887,0.2974421234020513,0.28251849469496076,0.322155785846287,0.0,0.2498100698662506
0.29891648357336786,0.31611815354318973,0.0,0.0,0.0,0.35424191647601044,0.0,0.0,0.0,0.24942885370714885,0.0,0.24320928608234707,0.0,0.0,0.3290678760318121,0.30706143885198794,0.26198308979464136,0.26808539825076216,0.0,0.32532689594010816,0.32472794419987944,0.3401902267500077,0.30818151540119565,0.3195902142513746,0.27458455735291165,0.3088932624045994,0.3247203652083291,0.0,0.3377373422755886,0.0,0.3167721748932203,0.3187833833944211,0.26193356662825856,0.29803905559549615,0.323543732370476,0.0,0.0,0.15427593869800238,0.29641708755659024,0.22940248472025732,0.25290835962959135,0.29861962180892165,0.3150716315024956,0.0,0.19484773673357905,0.2582215480999183,0.2744378734835941,0.0,0.0,0.0,0.3005351670791359,0.0,0.3208222212486595,0.0,0.23235255359149512,0.0,0.18274182049544974,0.28703552650112346,0.0,0.2503184745778544,0.2752554297331201,0.23677820047812112,0.2472069271677156,0.0,0.29599918423877175,0.26584738642523215,0.28404869159440904,0.29566804137685476,0.22904314455433358,0.2491479574431887,0.0,0.30314122278089434,0.26814474948469086,0.29730051871032537,0.0,0.25339397713815814
0.0,0.0,0.33760078435100627,0.0,0.3327583825040873,0.3091621911660293,0.3320784671030507,0.2997304806783027,0.3132079468529957,0.0,0.30470679751259094,0.0,0.32390505525559693,0.0,0.303806191336368,0.0,0.0,0.0,0.3443065458804233,0.31132655966539147,0.2943606339616079,0.32332397612673863,0.314846394699235,0.0,0.0,0.3210343580171146,0.319293663016808,0.31065245136409186,0.3042247980313255,0.30972210702291386,0.31112696075155577,0.292037100895219,0.2648674617289639,0.30032120893578756,0.3159562444525834,0.0,0.0,0.0,0.296340307975488,0.2802741727557772,0.29984943270218645,0.3155405205223362,0.2813186852547784,0.2809769422384794,0.0,0.3189093184182672,0.3084402503614491,0.2180168907664561,0.19690086161684817,0.28606822156760947,0.2681195923111565,0.29295731888090987,0.293277106213532,0.2511719108328754,0.0,0.27253952044338026,0.0,0.28520762070616,0.281319853122671,0.25904682875227697,0.3302819607971984,0.0,0.31738098581826607,0.2671272155802874,0.25167088995323217,0.2906018505849533,0.2926870773930943,0.22548400147879372,0.0,0.2974421234020513,0.30314122278089434,0.0,0.28482076208921714,0.2687582978807962,0.2916416158486421,0.2937781203024162
0.0,0.0,0.35869733670206255,0.0,0.0,0.31199587441403703,0.0,0.30469360967114584,0.0,0.2323445736827609,0.0,0.0,0.0,0.0,0.32168726392243824,0.0,0.0,0.0,0.0,0.0,0.0,0.0,0.30972533910628236,0.0,0.0,0.0,0.3162884676569629,0.32031947583009074,0.31247867744600344,0.0,0.33300727598313007,0.30308649381703645,0.0,0.31701606901903806,0.0,0.0,0.0,0.0,0.2660100152700938,0.23959065121245798,0.24572876214589992,0.23974237533712137,0.19910610238247098,0.2011238432566208,0.2065178307392392,0.2965697370949165,0.30574292161853794,0.2882916670689804,0.15313312439127252,0.249620668920218,0.27163004616573755,0.259027162675273,0.28189576014955325,0.28420154061095393,0.26952316977615276,0.2642423094421508,0.25204940744995924,0.24454045591885362,0.19986125866495236,0.29005298563931825,0.3020927711398018,0.29267157485110795,0.2804651788575064,0.26325939872262866,0.2837578396765984,0.2899076693975908,0.29152573454436564,0.2814650844962255,0.2533666104981933,0.28251849469496076,0.26814474948469086,0.28482076208921714,0.0,0.2654469510385642,0.2580605568216182,0.2629802624637966
0.3164516762516484,0.3259427413584053,0.0,0.0,0.0,0.2986616315119565,0.0,0.2778933657338019,0.0,0.0,0.0,0.0,0.0,0.0,0.2970185128267345,0.35395382750576315,0.0,0.0,0.0,0.31237654105188944,0.2671774689959465,0.3190023226831917,0.29941342328723364,0.5819261837432567,0.3280673686646172,0.3371804235598293,0.3079486395415048,0.30804249385774296,0.3015369737978446,0.0,0.31696109495316677,0.29563131704684714,0.326863334790022,0.31152511939874994,0.33456986071336453,0.0,0.0,0.0,0.3122819605203361,0.28333192777244576,0.28445792692380684,0.30587949011631904,0.3247669905823005,0.2769842732556428,0.0,0.30387828835192643,0.31670045837134253,0.27777843105582234,0.0,0.2895948047736251,0.23946783767349247,0.2958696698360642,0.2567474971502054,0.28108614909640256,0.0,0.0,0.0,0.27739157404097387,0.0,0.28248648864629394,0.316172455881345,0.0,0.3303224096076732,0.0,0.24453262969260556,0.2891233049053657,0.2906976412550544,0.27849857773830017,0.3246504130576419,0.322155785846287,0.29730051871032537,0.2687582978807962,0.2654469510385642,0.0,0.26439977191349623,0.2742888206844501
0.0,0.0,0.0,0.0,0.0,0.3258811387686897,0.0,0.0,0.0,0.0,0.0,0.0,0.0,0.0,0.0,0.0,0.0,0.0,0.0,0.0,0.0,0.0,0.31356618991289237,0.0,0.0,0.0,0.307845494163617,0.0,0.33305871689785604,0.0,0.0,0.3113760269015337,0.0,0.0,0.0,0.0,0.0,0.0,0.30734804152446454,0.2879835380517888,0.26498987824274967,0.2635226191939377,0.0,0.3021881840536518,0.0,0.0,0.0,0.0,0.0,0.0,0.2709457041674627,0.22545534342573956,0.27838784944552786,0.2810555789237106,0.0,0.0,0.0,0.2749744718668482,0.0,0.0,0.0,0.0,0.0,0.0,0.2998735500539041,0.0,0.0,0.2886228659039524,0.0,0.0,0.0,0.2916416158486421,0.2580605568216182,0.26439977191349623,0.0,0.25252200788821294
0.30127798752590756,0.30431573331104633,0.36953554451108883,0.0,0.0,0.3068900683096213,0.0,0.30084920810779686,0.0,0.22821165010177172,0.0,0.22561389486602573,0.0,0.0,0.328866173600733,0.29219897610039064,0.2738075802210006,0.2574060261820432,0.0,0.0,0.0,0.32201101897573686,0.31381314974844177,0.2818393649871611,0.265540559933147,0.27779678543648195,0.31724216633418706,0.3399329437159366,0.3165647366447683,0.0,0.30682525115933706,0.2814055226309009,0.24046563327085618,0.2814282965458927,0.35488114091967904,0.0,0.0,0.19374679708167672,0.2830858084474421,0.22193908494773504,0.2066677742027646,0.20120112211512423,0.2631416574618243,0.2587025418991944,0.23162691042057829,0.2514738074666636,0.2746133119223804,0.3014170366642095,0.15869864649240378,0.2645008786018943,0.29191100919648977,0.27863216996012286,0.29109287191295896,0.3020876226608278,0.2528043984503741,0.26905212440430953,0.2556294147949944,0.2788774473509458,0.21975231718231023,0.2851848108436989,0.2618063986505568,0.2229172484955699,0.2399542885901888,0.28681115813053726,0.27238055575059,0.272822153692483,0.2718103695631621,0.2875768428298222,0.23453787178648494,0.2498100698662506,0.25339397713815814,0.2937781203024162,0.2629802624637966,0.2742888206844501,0.25252200788821294,0.0
