0.0,0.4017420402320088,0.0,0.0,0.0,0.4402839883877504,0.0,0.5317684853206591,0.0,0.4376002942008874,0.0,0.38910659443814044,0.0,0.5074783399883789,0.39499796217323435,0.4219132450957614,0.38328845553435287,0.41692565474871307,0.0,0.46370111567667427,0.4402907095688432,0.40937646843670894,0.5082222211085405,0.40894975982117765,0.4027408004127312,0.3778633393548594,0.5088224151113976,0.4849803123243016,0.46334388104862684,0.0,0.40096306037557183,0.44812488641943987,0.3290375126560287,0.39052884947856137,0.4046396928566863,0.0,0.0,0.4199337587336682,0.4534848819976482,0.4217080098995129,0.4124076806465862,0.4374506596818758,0.0,0.0,0.0,0.48752556414446035,0.4568022380017901,0.0,0.0,0.0,0.3749138436034088,0.0,0.0,0.0,0.47101397594520955,0.0,0.48493426340148416,0.0,0.0,0.0,0.4396496432573413,0.0,0.4314580969028673,0.0,0.0,0.0,0.47410761488320147,0.4471337025312183,0.0,0.43753654178170265,0.4730063742096212,0.42214815958083574,0.0,0.0,0.0,0.4062832342145444
0.4017420402320088,0.0,0.3749261157390551,0.0,0.4253055786371469,0.42224218969355365,0.48083678161277343,0.41069029029311815,0.42913578300713334,0.0,0.0,0.0,0.47255645337001156,0.0,0.4273059973290722,0.41777078992221184,0.35813300192033964,0.410943806048473,0.0,0.447404917109072,0.42700351366014905,0.39612593123206336,0.4227474821779028,0.26754751384338027,0.3760174037579896,0.42178482497713293,0.44275881301239867,0.47258222737799327,0.42909980599160474,0.43968560598227924,0.38956402959239583,0.44505855078018736,0.3742040733718126,0.38441131751370544,0.41011953087980263,0.4076165106501723,0.3781388631644771,0.0,0.46435737250314363,0.43604160619337684,0.43833009848052923,0.47012020318106584,0.0,0.0,0.0,0.4591060542783011,0.46304465101160036,0.0,0.0,0.0,0.4001810687171563,0.0,0.3482778750780267,0.0,0.0,0.0,0.0,0.0,0.0,0.47934604672364617,0.4437255674696792,0.0,0.41992656458154637,0.0,0.43339353581136586,0.4953927359269235,0.47572412254986385,0.3974210570253639,0.0,0.41366377907282215,0.48422167563966,0.448027480379548,0.0,0.45798478544783844,0.0,0.4399639882098189
0.0,0.3749261157390551,0.0,0.0,0.45726212607476296,0.3949492056103456,0.46786038859778306,0.4994623627775342,0.3524121967581981,0.0,0.3697144902140117,0.0,0.4728944961060461,0.44515678552222604,0.0,0.3736780377766939,0.0,0.0,0.34074651892635244,0.38489610068438884,0.0,0.4346727845497403,0.36543511837308196,0.0,0.0,0.0,0.3326761754347974,0.4755131757799706,0.39875993991511405,0.4389474728368199,0.46702186884825386,0.4314617830653317,0.0,0.458047158730566,0.4372758435441009,0.4453184389435339,0.4283908254141432,0.0,0.0,0.0,0.0,0.0,0.529921407710059,0.0,0.0,0.0,0.0,0.31225728654281315,0.0,0.5737242106522544,0.5535675042575529,0.5710760410354792,0.609622652906237,0.6071854904579542,0.0,0.3153231107796726,0.0,0.5448378560233496,0.5721708593894448,0.0,0.0,0.0,0.0,0.22830390954149504,0.0,0.0,0.0,0.5924789984937607,0.0,0.0,0.0,0.5542585797464282,0.0,0.0,0.0,0.5075388657449638
0.0,0.0,0.0,0.0,0.3065662284626797,0.4103531893463276,0.2726680312245526,0.3256055397492071,0.4275848728542889,0.0,0.3942973566982207,0.0,0.2932717671775544,0.18389069074973108,0.0,0.0,0.0,0.0,0.4436504670360307,0.0,0.0,0.48687922920331567,0.4013211797265729,0.0,0.0,0.0,0.4090822664688815,0.24060459549844426,0.0,0.0,0.29889910477278914,0.3316336299662871,0.4445586305851562,0.26131853822240936,0.3106560689147211,0.13710079032577244,0.17325561759738256,0.0,0.2598459269086688,0.0,0.0,0.0,0.0,0.0,0.0,0.0,0.0,0.0,0.0,0.0,0.0,0.0,0.0,0.0,0.0,0.0,0.0,0.0,0.0,0.0,0.0,0.0,0.0,0.0,0.0,0.0,0.0,0.0,0.0,0.0,0.0,0.0,0.0,0.0,0.0,0.0
0.0,0.4253055786371469,0.45726212607476296,0.3065662284626797,0.0,0.4245195040166553,0.35958844262969625,0.4229601536943294,0.3711711148919888,0.371284826682322,0.35540804923608454,0.0,0.38093207126971035,0.31326918827968464,0.0,0.45167264135197416,0.41546208607317886,0.0,0.4414589155912889,0.44429472707637496,0.0,0.4533100750064277,0.42710918575763235,0.0,0.4181593287203086,0.0,0.4330281556439858,0.3583642649884812,0.42265711553038837,0.0,0.4430549436027805,0.4201937158637607,0.0,0.43673183502004476,0.37336780545654247,0.22008984308142113,0.266672235303273,0.40105653797782714,0.0,0.0,0.0,0.0,0.4263656707696507,0.0,0.0,0.0,0.0,0.5240937769863591,0.0,0.0,0.43876880684980724,0.0,0.0,0.5805032856124028,0.0,0.43559450867489213,0.0,0.0,0.0,0.0,0.0,0.0,0.0,0.0,0.0,0.0,0.0,0.5244639889620323,0.0,0.0,0.0,0.0,0.0,0.0,0.0,0.0
0.4402839883877504,0.42224218969355365,0.3949492056103456,0.4103531893463276,0.4245195040166553,0.0,0.4412323053616511,0.432946016400115,0.3636666463564302,0.489825288729518,0.4191992441724766,0.0,0.41079243805664944,0.4352990313867472,0.4495114617099917,0.4456968906992756,0.0,0.43939620530181694,0.41899004296520365,0.4233784835998839,0.42403870919766623,0.4332012796201035,0.414142916466927,0.0,0.41013633626369395,0.4188134567396012,0.39674533124713657,0.40354577395026364,0.3153778568731642,0.4429532731821669,0.4349696267664635,0.43016304760865437,0.3958334796074682,0.4349556768405456,0.44083534132852714,0.4321630196195282,0.42351021159290914,0.35478803416675525,0.4767960769467408,0.0,0.4963432908574996,0.4404088681911823,0.49821023543805265,0.0,0.0,0.0,0.0,0.5486937237957586,0.0,0.4725836886841535,0.4921768217433233,0.49442655054456414,0.46887367096354293,0.5364384237148974,0.0,0.5220257701172515,0.0,0.4980109701391603,0.5278910357481985,0.42665531950538255,0.0,0.0,0.0,0.5648910034599073,0.44563626362712383,0.3954884892515851,0.0,0.5151523190150862,0.0,0.0,0.0,0.4842169775344248,0.49761918220255147,0.47267249388000465,0.4411182722019702,0.5038927693232279
0.0,0.48083678161277343,0.46786038859778306,0.2726680312245526,0.35958844262969625,0.4412323053616511,0.0,0.44120203611047526,0.42172723338582085,0.4386326279281478,0.4637093429171347,0.4174931882516042,0.34629209435929853,0.35373492064899753,0.0,0.54720272365595,0.44499200410341677,0.5176356299518725,0.4836006310814038,0.4669003005040525,0.0,0.49352254026238,0.44189448852908103,0.0,0.48563640087887006,0.47773868594766666,0.45124247071412577,0.35688949769678946,0.45272003881612943,0.46694493548540716,0.4204938868181639,0.4224490087995391,0.0,0.40802470498611887,0.42090719044016983,0.28296126154619516,0.28159249106634926,0.42146541528882703,0.0,0.0,0.0,0.0,0.0,0.0,0.0,0.0,0.0,0.4706550475794298,0.0,0.0,0.43595017419297255,0.0,0.4300949598349789,0.0,0.0,0.4124772863620008,0.0,0.0,0.0,0.0,0.0,0.0,0.0,0.0,0.0,0.0,0.0,0.5163113952334696,0.0,0.0,0.0,0.4662700883702089,0.0,0.0,0.0,0.0
0.5317684853206591,0.41069029029311815,0.4994623627775342,0.3256055397492071,0.4229601536943294,0.432946016400115,0.44120203611047526,0.0,0.5228364702409811,0.4849917481166365,0.3247905581286855,0.44551532708646313,0.4433930159062655,0.37518480739871013,0.4346717567849587,0.41953536162302857,0.0,0.5110258183227772,0.519478002531433,0.4192006837471123,0.3906145114607754,0.4007325911646652,0.3743464159484446,0.5468530467956586,0.5140223172002968,0.5120843651723035,0.4515307544145032,0.4503956275075283,0.3685384992452404,0.44430233541723174,0.4448828836150782,0.41482347705258216,0.39745749238455513,0.4449457707439957,0.45907421932898707,0.23181655333510498,0.3124334028733141,0.0,0.4781413901300672,0.0,0.5109646565961798,0.0,0.4566941521007613,0.0,0.0,0.0,0.0,0.588813743509015,0.0,0.4990333397965376,0.49775546674583493,0.5088310649269611,0.45188500682549165,0.5840192672462065,0.0,0.4946003457316183,0.0,0.522722366169126,0.5188084421431899,0.0,0.0,0.0,0.0,0.5979973019370795,0.0,0.5451020484264674,0.5033477616102122,0.5406757679619484,0.0,0.0,0.0,0.5071371704570364,0.5194741404239778,0.5131642337404152,0.42649942433288884,0.5114508444778826
0.0,0.42913578300713334,0.3524121967581981,0.4275848728542889,0.3711711148919888,0.3636666463564302,0.42172723338582085,0.5228364702409811,0.0,0.5000324751705774,0.3694828752975995,0.4380807058813247,0.4064998468963477,0.45179855667373625,0.0,0.43810526443681735,0.0,0.0,0.3526943413798264,0.4261885892258249,0.0,0.4343017192923732,0.4667553087432814,0.0,0.3684935601000609,0.0,0.3463833093517401,0.46476209056908185,0.4168639521158526,0.4313090324811151,0.483262677022957,0.4460235235408094,0.0,0.47293419670877335,0.4456556982974657,0.4555071387508703,0.4491847319773039,0.42417002108541385,0.37913842287280947,0.0,0.0,0.0,0.5783433080047817,0.0,0.0,0.0,0.0,0.5905414099706457,0.0,0.4157475849803823,0.5475735504364887,0.0,0.5635472189312093,0.610803027555979,0.0,0.5539870516961423,0.0,0.0,0.5524968588787305,0.0,0.0,0.0,0.0,0.6107325186920687,0.0,0.0,0.0,0.586084412483177,0.0,0.0,0.0,0.5529593949142274,0.0,0.0,0.0,0.0
0.4376002942008874,0.0,0.0,0.0,0.371284826682322,0.489825288729518,0.4386326279281478,0.4849917481166365,0.5000324751705774,0.0,0.49098377660172554,0.31766107359397705,0.4456822000227997,0.0,0.0,0.4191298516532129,0.3442153677407743,0.38712762348449375,0.49086472984343343,0.0,0.4977389068809812,0.0,0.42456017145608466,0.3512226961795722,0.35866811537309345,0.361231198883206,0.0,0.38307128035367016,0.0,0.0,0.3616609359807953,0.36031112468730875,0.35300424384791185,0.32736390595972387,0.3192182201586905,0.4106096481655628,0.3159506140702151,0.30960603007474063,0.3119806192745856,0.3580052507585075,0.3783390295780325,0.4583810516035523,0.0,0.0,0.3409109483024541,0.47249629047875186,0.0,0.0,0.0,0.0,0.0,0.0,0.0,0.0,0.44147408192357546,0.0,0.4616462113240414,0.0,0.0,0.0,0.0,0.4525555245079913,0.42431497422580994,0.0,0.0,0.0,0.0,0.0,0.449268865397344,0.4411250357252055,0.4936021553268795,0.0,0.41051289223862725,0.0,0.0,0.42742331135195244
0.0,0.0,0.3697144902140117,0.3942973566982207,0.35540804923608454,0.4191992441724766,0.4637093429171347,0.3247905581286855,0.3694828752975995,0.49098377660172554,0.0,0.42140298799033615,0.4672483543749614,0.29455725086835455,0.0,0.0,0.39082900112839536,0.0,0.35970043258650986,0.0,0.0,0.0,0.26429420613654153,0.4487008323670914,0.0,0.0,0.42631048609014055,0.4743986682388969,0.0,0.35564876792091027,0.5002040116288411,0.46075364149351944,0.3941299923859207,0.5002096857559598,0.4641416949918567,0.2979347225915469,0.4636430798939702,0.4495900936848012,0.43381044609365244,0.0,0.0,0.0,0.4549993487092751,0.0,0.0,0.0,0.0,0.5808227227484547,0.0,0.46451129974493577,0.5044488127625231,0.5011800887363004,0.517276969968119,0.5725140266204257,0.0,0.38834907807002433,0.0,0.4494148374161375,0.501082696591289,0.0,0.0,0.0,0.0,0.3134971146822657,0.0,0.0,0.0,0.5909292692155866,0.0,0.0,0.0,0.5127447630500883,0.0,0.0,0.0,0.0
0.38910659443814044,0.0,0.0,0.0,0.0,0.0,0.4174931882516042,0.44551532708646313,0.4380807058813247,0.31766107359397705,0.42140298799033615,0.0,0.39263802047418683,0.0,0.0,0.28430141517208174,0.390826447249429,0.3579651291408697,0.0,0.0,0.4623620382299638,0.0,0.438973442598895,0.3201500815067986,0.36687184229955183,0.3342347534112538,0.0,0.3042755093343078,0.0,0.0,0.3586228790867631,0.28820530002645256,0.264651544379589,0.24347096372685298,0.2537880932819767,0.3149019989934122,0.2851427088179167,0.2332377705362525,0.2712044435180272,0.40600921281737784,0.4090701797211677,0.31322967013880426,0.0,0.0,0.35059573377118414,0.4289843239532153,0.0,0.0,0.0,0.0,0.0,0.0,0.0,0.0,0.46452128173412327,0.0,0.47742896215447606,0.0,0.0,0.0,0.0,0.455633427989538,0.43028811964744995,0.0,0.0,0.0,0.0,0.0,0.4742822930775278,0.45073699628041375,0.5148607618567964,0.0,0.0,0.0,0.0,0.4708062249675804
0.0,0.47255645337001156,0.4728944961060461,0.2932717671775544,0.38093207126971035,0.41079243805664944,0.34629209435929853,0.4433930159062655,0.4064998468963477,0.4456822000227997,0.4672483543749614,0.39263802047418683,0.0,0.3784483786390283,0.43275420903882317,0.513491937348002,0.4759116006072384,0.5441197199224576,0.4736174220007055,0.4679162060007238,0.44069341368748904,0.4976699502945232,0.44515456446534674,0.4465787350843293,0.46654519968936564,0.4782480029106832,0.45429804011673564,0.355382573314304,0.44118526667713104,0.43741091935086773,0.43423814400607047,0.41251923357212283,0.41661739309507245,0.420742477229994,0.39348234559879064,0.3046216172557384,0.3012917307427758,0.3945312802139094,0.3475025669202783,0.0,0.0,0.0,0.0,0.0,0.0,0.0,0.0,0.4746168169909553,0.0,0.0,0.4653494823118417,0.0,0.49380101103358914,0.0,0.0,0.46052111066847334,0.0,0.0,0.0,0.0,0.0,0.0,0.0,0.0,0.0,0.0,0.0,0.518282256945565,0.0,0.0,0.0,0.5003271131102404,0.0,0.473082140440256,0.0,0.0
0.5074783399883789,0.0,0.44515678552222604,0.18389069074973108,0.31326918827968464,0.4352990313867472,0.35373492064899753,0.37518480739871013,0.45179855667373625,0.0,0.29455725086835455,0.0,0.3784483786390283,0.0,0.0,0.0,0.0,0.0,0.42448497660328605,0.0,0.4552742719211414,0.0,0.38632016746982933,0.0,0.0,0.4642750134042547,0.4451217426142853,0.2330646417442245,0.0,0.0,0.4912400190340137,0.25403247945231294,0.0,0.0,0.0,0.18287883602073596,0.16002628227459725,0.0,0.0,0.0,0.0,0.0,0.43104828827919944,0.0,0.0,0.0,0.0,0.5453086520170888,0.0,0.0,0.4049140208685167,0.0,0.415660377171113,0.5377874605150154,0.0,0.4318324746840229,0.0,0.0,0.4782413781456344,0.0,0.0,0.0,0.0,0.5866642101964954,0.0,0.0,0.0,0.5588864437612703,0.0,0.0,0.0,0.0,0.0,0.0,0.0,0.0
0.39499796217323435,0.4273059973290722,0.0,0.0,0.0,0.4495114617099917,0.0,0.4346717567849587,0.0,0.0,0.0,0.0,0.43275420903882317,0.0,0.0,0.43624330739308115,0.0,0.40394125351690074,0.0,0.37457138749264696,0.41408732737056075,0.3812752351352489,0.37109661549065837,0.4504773268585793,0.3891819289176681,0.42848870916777765,0.4240187642676891,0.4215489208275969,0.4065373964649837,0.4254453008781881,0.4290401076030931,0.46988263904290845,0.40902831139745555,0.43981770827644906,0.4772985133960682,0.5247278261262621,0.4689786371529464,0.0,0.4784749825181761,0.4588267497726217,0.4571628513677289,0.49898703413794926,0.0,0.0,0.0,0.0,0.4497462614248307,0.0,0.0,0.0,0.45530827353120595,0.0,0.46842340518215164,0.0,0.0,0.0,0.0,0.0,0.0,0.4684653551026865,0.39125203290262217,0.0,0.0,0.0,0.4499142942765368,0.48355429688161966,0.48852507652279675,0.45447271258343075,0.0,0.3080949571397025,0.48072045599812085,0.4705980792637909,0.0,0.4247870086638329,0.0,0.46471327565181664
0.4219132450957614,0.41777078992221184,0.3736780377766939,0.0,0.45167264135197416,0.4456968906992756,0.54720272365595,0.41953536162302857,0.43810526443681735,0.4191298516532129,0.0,0.28430141517208174,0.513491937348002,0.0,0.43624330739308115,0.0,0.42355264529783554,0.37927499359078864,0.0,0.4235427220718229,0.4200164013395092,0.3826524332323866,0.440970952604803,0.4294794665417808,0.41151727832732615,0.4344117583719621,0.4685433774603282,0.5277835442496371,0.4722926245898046,0.4891845408001067,0.4174386892861047,0.4739616517588901,0.4358462113988439,0.41871950125901813,0.45423918377774425,0.41190754942569086,0.0,0.0,0.45358965645802596,0.41636361559858925,0.41749997708770564,0.44941865102131445,0.0,0.0,0.0,0.4806123407625076,0.4542333460602192,0.0,0.0,0.0,0.0,0.0,0.0,0.0,0.0,0.0,0.0,0.0,0.0,0.4337168945632505,0.43221072780738523,0.0,0.4239178337863966,0.0,0.4112711301649748,0.4990258594182981,0.4713697307431604,0.0,0.0,0.43266579382892373,0.46761400631936734,0.4053457549887639,0.0,0.0,0.0,0.41977122426458546
0.38328845553435287,0.35813300192033964,0.0,0.0,0.41546208607317886,0.0,0.44499200410341677,0.0,0.0,0.3442153677407743,0.39082900112839536,0.390826447249429,0.4759116006072384,0.0,0.0,0.42355264529783554,0.0,0.3527535281216118,0.0,0.0,0.43763878489433156,0.4007566839564291,0.0,0.377021423239687,0.32363290373655074,0.38005069328851515,0.0,0.4470178955206911,0.0,0.0,0.3935932873888775,0.4366692616319952,0.3787649432941491,0.3873253290499087,0.3791660350539563,0.48162966689088105,0.4450088114676913,0.3651914007320499,0.44091581354199183,0.4166115655360391,0.4284211543540607,0.0,0.0,0.0,0.0,0.4815184688932667,0.0,0.0,0.0,0.0,0.0,0.0,0.0,0.0,0.4313248056467465,0.0,0.45063398613147526,0.0,0.0,0.0,0.0,0.43853476985954415,0.42170535710813106,0.0,0.0,0.0,0.0,0.0,0.4757633287858588,0.43732841964557134,0.4736964558570386,0.0,0.0,0.0,0.0,0.4255608691483225
0.41692565474871307,0.410943806048473,0.0,0.0,0.0,0.43939620530181694,0.5176356299518725,0.5110258183227772,0.0,0.38712762348449375,0.0,0.3579651291408697,0.5441197199224576,0.0,0.40394125351690074,0.37927499359078864,0.3527535281216118,0.0,0.0,0.44196516640344924,0.4155559600286573,0.4234295422341964,0.4182107637147513,0.3710625529230517,0.36450195921534667,0.4012589285956625,0.4517501747348697,0.501732590815795,0.49314071490242595,0.484514463717137,0.40649965873150695,0.49039210022063534,0.39514356306685905,0.40690919692448047,0.4139033641218784,0.0,0.0,0.0,0.4351993262312985,0.4053588599303878,0.4163150916054132,0.4306819702404827,0.0,0.0,0.0,0.48673513727466433,0.43154099256604833,0.0,0.0,0.0,0.0,0.0,0.0,0.0,0.41007354103230875,0.0,0.4352959813546955,0.0,0.0,0.3557090292055064,0.41168543921349116,0.4190692308573731,0.41669374185040065,0.0,0.0,0.0,0.42782576358031976,0.0,0.4697815054342349,0.4268002299007628,0.45003354212344554,0.0,0.0,0.0,0.0,0.43021647691671255
0.0,0.0,0.34074651892635244,0.4436504670360307,0.4414589155912889,0.41899004296520365,0.4836006310814038,0.519478002531433,0.3526943413798264,0.49086472984343343,0.35970043258650986,0.0,0.4736174220007055,0.42448497660328605,0.0,0.0,0.0,0.0,0.0,0.0,0.0,0.0,0.39641763149953907,0.0,0.0,0.0,0.3955369800402055,0.4735529542963629,0.0,0.42560015897730086,0.4935448859377161,0.45565534827855414,0.0,0.4947745845488374,0.48154851379741004,0.4387941084555699,0.46982583349261325,0.3795956662012023,0.0,0.0,0.0,0.0,0.5232712334397212,0.0,0.0,0.0,0.0,0.6419133281030043,0.0,0.45341866741452963,0.5478659796814304,0.5235351197735962,0.5838794226932162,0.6133750811489501,0.0,0.5680441245626717,0.0,0.46617316945955845,0.547139802251044,0.0,0.0,0.0,0.0,0.6152157740111975,0.0,0.0,0.0,0.6091121981910553,0.0,0.0,0.0,0.5703571214011809,0.0,0.0,0.0,0.0
0.46370111567667427,0.447404917109072,0.38489610068438884,0.0,0.44429472707637496,0.4233784835998839,0.4669003005040525,0.4192006837471123,0.4261885892258249,0.0,0.0,0.0,0.4679162060007238,0.0,0.37457138749264696,0.4235427220718229,0.0,0.44196516640344924,0.0,0.0,0.4197494955805322,0.35478534750274116,0.37683061591287237,0.43943534375496196,0.41814055037497344,0.46992917391687716,0.3716187440491757,0.4270316350972209,0.3539580408460383,0.3159707945174097,0.41520636630960067,0.4885908107317589,0.44614053921892466,0.4595610532356556,0.5018741676009556,0.5110233982024999,0.0,0.0,0.46308025543829534,0.0,0.4515894505598769,0.42621129117155687,0.0,0.0,0.0,0.0,0.4554469213157181,0.0,0.0,0.0,0.4072980701216157,0.0,0.4872746017017104,0.0,0.0,0.0,0.0,0.0,0.0,0.42456534434514664,0.0,0.0,0.0,0.0,0.45831801841785635,0.44061164157283916,0.4478321944597478,0.46852686329099474,0.0,0.0,0.47581755191526603,0.48423402023690254,0.0,0.44432053893462353,0.0,0.0
0.4402907095688432,0.42700351366014905,0.0,0.0,0.0,0.42403870919766623,0.0,0.3906145114607754,0.0,0.4977389068809812,0.0,0.4623620382299638,0.44069341368748904,0.4552742719211414,0.41408732737056075,0.4200164013395092,0.43763878489433156,0.4155559600286573,0.0,0.4197494955805322,0.0,0.45483650766758704,0.42877578510750847,0.5539425324744096,0.4360575773805385,0.4410338538394622,0.4401494319580123,0.4262768469534476,0.38945544051395375,0.3857227167332879,0.41340724562794906,0.45388087568601176,0.3723581973925733,0.4142290489819619,0.4444086406270268,0.4744924968385841,0.0,0.4428632985827021,0.486046432854302,0.44296212324625794,0.4514847943938808,0.5079961503588428,0.0,0.0,0.0,0.49470942018947717,0.4947943021755596,0.0,0.0,0.0,0.43608250989834246,0.0,0.4340061808947576,0.0,0.0,0.0,0.5129579132661887,0.0,0.0,0.4708295268004636,0.4560715572687675,0.0,0.0,0.0,0.4468979646505441,0.47609357940772845,0.5049651581257973,0.4689292994644451,0.0,0.3784249413404019,0.5221835513897388,0.48148614859026057,0.0,0.45194553752943223,0.0,0.0
0.40937646843670894,0.39612593123206336,0.4346727845497403,0.48687922920331567,0.4533100750064277,0.4332012796201035,0.49352254026238,0.4007325911646652,0.4343017192923732,0.0,0.0,0.0,0.4976699502945232,0.0,0.3812752351352489,0.3826524332323866,0.4007566839564291,0.4234295422341964,0.0,0.35478534750274116,0.45483650766758704,0.0,0.4313369179762597,0.0,0.3941594446881118,0.4075904794633505,0.4564694971485497,0.48012975235332966,0.42412281247306705,0.47848895034881594,0.42365340262579027,0.4892102542441951,0.43343826405946334,0.44323597398376935,0.48785021580382326,0.5189480985874474,0.4870854856455189,0.0,0.48332721522482897,0.4527441705759964,0.46701221910418167,0.49737689309833855,0.0,0.0,0.0,0.44836540269168734,0.46880340934350584,0.0,0.0,0.0,0.3979194788330953,0.0,0.4606715808687463,0.0,0.0,0.0,0.0,0.0,0.0,0.4823307691306908,0.4433211653099042,0.0,0.0,0.0,0.44846696556531285,0.48671283530610765,0.48381289407797273,0.44851365122773224,0.0,0.37744949469921785,0.5004300039638999,0.45752374812949925,0.0,0.423710677513179,0.0,0.43794819781530664
0.5082222211085405,0.4227474821779028,0.36543511837308196,0.4013211797265729,0.42710918575763235,0.414142916466927,0.44189448852908103,0.3743464159484446,0.4667553087432814,0.42456017145608466,0.26429420613654153,0.438973442598895,0.44515456446534674,0.38632016746982933,0.37109661549065837,0.440970952604803,0.0,0.4182107637147513,0.39641763149953907,0.37683061591287237,0.42877578510750847,0.4313369179762597,0.0,0.5656245490827332,0.44386446831840354,0.4764112239375249,0.37858422762204275,0.4505299349441937,0.3927281851631008,0.43700720215504285,0.43915763369573785,0.43055918101865714,0.38119909456990503,0.43994173962917316,0.4361346710495234,0.4074977722769325,0.4166090787716261,0.3491416522573605,0.500052102964794,0.4603868366923386,0.5090438311960257,0.510784471796436,0.5120889532084147,0.0,0.0,0.0,0.3944357345567201,0.5976721975206448,0.0,0.5199110343898693,0.5347091734860717,0.5391085630362662,0.5202074651675513,0.5815151974920317,0.0,0.5305185444248295,0.0,0.5340839906413635,0.5302877123680879,0.4508607142441093,0.3172573909915596,0.0,0.0,0.606162345943384,0.48391458347445326,0.5180187263586608,0.4521546514660334,0.5487645034804277,0.0,0.0,0.48905004931571705,0.5154681717160302,0.5304350194769305,0.5000940326582973,0.5000032608706544,0.5283608253576461
0.40894975982117765,0.26754751384338027,0.0,0.0,0.0,0.0,0.0,0.5468530467956586,0.0,0.3512226961795722,0.4487008323670914,0.3201500815067986,0.4465787350843293,0.0,0.4504773268585793,0.4294794665417808,0.377021423239687,0.3710625529230517,0.0,0.43943534375496196,0.5539425324744096,0.0,0.5656245490827332,0.0,0.35484265634186574,0.35197068800377523,0.5031606039107754,0.3635040223556015,0.40643493940018377,0.0,0.37169474370241046,0.30379950963304114,0.23552149254491386,0.28064610292071795,0.25843986019877935,0.41745619424718416,0.0,0.2591701194163867,0.4571864929183335,0.3892976407087596,0.39364017079181934,0.0,0.0,0.0,0.3413672821719703,0.5235393870199176,0.4638019906856089,0.0,0.0,0.0,0.0,0.0,0.0,0.0,0.44557641578058477,0.0,0.46692162034546947,0.0,0.0,0.0,0.4318984834221935,0.4805773485122049,0.460808866771177,0.0,0.0,0.0,0.0,0.0,0.46154565115973906,0.4698048722412804,0.5075391757995583,0.0,0.0,0.0,0.0,0.46034780743759607
0.4027408004127312,0.3760174037579896,0.0,0.0,0.4181593287203086,0.41013633626369395,0.48563640087887006,0.5140223172002968,0.3684935601000609,0.35866811537309345,0.0,0.36687184229955183,0.46654519968936564,0.0,0.3891819289176681,0.41151727832732615,0.32363290373655074,0.36450195921534667,0.0,0.41814055037497344,0.4360575773805385,0.3941594446881118,0.44386446831840354,0.35484265634186574,0.0,0.3824968353436738,0.4142561255122906,0.46011554375405167,0.43567424628970464,0.38189917941533813,0.3916019101727632,0.435474104198048,0.3539952889597179,0.37637878199294056,0.3884522653402461,0.3912193979019484,0.0,0.3507489837670467,0.43488022742906346,0.4097305276067779,0.4148116571943406,0.42559270824830187,0.0,0.0,0.0,0.47678902515887617,0.4278916260823954,0.0,0.0,0.0,0.0,0.0,0.0,0.0,0.4390367574370607,0.0,0.456361051801696,0.0,0.0,0.38758659866752343,0.4101279115526908,0.4294481668137629,0.41967702005894436,0.0,0.3419593417647528,0.3828085349509782,0.39309377477645496,0.36441647547564116,0.4660407223697672,0.4308356314798433,0.45585784995071815,0.0,0.0,0.0,0.0,0.446945778334281
0.3778633393548594,0.42178482497713293,0.0,0.0,0.0,0.4188134567396012,0.47773868594766666,0.5120843651723035,0.0,0.361231198883206,0.0,0.3342347534112538,0.4782480029106832,0.4642750134042547,0.42848870916777765,0.4344117583719621,0.38005069328851515,0.4012589285956625,0.0,0.46992917391687716,0.4410338538394622,0.4075904794633505,0.4764112239375249,0.35197068800377523,0.3824968353436738,0.0,0.4657993062957584,0.49615314735014915,0.4395199806074527,0.0,0.4134777322849159,0.46183830919849217,0.38184331005640815,0.40457769874167776,0.43045966401515146,0.5019437566897988,0.44622459826884103,0.34401994463930285,0.4776696032924759,0.4331270782324372,0.44631463031965596,0.47431537869451096,0.0,0.0,0.3953464472966142,0.4964325647073781,0.47996788852434624,0.0,0.0,0.0,0.4329129560871149,0.0,0.0,0.0,0.4466377790898683,0.0,0.471424287208496,0.0,0.0,0.5012459094114026,0.4436458929216587,0.45435896026725203,0.43977070681801766,0.0,0.45599699855440146,0.5335318283303261,0.5066986838123779,0.4485541475830008,0.47764314550157716,0.44935168465217956,0.479520360771413,0.48067236545721886,0.0,0.5195145272492837,0.0,0.46525990423059765
0.5088224151113976,0.44275881301239867,0.3326761754347974,0.4090822664688815,0.4330281556439858,0.39674533124713657,0.45124247071412577,0.4515307544145032,0.3463833093517401,0.0,0.42631048609014055,0.0,0.45429804011673564,0.4451217426142853,0.4240187642676891,0.4685433774603282,0.0,0.4517501747348697,0.3955369800402055,0.3716187440491757,0.4401494319580123,0.4564694971485497,0.37858422762204275,0.5031606039107754,0.4142561255122906,0.4657993062957584,0.0,0.4502087190337856,0.3809366068207939,0.42682476251258106,0.4284505202535409,0.4444953428996424,0.4076830907738086,0.4487899522711865,0.4509955857336164,0.45550968280822474,0.4335838819655941,0.0,0.4844020011806656,0.0,0.49006099664797714,0.49166014279549963,0.5321114047125728,0.0,0.0,0.0,0.3752488078928166,0.5639896296540561,0.0,0.0,0.5110468515406259,0.0,0.49868813975072107,0.5608989230727641,0.0,0.5595814782278554,0.0,0.5390132209015215,0.521949225196878,0.44813656898382886,0.0,0.0,0.0,0.6339489703465584,0.4804462253286565,0.48114570840337056,0.39024702742167405,0.5205611023605132,0.0,0.0,0.4767215828392889,0.49178371633538515,0.5040434503416255,0.47862728063678905,0.46658664584301585,0.4959106078873881
0.4849803123243016,0.47258222737799327,0.4755131757799706,0.24060459549844426,0.3583642649884812,0.40354577395026364,0.35688949769678946,0.4503956275075283,0.46476209056908185,0.38307128035367016,0.4743986682388969,0.3042755093343078,0.355382573314304,0.2330646417442245,0.4215489208275969,0.5277835442496371,0.4470178955206911,0.501732590815795,0.4735529542963629,0.4270316350972209,0.4262768469534476,0.48012975235332966,0.4505299349441937,0.3635040223556015,0.46011554375405167,0.49615314735014915,0.4502087190337856,0.0,0.36745051262274325,0.3553390264319067,0.398448787869487,0.3933954380352027,0.3266876934648983,0.36568305158327596,0.2955881816785242,0.25597638895680264,0.2441213028820242,0.3157739652228864,0.38228667431061714,0.0,0.0,0.2684880647488951,0.0,0.22913694671982884,0.0,0.0,0.0,0.430758858492366,0.0,0.0,0.5026575647461924,0.0,0.4970210087477389,0.0,0.0,0.0,0.0,0.0,0.0,0.0,0.0,0.0,0.0,0.0,0.49697916541353204,0.47725702682675575,0.0,0.5145700812299052,0.0,0.0,0.0,0.4990479514176029,0.0,0.48702276661721905,0.0,0.5456502951114963
0.46334388104862684,0.42909980599160474,0.39875993991511405,0.0,0.42265711553038837,0.3153778568731642,0.45272003881612943,0.3685384992452404,0.4168639521158526,0.0,0.0,0.0,0.44118526667713104,0.0,0.4065373964649837,0.4722926245898046,0.0,0.49314071490242595,0.0,0.3539580408460383,0.38945544051395375,0.42412281247306705,0.3927281851631008,0.40643493940018377,0.43567424628970464,0.4395199806074527,0.3809366068207939,0.36745051262274325,0.0,0.3631801430972286,0.3844622959013714,0.4256769057337059,0.4132563578787934,0.43438210657095444,0.42533579373796027,0.4305578435906346,0.390985787631015,0.0,0.45631324389914085,0.0,0.4382551884946948,0.4300085153888976,0.425040807169795,0.0,0.0,0.0,0.43871473349543133,0.397311623096518,0.0,0.0,0.40766344165707136,0.0,0.41482310624963836,0.0,0.0,0.0,0.0,0.412042043757104,0.0,0.43867878068823635,0.0,0.0,0.0,0.0,0.45950838428421675,0.44655542165992135,0.40384473837872226,0.46395504233488666,0.0,0.0,0.47940486599001275,0.4616802907686042,0.44766921608093463,0.4432007051981943,0.39967500437459796,0.45613495796096293
0.0,0.43968560598227924,0.4389474728368199,0.0,0.0,0.4429532731821669,0.46694493548540716,0.44430233541723174,0.4313090324811151,0.0,0.35564876792091027,0.0,0.43741091935086773,0.0,0.4254453008781881,0.4891845408001067,0.0,0.484514463717137,0.42560015897730086,0.3159707945174097,0.3857227167332879,0.47848895034881594,0.43700720215504285,0.0,0.38189917941533813,0.0,0.42682476251258106,0.3553390264319067,0.3631801430972286,0.0,0.3419245872271801,0.4075290645201835,0.0,0.37241418016037475,0.31884711915072084,0.34352439748507846,0.31818190291169235,0.0,0.0,0.0,0.0,0.0,0.0,0.0,0.0,0.0,0.0,0.0,0.0,0.0,0.4450721637993509,0.0,0.43235715534171526,0.0,0.0,0.0,0.0,0.0,0.0,0.0,0.0,0.0,0.0,0.0,0.44851230973497136,0.4826331997597497,0.0,0.5010344879924118,0.0,0.0,0.0,0.4780491184940913,0.0,0.42127751466300445,0.0,0.0
0.40096306037557183,0.38956402959239583,0.46702186884825386,0.29889910477278914,0.4430549436027805,0.4349696267664635,0.4204938868181639,0.4448828836150782,0.483262677022957,0.3616609359807953,0.5002040116288411,0.3586228790867631,0.43423814400607047,0.4912400190340137,0.4290401076030931,0.4174386892861047,0.3935932873888775,0.40649965873150695,0.4935448859377161,0.41520636630960067,0.41340724562794906,0.42365340262579027,0.43915763369573785,0.37169474370241046,0.3916019101727632,0.4134777322849159,0.4284505202535409,0.398448787869487,0.3844622959013714,0.3419245872271801,0.0,0.4060653802512881,0.3781412014965823,0.281008028964633,0.24236331716666826,0.38465797970275484,0.2986135582589354,0.3170424215415614,0.43657953821192885,0.3959827807481381,0.44052815238311227,0.0,0.0,0.0,0.0,0.47278145888976236,0.4407113815278404,0.0,0.0,0.0,0.46944444871965935,0.0,0.5099306637569248,0.0,0.43436249804261645,0.0,0.46198137800960215,0.0,0.0,0.45611367365349464,0.4262094165531009,0.34249831659366925,0.43706483261224655,0.0,0.4505680536065504,0.4683589702783173,0.45877952145821743,0.5000898737513934,0.4635765845887168,0.4442561355086303,0.46781358636750564,0.4885279739699059,0.0,0.46033102711937934,0.0,0.0
0.44812488641943987,0.44505855078018736,0.4314617830653317,0.3316336299662871,0.4201937158637607,0.43016304760865437,0.4224490087995391,0.41482347705258216,0.4460235235408094,0.36031112468730875,0.46075364149351944,0.28820530002645256,0.41251923357212283,0.25403247945231294,0.46988263904290845,0.4739616517588901,0.4366692616319952,0.49039210022063534,0.45565534827855414,0.4885908107317589,0.45388087568601176,0.4892102542441951,0.43055918101865714,0.30379950963304114,0.435474104198048,0.46183830919849217,0.4444953428996424,0.3933954380352027,0.4256769057337059,0.4075290645201835,0.4060653802512881,0.0,0.4089410792965299,0.3292451014297817,0.36385215831508455,0.33678726438979456,0.36372132946771024,0.2702425723897041,0.30970001748942166,0.3061310793935057,0.3168626503780758,0.3390015623968026,0.3060422698135395,0.2949879408156745,0.3062136177620304,0.5169280645840657,0.478165292108564,0.46932717425404985,0.0,0.0,0.47816827193920414,0.0,0.4844178673376253,0.0,0.28789165361163854,0.0,0.29341479573379736,0.22420608497576752,0.0,0.47282315584320894,0.44948753756979365,0.0,0.448052507756775,0.0,0.4646351056106827,0.49026893604938243,0.48928233756184314,0.4918243638399867,0.31099744978852195,0.46158731416133747,0.4961686443507058,0.48947545599122394,0.34992196225734223,0.47542569350432523,0.0,0.4337356410843098
0.3290375126560287,0.3742040733718126,0.0,0.4445586305851562,0.0,0.3958334796074682,0.0,0.39745749238455513,0.0,0.35300424384791185,0.3941299923859207,0.264651544379589,0.41661739309507245,0.0,0.40902831139745555,0.4358462113988439,0.3787649432941491,0.39514356306685905,0.0,0.44614053921892466,0.3723581973925733,0.43343826405946334,0.38119909456990503,0.23552149254491386,0.3539952889597179,0.38184331005640815,0.4076830907738086,0.3266876934648983,0.4132563578787934,0.0,0.3781412014965823,0.4089410792965299,0.0,0.25634856869746186,0.3319793627354892,0.47395918342498533,0.3501261926655299,0.1842003054104378,0.2918449322622623,0.26612286735842616,0.3264866979418848,0.31231389393002484,0.19742051816808948,0.24383566938999757,0.2591251297525306,0.49671819832253555,0.432911215393382,0.0,0.0,0.0,0.3773778947195547,0.0,0.44647817213825175,0.0,0.3682742120224376,0.0,0.38303393341520137,0.0,0.0,0.4521311019032402,0.4182351092715188,0.4106907166580053,0.43483900789686647,0.0,0.3866928164482909,0.45780428299709597,0.4629039126946386,0.4362002336068186,0.36695794682378297,0.4447920619707013,0.4631355234763404,0.4676445109905053,0.2770433524602539,0.0,0.0,0.38892590922647646
0.39052884947856137,0.38441131751370544,0.458047158730566,0.26131853822240936,0.43673183502004476,0.4349556768405456,0.40802470498611887,0.4449457707439957,0.47293419670877335,0.32736390595972387,0.5002096857559598,0.24347096372685298,0.420742477229994,0.0,0.43981770827644906,0.41871950125901813,0.3873253290499087,0.40690919692448047,0.4947745845488374,0.4595610532356556,0.4142290489819619,0.44323597398376935,0.43994173962917316,0.28064610292071795,0.37637878199294056,0.40457769874167776,0.4487899522711865,0.36568305158327596,0.43438210657095444,0.37241418016037475,0.281008028964633,0.3292451014297817,0.25634856869746186,0.0,0.2159618321240633,0.34587433542265533,0.2846214575356378,0.20749358458336378,0.3098372367946016,0.35107051409681167,0.3575818356406023,0.3446290888568176,0.27095328192842366,0.2898813365052363,0.3126676988862356,0.46229389758853223,0.43612857120905796,0.0,0.0,0.0,0.4542343735563886,0.0,0.5084354994425985,0.0,0.3874548814149693,0.0,0.40168438890316704,0.0,0.0,0.4612023290972155,0.4161613196729218,0.419208153906067,0.4200861213601811,0.0,0.4574032996674652,0.47703576847896767,0.4708368837692912,0.49409746970266005,0.3789993595177285,0.42522479754143544,0.46713913010512437,0.49299132277712704,0.24178923509295716,0.4596206666214802,0.0,0.418958105610866
0.4046396928566863,0.41011953087980263,0.4372758435441009,0.3106560689147211,0.37336780545654247,0.44083534132852714,0.42090719044016983,0.45907421932898707,0.4456556982974657,0.3192182201586905,0.4641416949918567,0.2537880932819767,0.39348234559879064,0.0,0.4772985133960682,0.45423918377774425,0.3791660350539563,0.4139033641218784,0.48154851379741004,0.5018741676009556,0.4444086406270268,0.48785021580382326,0.4361346710495234,0.25843986019877935,0.3884522653402461,0.43045966401515146,0.4509955857336164,0.2955881816785242,0.42533579373796027,0.31884711915072084,0.24236331716666826,0.36385215831508455,0.3319793627354892,0.2159618321240633,0.0,0.40415545130800157,0.3338599488736829,0.23551687309932975,0.32092777846079285,0.3245412134117421,0.3144022877332981,0.3463538782884333,0.3164598906391036,0.29980396321850017,0.0,0.4918378719934096,0.45893019203749746,0.0,0.0,0.0,0.0,0.0,0.0,0.0,0.0,0.0,0.37408528000708896,0.0,0.0,0.4881619446731373,0.41384856761335403,0.0,0.41750003017847537,0.0,0.43096415622499035,0.5525286705069894,0.49046911018584743,0.0,0.0,0.41868917890766855,0.4697491652762701,0.4896713944754903,0.0,0.0,0.0,0.0
0.0,0.4076165106501723,0.4453184389435339,0.13710079032577244,0.22008984308142113,0.4321630196195282,0.28296126154619516,0.23181655333510498,0.4555071387508703,0.4106096481655628,0.2979347225915469,0.3149019989934122,0.3046216172557384,0.18287883602073596,0.5247278261262621,0.41190754942569086,0.48162966689088105,0.0,0.4387941084555699,0.5110233982024999,0.4744924968385841,0.5189480985874474,0.4074977722769325,0.41745619424718416,0.3912193979019484,0.5019437566897988,0.45550968280822474,0.25597638895680264,0.4305578435906346,0.34352439748507846,0.38465797970275484,0.33678726438979456,0.47395918342498533,0.34587433542265533,0.40415545130800157,0.0,0.18706188822840397,0.2974057916613115,0.29148751467771683,0.0,0.2854631911857908,0.33329921041409255,0.3608718402788626,0.0,0.0,0.0,0.0,0.0,0.0,0.376474530101919,0.44996689042397064,0.0,0.3622709673772938,0.5769673932891717,0.0,0.4055438893975569,0.0,0.0,0.44355826849123375,0.43646212718402877,0.0,0.0,0.0,0.5245058606831604,0.0,0.0,0.0,0.4847972696325448,0.0,0.0,0.0,0.46970754147245763,0.2377069569237644,0.0,0.0,0.0
0.0,0.3781388631644771,0.4283908254141432,0.17325561759738256,0.266672235303273,0.42351021159290914,0.28159249106634926,0.3124334028733141,0.4491847319773039,0.3159506140702151,0.4636430798939702,0.2851427088179167,0.3012917307427758,0.16002628227459725,0.4689786371529464,0.0,0.4450088114676913,0.0,0.46982583349261325,0.0,0.0,0.4870854856455189,0.4166090787716261,0.0,0.0,0.44622459826884103,0.4335838819655941,0.2441213028820242,0.390985787631015,0.31818190291169235,0.2986135582589354,0.36372132946771024,0.3501261926655299,0.2846214575356378,0.3338599488736829,0.18706188822840397,0.0,0.28801101548906205,0.28611921960857517,0.0,0.2941085246001373,0.3160886972306276,0.2914175074322203,0.27548498593656223,0.0,0.0,0.0,0.0,0.0,0.0,0.0,0.0,0.0,0.0,0.0,0.0,0.0,0.0,0.0,0.0,0.0,0.0,0.0,0.0,0.0,0.0,0.0,0.0,0.0,0.0,0.0,0.3600267329172896,0.0,0.0,0.0,0.0
0.4199337587336682,0.0,0.0,0.0,0.40105653797782714,0.35478803416675525,0.42146541528882703,0.0,0.42417002108541385,0.30960603007474063,0.4495900936848012,0.2332377705362525,0.3945312802139094,0.0,0.0,0.0,0.3651914007320499,0.0,0.3795956662012023,0.0,0.4428632985827021,0.0,0.3491416522573605,0.2591701194163867,0.3507489837670467,0.34401994463930285,0.0,0.3157739652228864,0.0,0.0,0.3170424215415614,0.2702425723897041,0.1842003054104378,0.20749358458336378,0.23551687309932975,0.2974057916613115,0.28801101548906205,0.0,0.27563902963510467,0.253217573205113,0.289284957285371,0.303239654415556,0.0,0.0,0.25953099531045526,0.0,0.0,0.0,0.0,0.0,0.0,0.0,0.0,0.0,0.34113401844498287,0.0,0.3496384984885117,0.0,0.0,0.0,0.0,0.0,0.0,0.0,0.0,0.0,0.0,0.0,0.34311590705713507,0.0,0.4260413313103568,0.0,0.0,0.0,0.0,0.3196451180236366
0.4534848819976482,0.46435737250314363,0.0,0.2598459269086688,0.0,0.4767960769467408,0.0,0.4781413901300672,0.37913842287280947,0.3119806192745856,0.43381044609365244,0.2712044435180272,0.3475025669202783,0.0,0.4784749825181761,0.45358965645802596,0.44091581354199183,0.4351993262312985,0.0,0.46308025543829534,0.486046432854302,0.48332721522482897,0.500052102964794,0.4571864929183335,0.43488022742906346,0.4776696032924759,0.4844020011806656,0.38228667431061714,0.45631324389914085,0.0,0.43657953821192885,0.30970001748942166,0.2918449322622623,0.3098372367946016,0.32092777846079285,0.29148751467771683,0.28611921960857517,0.27563902963510467,0.0,0.3562911920109107,0.34334300504332926,0.3754607978529731,0.2686035316976089,0.3347908998934108,0.30299218064456857,0.4064160108472849,0.4222268566101311,0.4354867693849895,0.28950085194313996,0.41386659950816707,0.4064619242457428,0.4507767532376826,0.396228484056239,0.4242023744206078,0.3253725505698076,0.3988704860309633,0.3046602951553807,0.41328198854647225,0.0,0.45365192727025094,0.4292976795024128,0.4115147336779033,0.40716137090100946,0.4208207461254898,0.4740734586299006,0.4413785340164527,0.4576324646601717,0.4134319859125071,0.36065525920059777,0.3998351652398539,0.4297759068048867,0.4412723054279955,0.3518495385835922,0.4434654564090725,0.3674993533028619,0.3870501851992126
0.4217080098995129,0.43604160619337684,0.0,0.0,0.0,0.0,0.0,0.0,0.0,0.3580052507585075,0.0,0.40600921281737784,0.0,0.0,0.4588267497726217,0.41636361559858925,0.4166115655360391,0.4053588599303878,0.0,0.0,0.44296212324625794,0.4527441705759964,0.4603868366923386,0.3892976407087596,0.4097305276067779,0.4331270782324372,0.0,0.0,0.0,0.0,0.3959827807481381,0.3061310793935057,0.26612286735842616,0.35107051409681167,0.3245412134117421,0.0,0.0,0.253217573205113,0.3562911920109107,0.0,0.2360570581013766,0.3346479989068017,0.5893080339068525,0.0,0.21539517447941742,0.30017352226778765,0.31513216322432724,0.0,0.0,0.0,0.36546902879773524,0.4364048023954611,0.0,0.0,0.3134202603670197,0.0,0.24324580713137306,0.40313922334455604,0.0,0.3770898687332679,0.355240945417089,0.3256391974158861,0.3158373044002737,0.0,0.40980905919932253,0.3463227215128284,0.3956809283647251,0.3609678356799049,0.24608905730651032,0.3023993242033749,0.3475285407240652,0.3995166297167748,0.32713536075181704,0.3861362698177086,0.0,0.3236303328375099
0.4124076806465862,0.43833009848052923,0.0,0.0,0.0,0.4963432908574996,0.0,0.5109646565961798,0.0,0.3783390295780325,0.0,0.4090701797211677,0.0,0.0,0.4571628513677289,0.41749997708770564,0.4284211543540607,0.4163150916054132,0.0,0.4515894505598769,0.4514847943938808,0.46701221910418167,0.5090438311960257,0.39364017079181934,0.4148116571943406,0.44631463031965596,0.49006099664797714,0.0,0.4382551884946948,0.0,0.44052815238311227,0.3168626503780758,0.3264866979418848,0.3575818356406023,0.3144022877332981,0.2854631911857908,0.2941085246001373,0.289284957285371,0.34334300504332926,0.2360570581013766,0.0,0.22724743507783066,0.3245332519920925,0.2030649299971818,0.21393200648133343,0.34895154864973915,0.35578149246151847,0.4437680019044374,0.24812317262882141,0.4050753659862251,0.4064302479966494,0.4100117422418762,0.4313157908268768,0.42331981601883273,0.2868936724666646,0.40321855912258014,0.2526239719208434,0.4225395634027963,0.4195425499915129,0.42801017988110535,0.3705693006257594,0.3534278483494723,0.35547345592789714,0.42567993193047604,0.41447583927082543,0.379454139958585,0.40544418454167014,0.4126661507456622,0.3021245916647358,0.3318709018583355,0.37008626161451413,0.42674190275402496,0.3036942190661443,0.3913754223106532,0.31982044397066006,0.25179390760780473
0.4374506596818758,0.47012020318106584,0.0,0.0,0.0,0.4404088681911823,0.0,0.0,0.0,0.4583810516035523,0.0,0.31322967013880426,0.0,0.0,0.49898703413794926,0.44941865102131445,0.0,0.4306819702404827,0.0,0.42621129117155687,0.5079961503588428,0.49737689309833855,0.510784471796436,0.0,0.42559270824830187,0.47431537869451096,0.49166014279549963,0.2684880647488951,0.4300085153888976,0.0,0.0,0.3390015623968026,0.31231389393002484,0.3446290888568176,0.3463538782884333,0.33329921041409255,0.3160886972306276,0.303239654415556,0.3754607978529731,0.3346479989068017,0.22724743507783066,0.0,0.41143705518251367,0.35781129819562496,0.24799671727291894,0.40082038159256295,0.4172580916255929,0.46557086971424777,0.2791590726355891,0.43689427557342037,0.4290194938788186,0.4568941173642356,0.44225371725201523,0.0,0.2833243764081678,0.37184393614376915,0.27655984233574943,0.45561311358454654,0.0,0.4729186410894804,0.431539949285339,0.37715703443244125,0.37796232931083273,0.39739096108285327,0.4680061193774256,0.45252436796344814,0.46978102077964434,0.43654371791222546,0.32423129430829084,0.36216312433587405,0.4250723502083955,0.4487900774054015,0.349124326748602,0.4107269720923656,0.35055095821726584,0.24480972989030536
0.0,0.0,0.529921407710059,0.0,0.4263656707696507,0.49821023543805265,0.0,0.4566941521007613,0.5783433080047817,0.0,0.4549993487092751,0.0,0.0,0.43104828827919944,0.0,0.0,0.0,0.0,0.5232712334397212,0.0,0.0,0.0,0.5120889532084147,0.0,0.0,0.0,0.5321114047125728,0.0,0.425040807169795,0.0,0.0,0.3060422698135395,0.19742051816808948,0.27095328192842366,0.3164598906391036,0.3608718402788626,0.2914175074322203,0.0,0.2686035316976089,0.5893080339068525,0.3245332519920925,0.41143705518251367,0.0,0.22068129013254836,0.28861188084188355,0.44011192825602397,0.0,0.4598749382609939,0.15202636791108118,0.26896373458907646,0.4243485140842211,0.2555271080463454,0.26933020229594606,0.4368299101769935,0.35314938421228076,0.30784011548882584,0.32120988467339967,0.3038059847980565,0.18248299179730554,0.4996885773285539,0.0,0.3949000941472738,0.380492299089513,0.43901208275189635,0.5294588336610927,0.4666313651550699,0.5300407165173908,0.3839152531612906,0.40631232819110386,0.3962210727991326,0.5079308803508807,0.46993956708298507,0.2721724017051698,0.48534086618425026,0.37304963723787754,0.3614121728436838
0.0,0.0,0.0,0.0,0.0,0.0,0.0,0.0,0.0,0.0,0.0,0.0,0.0,0.0,0.0,0.0,0.0,0.0,0.0,0.0,0.0,0.0,0.0,0.0,0.0,0.0,0.0,0.22913694671982884,0.0,0.0,0.0,0.2949879408156745,0.24383566938999757,0.2898813365052363,0.29980396321850017,0.0,0.27548498593656223,0.0,0.3347908998934108,0.0,0.2030649299971818,0.35781129819562496,0.22068129013254836,0.0,0.0,0.0,0.0,0.41582646387476707,0.21370679272431117,0.2017035692947442,0.405459666059837,0.2512961403249264,0.0,0.3921935294367765,0.32764717288495376,0.3879396215045323,0.29403965519245323,0.290666476125088,0.16521044537372967,0.0,0.0,0.0,0.0,0.43398478744420393,0.44591360644108,0.0,0.4740021659657315,0.38884438963506235,0.29933704917557485,0.0,0.4418520603429596,0.4192564578141114,0.2685695383406102,0.4217088501281293,0.0,0.2903194361888566
0.0,0.0,0.0,0.0,0.0,0.0,0.0,0.0,0.0,0.3409109483024541,0.0,0.35059573377118414,0.0,0.0,0.0,0.0,0.0,0.0,0.0,0.0,0.0,0.0,0.0,0.3413672821719703,0.0,0.3953464472966142,0.0,0.0,0.0,0.0,0.0,0.3062136177620304,0.2591251297525306,0.3126676988862356,0.0,0.0,0.0,0.25953099531045526,0.30299218064456857,0.21539517447941742,0.21393200648133343,0.24799671727291894,0.28861188084188355,0.0,0.0,0.4267682735802213,0.0,0.0,0.0,0.0,0.0,0.0,0.0,0.0,0.26508083003207156,0.0,0.22280918334365205,0.26123575258647314,0.0,0.0,0.0,0.3073768527133347,0.2603629829584537,0.0,0.0,0.43725306892046756,0.0,0.4524639367166663,0.28312079688867825,0.3390943245000345,0.36275400957607973,0.0,0.27336721083482257,0.0,0.0,0.2923941935245211
0.48752556414446035,0.4591060542783011,0.0,0.0,0.0,0.0,0.0,0.0,0.0,0.47249629047875186,0.0,0.4289843239532153,0.0,0.0,0.0,0.4806123407625076,0.4815184688932667,0.48673513727466433,0.0,0.0,0.49470942018947717,0.44836540269168734,0.0,0.5235393870199176,0.47678902515887617,0.4964325647073781,0.0,0.0,0.0,0.0,0.47278145888976236,0.5169280645840657,0.49671819832253555,0.46229389758853223,0.4918378719934096,0.0,0.0,0.0,0.4064160108472849,0.30017352226778765,0.34895154864973915,0.40082038159256295,0.44011192825602397,0.0,0.4267682735802213,0.0,0.38916580233611847,0.4212121482760515,0.0,0.0,0.4113331251111423,0.0,0.4827777519625698,0.0,0.39691618962779995,0.5880291744662838,0.43750011936838484,0.41745492169516435,0.47197791944659706,0.4106557385146868,0.37606601197879835,0.35569080302104433,0.3730356643457764,0.0,0.42784734161992394,0.4297167068301122,0.3960534797374443,0.47413800165481057,0.4534597607058579,0.37552432692271404,0.3952670432469436,0.4477419645023481,0.4075189083056603,0.42804517308191636,0.0,0.35788428325987004
0.4568022380017901,0.46304465101160036,0.0,0.0,0.0,0.0,0.0,0.0,0.0,0.0,0.0,0.0,0.0,0.0,0.4497462614248307,0.4542333460602192,0.0,0.43154099256604833,0.0,0.4554469213157181,0.4947943021755596,0.46880340934350584,0.3944357345567201,0.4638019906856089,0.4278916260823954,0.47996788852434624,0.3752488078928166,0.0,0.43871473349543133,0.0,0.4407113815278404,0.478165292108564,0.432911215393382,0.43612857120905796,0.45893019203749746,0.0,0.0,0.0,0.4222268566101311,0.31513216322432724,0.35578149246151847,0.4172580916255929,0.0,0.0,0.0,0.38916580233611847,0.0,0.3722733355488893,0.0,0.40696120662004687,0.4408487070403897,0.47425986440786017,0.4422644207744817,0.4285886349508432,0.36914949888154575,0.0,0.0,0.4954952407793122,0.0,0.3995826762372335,0.38680333087690383,0.39709170899334956,0.3954941527593517,0.0,0.42675025606280875,0.4491805046237379,0.3872214998557085,0.43714155935614096,0.41777037540344814,0.3883390570504237,0.4159125673463048,0.45748559099031916,0.4631610754644658,0.4532581525210167,0.0,0.3719655377344987
0.0,0.0,0.31225728654281315,0.0,0.5240937769863591,0.5486937237957586,0.4706550475794298,0.588813743509015,0.5905414099706457,0.0,0.5808227227484547,0.0,0.4746168169909553,0.5453086520170888,0.0,0.0,0.0,0.0,0.6419133281030043,0.0,0.0,0.0,0.5976721975206448,0.0,0.0,0.0,0.5639896296540561,0.430758858492366,0.397311623096518,0.0,0.0,0.46932717425404985,0.0,0.0,0.0,0.0,0.0,0.0,0.4354867693849895,0.0,0.4437680019044374,0.46557086971424777,0.4598749382609939,0.41582646387476707,0.0,0.4212121482760515,0.3722733355488893,0.0,0.0,0.4653493555353879,0.4271172247135176,0.45794219600004565,0.49908078246788573,0.3611719638611122,0.0,0.33313661185414367,0.0,0.4575604363983267,0.4840983747469896,0.4441221173649863,0.0,0.0,0.0,0.3162649825674207,0.3803204093224393,0.39582774087411626,0.37210684451464593,0.4209108639662294,0.0,0.0,0.38199219747142044,0.32179230456064156,0.4570453925723484,0.41558610638378135,0.4596534794771977,0.45812264779496276
0.0,0.0,0.0,0.0,0.0,0.0,0.0,0.0,0.0,0.0,0.0,0.0,0.0,0.0,0.0,0.0,0.0,0.0,0.0,0.0,0.0,0.0,0.0,0.0,0.0,0.0,0.0,0.0,0.0,0.0,0.0,0.0,0.0,0.0,0.0,0.0,0.0,0.0,0.28950085194313996,0.0,0.24812317262882141,0.2791590726355891,0.15202636791108118,0.21370679272431117,0.0,0.0,0.0,0.0,0.0,0.2170385157668679,0.0,0.29147921195429144,0.37322736167039483,0.0,0.0,0.35444187834410606,0.0,0.2899533696897955,0.20567905694472052,0.0,0.0,0.0,0.0,0.0,0.0,0.0,0.0,0.0,0.0,0.0,0.0,0.0,0.2643449924270948,0.0,0.0,0.3199667027578418
0.0,0.0,0.5737242106522544,0.0,0.0,0.4725836886841535,0.0,0.4990333397965376,0.4157475849803823,0.0,0.46451129974493577,0.0,0.0,0.0,0.0,0.0,0.0,0.0,0.45341866741452963,0.0,0.0,0.0,0.5199110343898693,0.0,0.0,0.0,0.0,0.0,0.0,0.0,0.0,0.0,0.0,0.0,0.0,0.376474530101919,0.0,0.0,0.41386659950816707,0.0,0.4050753659862251,0.43689427557342037,0.26896373458907646,0.2017035692947442,0.0,0.0,0.40696120662004687,0.4653493555353879,0.2170385157668679,0.0,0.41704547443042705,0.3125263332535686,0.4822132511796066,0.4076310161828907,0.38428658363166146,0.38098162515770295,0.33059519718430413,0.35158751978875064,0.2602180381685152,0.0,0.4020948040639324,0.0,0.0,0.43414340861240525,0.4481505961691329,0.0,0.43311873899785613,0.4276742584916112,0.0,0.42198292551979943,0.38766204102163765,0.44473033078242336,0.3271066735512132,0.42518612724553284,0.0,0.4223769085680992
0.3749138436034088,0.4001810687171563,0.5535675042575529,0.0,0.43876880684980724,0.4921768217433233,0.43595017419297255,0.49775546674583493,0.5475735504364887,0.0,0.5044488127625231,0.0,0.4653494823118417,0.4049140208685167,0.45530827353120595,0.0,0.0,0.0,0.5478659796814304,0.4072980701216157,0.43608250989834246,0.3979194788330953,0.5347091734860717,0.0,0.0,0.4329129560871149,0.5110468515406259,0.5026575647461924,0.40766344165707136,0.4450721637993509,0.46944444871965935,0.47816827193920414,0.3773778947195547,0.4542343735563886,0.0,0.44996689042397064,0.0,0.0,0.4064619242457428,0.36546902879773524,0.4064302479966494,0.4290194938788186,0.4243485140842211,0.405459666059837,0.0,0.4113331251111423,0.4408487070403897,0.4271172247135176,0.0,0.41704547443042705,0.0,0.41254588345730325,0.38910449125919844,0.34159338360284724,0.4168382036167531,0.40023229966135715,0.33204196306791656,0.40325370909604874,0.3904689476615784,0.3812487102208189,0.48051333776665284,0.44536693689304374,0.4594841916181964,0.44093421910454716,0.40521050116470686,0.3659804441464369,0.4334166004432476,0.3676225714229704,0.3897706818579364,0.44112941930298166,0.4206506393572961,0.39401554849584597,0.39590950211993087,0.37741584524655625,0.4030757018959237,0.435864409899168
0.0,0.0,0.5710760410354792,0.0,0.0,0.49442655054456414,0.0,0.5088310649269611,0.0,0.0,0.5011800887363004,0.0,0.0,0.0,0.0,0.0,0.0,0.0,0.5235351197735962,0.0,0.0,0.0,0.5391085630362662,0.0,0.0,0.0,0.0,0.0,0.0,0.0,0.0,0.0,0.0,0.0,0.0,0.0,0.0,0.0,0.4507767532376826,0.4364048023954611,0.4100117422418762,0.4568941173642356,0.2555271080463454,0.2512961403249264,0.0,0.0,0.47425986440786017,0.45794219600004565,0.29147921195429144,0.3125263332535686,0.41254588345730325,0.0,0.44019618595425647,0.4055852748972741,0.30788672114569193,0.41467898679583454,0.2708081978824816,0.33528416766153035,0.25722985263696196,0.0,0.4831153369313596,0.0,0.46350758888430665,0.4395676289643254,0.44248133946472873,0.0,0.5030912263638668,0.4138915788017428,0.35473556060118233,0.458451035157494,0.45318773249708816,0.42733998526375827,0.3198564375175176,0.43616112319222744,0.49945828199813114,0.36581585913527226
0.0,0.3482778750780267,0.609622652906237,0.0,0.0,0.46887367096354293,0.4300949598349789,0.45188500682549165,0.5635472189312093,0.0,0.517276969968119,0.0,0.49380101103358914,0.415660377171113,0.46842340518215164,0.0,0.0,0.0,0.5838794226932162,0.4872746017017104,0.4340061808947576,0.4606715808687463,0.5202074651675513,0.0,0.0,0.0,0.49868813975072107,0.4970210087477389,0.41482310624963836,0.43235715534171526,0.5099306637569248,0.4844178673376253,0.44647817213825175,0.5084354994425985,0.0,0.3622709673772938,0.0,0.0,0.396228484056239,0.0,0.4313157908268768,0.44225371725201523,0.26933020229594606,0.0,0.0,0.4827777519625698,0.4422644207744817,0.49908078246788573,0.37322736167039483,0.4822132511796066,0.38910449125919844,0.44019618595425647,0.0,0.5260255384722469,0.0,0.2895870745702624,0.0,0.43932893859050826,0.3865338578538688,0.3998717078347551,0.4224786202902795,0.0,0.4099704051876825,0.5326988028113782,0.4300328783649253,0.3347598320797711,0.36063970402045553,0.33984909659739926,0.5105888545871169,0.4620330291330059,0.47724678630023554,0.42226275203018593,0.4513750068212864,0.41471714172993407,0.41715544046743275,0.4439441464216756
0.0,0.0,0.6071854904579542,0.0,0.5805032856124028,0.5364384237148974,0.0,0.5840192672462065,0.610803027555979,0.0,0.5725140266204257,0.0,0.0,0.5377874605150154,0.0,0.0,0.0,0.0,0.6133750811489501,0.0,0.0,0.0,0.5815151974920317,0.0,0.0,0.0,0.5608989230727641,0.0,0.0,0.0,0.0,0.0,0.0,0.0,0.0,0.5769673932891717,0.0,0.0,0.4242023744206078,0.0,0.42331981601883273,0.0,0.4368299101769935,0.3921935294367765,0.0,0.0,0.4285886349508432,0.3611719638611122,0.0,0.4076310161828907,0.34159338360284724,0.4055852748972741,0.5260255384722469,0.0,0.42407290108129636,0.36916047004590663,0.0,0.42843384913386684,0.44326299774721994,0.0,0.4056286703552634,0.0,0.0,0.3060046121892671,0.3994132732626339,0.0,0.4193021933927094,0.454319312620185,0.0,0.37239262048581917,0.35861366132678335,0.3266973380820045,0.4392213499522847,0.4142094022391527,0.0,0.4471692849554534
0.47101397594520955,0.0,0.0,0.0,0.0,0.0,0.0,0.0,0.0,0.44147408192357546,0.0,0.46452128173412327,0.0,0.0,0.0,0.0,0.4313248056467465,0.41007354103230875,0.0,0.0,0.0,0.0,0.0,0.44557641578058477,0.4390367574370607,0.4466377790898683,0.0,0.0,0.0,0.0,0.43436249804261645,0.28789165361163854,0.3682742120224376,0.3874548814149693,0.0,0.0,0.0,0.34113401844498287,0.3253725505698076,0.3134202603670197,0.2868936724666646,0.2833243764081678,0.35314938421228076,0.32764717288495376,0.26508083003207156,0.39691618962779995,0.36914949888154575,0.0,0.0,0.38428658363166146,0.4168382036167531,0.30788672114569193,0.0,0.42407290108129636,0.0,0.40992654953064667,0.32504394021803873,0.3347642705477709,0.0,0.0,0.3751697772765107,0.33915429811958786,0.34526398000624325,0.44216207069274055,0.40471292446318397,0.0,0.3835084410766749,0.3749076035224421,0.3625436591763087,0.3420671442890375,0.38807978004179916,0.38201227735009013,0.3532808000591362,0.42216688476929703,0.0,0.3751831267555785
0.0,0.0,0.3153231107796726,0.0,0.43559450867489213,0.5220257701172515,0.4124772863620008,0.4946003457316183,0.5539870516961423,0.0,0.38834907807002433,0.0,0.46052111066847334,0.4318324746840229,0.0,0.0,0.0,0.0,0.5680441245626717,0.0,0.0,0.0,0.5305185444248295,0.0,0.0,0.0,0.5595814782278554,0.0,0.0,0.0,0.0,0.0,0.0,0.0,0.0,0.4055438893975569,0.0,0.0,0.3988704860309633,0.0,0.40321855912258014,0.37184393614376915,0.30784011548882584,0.3879396215045323,0.0,0.5880291744662838,0.0,0.33313661185414367,0.35444187834410606,0.38098162515770295,0.40023229966135715,0.41467898679583454,0.2895870745702624,0.36916047004590663,0.40992654953064667,0.0,0.36799052023751466,0.4250285230821495,0.2632455108862419,0.0,0.0,0.0,0.0,0.3056503371171266,0.0,0.0,0.0,0.3020856260077299,0.0,0.3729651333025683,0.0,0.4126178547313947,0.4159265461277874,0.0,0.0,0.44439619295704713
0.48493426340148416,0.0,0.0,0.0,0.0,0.0,0.0,0.0,0.0,0.4616462113240414,0.0,0.47742896215447606,0.0,0.0,0.0,0.0,0.45063398613147526,0.4352959813546955,0.0,0.0,0.5129579132661887,0.0,0.0,0.46692162034546947,0.456361051801696,0.471424287208496,0.0,0.0,0.0,0.0,0.46198137800960215,0.29341479573379736,0.38303393341520137,0.40168438890316704,0.37408528000708896,0.0,0.0,0.3496384984885117,0.3046602951553807,0.24324580713137306,0.2526239719208434,0.27655984233574943,0.32120988467339967,0.29403965519245323,0.22280918334365205,0.43750011936838484,0.0,0.0,0.0,0.33059519718430413,0.33204196306791656,0.2708081978824816,0.0,0.0,0.32504394021803873,0.36799052023751466,0.0,0.31418180251906064,0.0,0.41981440549569804,0.0,0.35922438304422605,0.34957785861279184,0.0,0.0,0.45498064901244606,0.0,0.4144698676290698,0.3385697666587033,0.36878853798231304,0.34196544853122673,0.0,0.3269454364164611,0.0,0.0,0.36119206131109677
0.0,0.0,0.5448378560233496,0.0,0.0,0.4980109701391603,0.0,0.522722366169126,0.0,0.0,0.4494148374161375,0.0,0.0,0.0,0.0,0.0,0.0,0.0,0.46617316945955845,0.0,0.0,0.0,0.5340839906413635,0.0,0.0,0.0,0.5390132209015215,0.0,0.412042043757104,0.0,0.0,0.22420608497576752,0.0,0.0,0.0,0.0,0.0,0.0,0.41328198854647225,0.40313922334455604,0.4225395634027963,0.45561311358454654,0.3038059847980565,0.290666476125088,0.26123575258647314,0.41745492169516435,0.4954952407793122,0.4575604363983267,0.2899533696897955,0.35158751978875064,0.40325370909604874,0.33528416766153035,0.43932893859050826,0.42843384913386684,0.3347642705477709,0.4250285230821495,0.31418180251906064,0.0,0.28938154714051656,0.0,0.49798381726111374,0.40422003118952965,0.5250307484673743,0.445093513273543,0.4469432205175735,0.43897937056559694,0.4875779840068358,0.41751170599120146,0.36570361838315685,0.4800334645241643,0.483824152794762,0.42713045461543203,0.348950795710776,0.4327766160946869,0.38794081328921026,0.4033300946592833
0.0,0.0,0.5721708593894448,0.0,0.0,0.5278910357481985,0.0,0.5188084421431899,0.5524968588787305,0.0,0.501082696591289,0.0,0.0,0.4782413781456344,0.0,0.0,0.0,0.0,0.547139802251044,0.0,0.0,0.0,0.5302877123680879,0.0,0.0,0.0,0.521949225196878,0.0,0.0,0.0,0.0,0.0,0.0,0.0,0.0,0.44355826849123375,0.0,0.0,0.0,0.0,0.4195425499915129,0.0,0.18248299179730554,0.16521044537372967,0.0,0.47197791944659706,0.0,0.4840983747469896,0.20567905694472052,0.2602180381685152,0.3904689476615784,0.25722985263696196,0.3865338578538688,0.44326299774721994,0.0,0.2632455108862419,0.0,0.28938154714051656,0.0,0.0,0.0,0.0,0.0,0.45991557834626634,0.0,0.43687458501045084,0.0,0.4054397976831734,0.0,0.0,0.0,0.425982360540101,0.25614905126401644,0.0,0.0,0.4167461173513469
0.0,0.47934604672364617,0.0,0.0,0.0,0.42665531950538255,0.0,0.0,0.0,0.0,0.0,0.0,0.0,0.0,0.4684653551026865,0.4337168945632505,0.0,0.3557090292055064,0.0,0.42456534434514664,0.4708295268004636,0.4823307691306908,0.4508607142441093,0.0,0.38758659866752343,0.5012459094114026,0.44813656898382886,0.0,0.43867878068823635,0.0,0.45611367365349464,0.47282315584320894,0.4521311019032402,0.4612023290972155,0.4881619446731373,0.43646212718402877,0.0,0.0,0.45365192727025094,0.3770898687332679,0.42801017988110535,0.4729186410894804,0.4996885773285539,0.0,0.0,0.4106557385146868,0.3995826762372335,0.4441221173649863,0.0,0.0,0.3812487102208189,0.0,0.3998717078347551,0.0,0.0,0.0,0.41981440549569804,0.0,0.0,0.0,0.3829008273613323,0.0,0.29299004579188315,0.0,0.33817068707079917,0.37735522246510644,0.33604976444426987,0.3558022399034717,0.4666530394476743,0.37010780231492324,0.37435384948475026,0.41556796993074957,0.0,0.3902776158743935,0.0,0.4226381958342068
0.4396496432573413,0.4437255674696792,0.0,0.0,0.0,0.0,0.0,0.0,0.0,0.0,0.0,0.0,0.0,0.0,0.39125203290262217,0.43221072780738523,0.0,0.41168543921349116,0.0,0.0,0.4560715572687675,0.4433211653099042,0.3172573909915596,0.4318984834221935,0.4101279115526908,0.4436458929216587,0.0,0.0,0.0,0.0,0.4262094165531009,0.44948753756979365,0.4182351092715188,0.4161613196729218,0.41384856761335403,0.0,0.0,0.0,0.4292976795024128,0.355240945417089,0.3705693006257594,0.431539949285339,0.0,0.0,0.0,0.37606601197879835,0.38680333087690383,0.0,0.0,0.4020948040639324,0.48051333776665284,0.4831153369313596,0.4224786202902795,0.4056286703552634,0.3751697772765107,0.0,0.0,0.49798381726111374,0.0,0.3829008273613323,0.0,0.3841356091829339,0.35590806085368104,0.0,0.42917813187609305,0.379704791216287,0.4029736351721104,0.4037120104265178,0.3644705372384927,0.389777775487648,0.4134425343689524,0.46033699133889533,0.4854284779018949,0.4595539073244928,0.0,0.3823740763298511
0.0,0.0,0.0,0.0,0.0,0.0,0.0,0.0,0.0,0.4525555245079913,0.0,0.455633427989538,0.0,0.0,0.0,0.0,0.43853476985954415,0.4190692308573731,0.0,0.0,0.0,0.0,0.0,0.4805773485122049,0.4294481668137629,0.45435896026725203,0.0,0.0,0.0,0.0,0.34249831659366925,0.0,0.4106907166580053,0.419208153906067,0.0,0.0,0.0,0.0,0.4115147336779033,0.3256391974158861,0.3534278483494723,0.37715703443244125,0.3949000941472738,0.0,0.3073768527133347,0.35569080302104433,0.39709170899334956,0.0,0.0,0.0,0.44536693689304374,0.0,0.0,0.0,0.33915429811958786,0.0,0.35922438304422605,0.40422003118952965,0.0,0.0,0.3841356091829339,0.0,0.3413003987480567,0.0,0.4072147903083382,0.0,0.4098963756177145,0.0,0.39232593978411145,0.3483451157921377,0.3647000982133231,0.0,0.39007580409843223,0.44520845445136914,0.0,0.3650375348254685
0.4314580969028673,0.41992656458154637,0.0,0.0,0.0,0.0,0.0,0.0,0.0,0.42431497422580994,0.0,0.43028811964744995,0.0,0.0,0.0,0.4239178337863966,0.42170535710813106,0.41669374185040065,0.0,0.0,0.0,0.0,0.0,0.460808866771177,0.41967702005894436,0.43977070681801766,0.0,0.0,0.0,0.0,0.43706483261224655,0.448052507756775,0.43483900789686647,0.4200861213601811,0.41750003017847537,0.0,0.0,0.0,0.40716137090100946,0.3158373044002737,0.35547345592789714,0.37796232931083273,0.380492299089513,0.0,0.2603629829584537,0.3730356643457764,0.3954941527593517,0.0,0.0,0.0,0.4594841916181964,0.46350758888430665,0.4099704051876825,0.0,0.34526398000624325,0.0,0.34957785861279184,0.5250307484673743,0.0,0.29299004579188315,0.35590806085368104,0.3413003987480567,0.0,0.0,0.41432111446542547,0.42195816442859335,0.39890243312193535,0.4555375572883543,0.36649709516122475,0.36168398884204345,0.3743752616793549,0.4545202423724351,0.414925463736654,0.45072213583562015,0.0,0.37160229558640223
0.0,0.0,0.22830390954149504,0.0,0.0,0.5648910034599073,0.0,0.5979973019370795,0.6107325186920687,0.0,0.3134971146822657,0.0,0.0,0.5866642101964954,0.0,0.0,0.0,0.0,0.6152157740111975,0.0,0.0,0.0,0.606162345943384,0.0,0.0,0.0,0.6339489703465584,0.0,0.0,0.0,0.0,0.0,0.0,0.0,0.0,0.5245058606831604,0.0,0.0,0.4208207461254898,0.0,0.42567993193047604,0.39739096108285327,0.43901208275189635,0.43398478744420393,0.0,0.0,0.0,0.3162649825674207,0.0,0.43414340861240525,0.44093421910454716,0.4395676289643254,0.5326988028113782,0.3060046121892671,0.44216207069274055,0.3056503371171266,0.0,0.445093513273543,0.45991557834626634,0.0,0.0,0.0,0.0,0.0,0.0,0.0,0.0,0.4380339824052168,0.0,0.0,0.0,0.3999199378429428,0.43526142249359184,0.0,0.0,0.44609264941754917
0.0,0.43339353581136586,0.0,0.0,0.0,0.44563626362712383,0.0,0.0,0.0,0.0,0.0,0.0,0.0,0.0,0.4499142942765368,0.4112711301649748,0.0,0.0,0.0,0.45831801841785635,0.4468979646505441,0.44846696556531285,0.48391458347445326,0.0,0.3419593417647528,0.45599699855440146,0.4804462253286565,0.49697916541353204,0.45950838428421675,0.44851230973497136,0.4505680536065504,0.4646351056106827,0.3866928164482909,0.4574032996674652,0.43096415622499035,0.0,0.0,0.0,0.4740734586299006,0.40980905919932253,0.41447583927082543,0.4680061193774256,0.5294588336610927,0.44591360644108,0.0,0.42784734161992394,0.42675025606280875,0.3803204093224393,0.0,0.4481505961691329,0.40521050116470686,0.44248133946472873,0.4300328783649253,0.3994132732626339,0.40471292446318397,0.0,0.0,0.4469432205175735,0.0,0.33817068707079917,0.42917813187609305,0.4072147903083382,0.41432111446542547,0.0,0.0,0.4170341364600659,0.3506594863917472,0.3131091565639951,0.47453747915547606,0.4060796621622796,0.4440949040250862,0.3829273588640573,0.40560979274143144,0.33893593468838645,0.3723303117013362,0.3824368901929739
0.0,0.4953927359269235,0.0,0.0,0.0,0.3954884892515851,0.0,0.5451020484264674,0.0,0.0,0.0,0.0,0.0,0.0,0.48355429688161966,0.4990258594182981,0.0,0.0,0.0,0.44061164157283916,0.47609357940772845,0.48671283530610765,0.5180187263586608,0.0,0.3828085349509782,0.5335318283303261,0.48114570840337056,0.47725702682675575,0.44655542165992135,0.4826331997597497,0.4683589702783173,0.49026893604938243,0.45780428299709597,0.47703576847896767,0.5525286705069894,0.0,0.0,0.0,0.4413785340164527,0.3463227215128284,0.379454139958585,0.45252436796344814,0.4666313651550699,0.0,0.43725306892046756,0.4297167068301122,0.4491805046237379,0.39582774087411626,0.0,0.0,0.3659804441464369,0.0,0.3347598320797711,0.0,0.0,0.0,0.45498064901244606,0.43897937056559694,0.43687458501045084,0.37735522246510644,0.379704791216287,0.0,0.42195816442859335,0.0,0.4170341364600659,0.0,0.43613153047181347,0.3916423557694821,0.5479469276711103,0.43058314109723034,0.40882885701159116,0.4370350117165021,0.44172493152728687,0.39183878669054134,0.0,0.4007515746519273
0.47410761488320147,0.47572412254986385,0.0,0.0,0.0,0.0,0.0,0.5033477616102122,0.0,0.0,0.0,0.0,0.0,0.0,0.48852507652279675,0.4713697307431604,0.0,0.42782576358031976,0.0,0.4478321944597478,0.5049651581257973,0.48381289407797273,0.4521546514660334,0.0,0.39309377477645496,0.5066986838123779,0.39024702742167405,0.0,0.40384473837872226,0.0,0.45877952145821743,0.48928233756184314,0.4629039126946386,0.4708368837692912,0.49046911018584743,0.0,0.0,0.0,0.4576324646601717,0.3956809283647251,0.40544418454167014,0.46978102077964434,0.5300407165173908,0.4740021659657315,0.0,0.3960534797374443,0.3872214998557085,0.37210684451464593,0.0,0.43311873899785613,0.4334166004432476,0.5030912263638668,0.36063970402045553,0.4193021933927094,0.3835084410766749,0.0,0.0,0.4875779840068358,0.0,0.33604976444426987,0.4029736351721104,0.4098963756177145,0.39890243312193535,0.0,0.3506594863917472,0.43613153047181347,0.0,0.3910222897441897,0.43004952018965953,0.39612326129632935,0.40481888885914286,0.4510576928388033,0.45597193678267833,0.4062153201071287,0.3799027403199381,0.3919856425874382
0.4471337025312183,0.3974210570253639,0.5924789984937607,0.0,0.5244639889620323,0.5151523190150862,0.5163113952334696,0.5406757679619484,0.586084412483177,0.0,0.5909292692155866,0.0,0.518282256945565,0.5588864437612703,0.45447271258343075,0.0,0.0,0.0,0.6091121981910553,0.46852686329099474,0.4689292994644451,0.44851365122773224,0.5487645034804277,0.0,0.36441647547564116,0.4485541475830008,0.5205611023605132,0.5145700812299052,0.46395504233488666,0.5010344879924118,0.5000898737513934,0.4918243638399867,0.4362002336068186,0.49409746970266005,0.0,0.4847972696325448,0.0,0.0,0.4134319859125071,0.3609678356799049,0.4126661507456622,0.43654371791222546,0.3839152531612906,0.38884438963506235,0.4524639367166663,0.47413800165481057,0.43714155935614096,0.4209108639662294,0.0,0.4276742584916112,0.3676225714229704,0.4138915788017428,0.33984909659739926,0.454319312620185,0.3749076035224421,0.3020856260077299,0.4144698676290698,0.41751170599120146,0.4054397976831734,0.3558022399034717,0.4037120104265178,0.0,0.4555375572883543,0.4380339824052168,0.3131091565639951,0.3916423557694821,0.3910222897441897,0.0,0.5283804627943303,0.4680911816996726,0.44363732832866953,0.3425447626752006,0.42628307307455443,0.4091738580303966,0.4074218437063005,0.4226807262308793
0.0,0.0,0.0,0.0,0.0,0.0,0.0,0.0,0.0,0.449268865397344,0.0,0.4742822930775278,0.0,0.0,0.0,0.0,0.4757633287858588,0.4697815054342349,0.0,0.0,0.0,0.0,0.0,0.46154565115973906,0.4660407223697672,0.47764314550157716,0.0,0.0,0.0,0.0,0.4635765845887168,0.31099744978852195,0.36695794682378297,0.3789993595177285,0.0,0.0,0.0,0.34311590705713507,0.36065525920059777,0.24608905730651032,0.3021245916647358,0.32423129430829084,0.40631232819110386,0.29933704917557485,0.28312079688867825,0.4534597607058579,0.41777037540344814,0.0,0.0,0.0,0.3897706818579364,0.35473556060118233,0.5105888545871169,0.0,0.3625436591763087,0.0,0.3385697666587033,0.36570361838315685,0.0,0.4666530394476743,0.3644705372384927,0.39232593978411145,0.36649709516122475,0.0,0.47453747915547606,0.5479469276711103,0.43004952018965953,0.5283804627943303,0.0,0.3781898666538366,0.3908115396045539,0.48524904654099776,0.3629438236303316,0.39777268181299674,0.0,0.3818050411635052
0.43753654178170265,0.41366377907282215,0.0,0.0,0.0,0.0,0.0,0.0,0.0,0.4411250357252055,0.0,0.45073699628041375,0.0,0.0,0.3080949571397025,0.43266579382892373,0.43732841964557134,0.4268002299007628,0.0,0.0,0.3784249413404019,0.37744949469921785,0.0,0.4698048722412804,0.4308356314798433,0.44935168465217956,0.0,0.0,0.0,0.0,0.4442561355086303,0.46158731416133747,0.4447920619707013,0.42522479754143544,0.41868917890766855,0.0,0.0,0.0,0.3998351652398539,0.3023993242033749,0.3318709018583355,0.36216312433587405,0.3962210727991326,0.0,0.3390943245000345,0.37552432692271404,0.3883390570504237,0.0,0.0,0.42198292551979943,0.44112941930298166,0.458451035157494,0.4620330291330059,0.37239262048581917,0.3420671442890375,0.3729651333025683,0.36878853798231304,0.4800334645241643,0.0,0.37010780231492324,0.389777775487648,0.3483451157921377,0.36168398884204345,0.0,0.4060796621622796,0.43058314109723034,0.39612326129632935,0.4680911816996726,0.3781898666538366,0.0,0.3857388375132439,0.4330077236270616,0.4174625303335894,0.445047029178016,0.0,0.35892778524046254
0.4730063742096212,0.48422167563966,0.0,0.0,0.0,0.0,0.0,0.0,0.0,0.4936021553268795,0.0,0.5148607618567964,0.0,0.0,0.48072045599812085,0.46761400631936734,0.4736964558570386,0.45003354212344554,0.0,0.47581755191526603,0.5221835513897388,0.5004300039638999,0.48905004931571705,0.5075391757995583,0.45585784995071815,0.479520360771413,0.4767215828392889,0.0,0.47940486599001275,0.0,0.46781358636750564,0.4961686443507058,0.4631355234763404,0.46713913010512437,0.4697491652762701,0.0,0.0,0.4260413313103568,0.4297759068048867,0.3475285407240652,0.37008626161451413,0.4250723502083955,0.5079308803508807,0.4418520603429596,0.36275400957607973,0.3952670432469436,0.4159125673463048,0.38199219747142044,0.0,0.38766204102163765,0.4206506393572961,0.45318773249708816,0.47724678630023554,0.35861366132678335,0.38807978004179916,0.0,0.34196544853122673,0.483824152794762,0.0,0.37435384948475026,0.4134425343689524,0.3647000982133231,0.3743752616793549,0.0,0.4440949040250862,0.40882885701159116,0.40481888885914286,0.44363732832866953,0.3908115396045539,0.3857388375132439,0.0,0.45342414930308655,0.41146864548957607,0.4336460842082175,0.0,0.3854188578879477
0.42214815958083574,0.448027480379548,0.5542585797464282,0.0,0.0,0.4842169775344248,0.4662700883702089,0.5071371704570364,0.5529593949142274,0.0,0.5127447630500883,0.0,0.5003271131102404,0.0,0.4705980792637909,0.4053457549887639,0.0,0.0,0.5703571214011809,0.48423402023690254,0.48148614859026057,0.45752374812949925,0.5154681717160302,0.0,0.0,0.48067236545721886,0.49178371633538515,0.4990479514176029,0.4616802907686042,0.4780491184940913,0.4885279739699059,0.48947545599122394,0.4676445109905053,0.49299132277712704,0.4896713944754903,0.46970754147245763,0.3600267329172896,0.0,0.4412723054279955,0.3995166297167748,0.42674190275402496,0.4487900774054015,0.46993956708298507,0.4192564578141114,0.0,0.4477419645023481,0.45748559099031916,0.32179230456064156,0.0,0.44473033078242336,0.39401554849584597,0.42733998526375827,0.42226275203018593,0.3266973380820045,0.38201227735009013,0.4126178547313947,0.0,0.42713045461543203,0.425982360540101,0.41556796993074957,0.46033699133889533,0.0,0.4545202423724351,0.3999199378429428,0.3829273588640573,0.4370350117165021,0.4510576928388033,0.3425447626752006,0.48524904654099776,0.4330077236270616,0.45342414930308655,0.0,0.4310679154218213,0.422276961142054,0.40741297895540113,0.4342597653063351
0.0,0.0,0.0,0.0,0.0,0.49761918220255147,0.0,0.5194741404239778,0.0,0.41051289223862725,0.0,0.0,0.0,0.0,0.0,0.0,0.0,0.0,0.0,0.0,0.0,0.0,0.5304350194769305,0.0,0.0,0.0,0.5040434503416255,0.0,0.44766921608093463,0.0,0.0,0.34992196225734223,0.2770433524602539,0.24178923509295716,0.0,0.2377069569237644,0.0,0.0,0.3518495385835922,0.32713536075181704,0.3036942190661443,0.349124326748602,0.2721724017051698,0.2685695383406102,0.27336721083482257,0.4075189083056603,0.4631610754644658,0.4570453925723484,0.2643449924270948,0.3271066735512132,0.39590950211993087,0.3198564375175176,0.4513750068212864,0.4392213499522847,0.3532808000591362,0.4159265461277874,0.3269454364164611,0.348950795710776,0.25614905126401644,0.0,0.4854284779018949,0.39007580409843223,0.414925463736654,0.43526142249359184,0.40560979274143144,0.44172493152728687,0.45597193678267833,0.42628307307455443,0.3629438236303316,0.4174625303335894,0.41146864548957607,0.4310679154218213,0.0,0.3762207109288628,0.3335600679053316,0.36619542291188406
0.0,0.45798478544783844,0.0,0.0,0.0,0.47267249388000465,0.0,0.5131642337404152,0.0,0.0,0.0,0.0,0.473082140440256,0.0,0.4247870086638329,0.0,0.0,0.0,0.0,0.44432053893462353,0.45194553752943223,0.423710677513179,0.5000940326582973,0.0,0.0,0.5195145272492837,0.47862728063678905,0.48702276661721905,0.4432007051981943,0.42127751466300445,0.46033102711937934,0.47542569350432523,0.0,0.4596206666214802,0.0,0.0,0.0,0.0,0.4434654564090725,0.3861362698177086,0.3913754223106532,0.4107269720923656,0.48534086618425026,0.4217088501281293,0.0,0.42804517308191636,0.4532581525210167,0.41558610638378135,0.0,0.42518612724553284,0.37741584524655625,0.43616112319222744,0.41471714172993407,0.4142094022391527,0.42216688476929703,0.0,0.0,0.4327766160946869,0.0,0.3902776158743935,0.4595539073244928,0.44520845445136914,0.45072213583562015,0.0,0.33893593468838645,0.39183878669054134,0.4062153201071287,0.4091738580303966,0.39777268181299674,0.445047029178016,0.4336460842082175,0.422276961142054,0.3762207109288628,0.0,0.36140903030491955,0.3923363821854988
0.0,0.0,0.0,0.0,0.0,0.4411182722019702,0.0,0.42649942433288884,0.0,0.0,0.0,0.0,0.0,0.0,0.0,0.0,0.0,0.0,0.0,0.0,0.0,0.0,0.5000032608706544,0.0,0.0,0.0,0.46658664584301585,0.0,0.39967500437459796,0.0,0.0,0.0,0.0,0.0,0.0,0.0,0.0,0.0,0.3674993533028619,0.0,0.31982044397066006,0.35055095821726584,0.37304963723787754,0.0,0.0,0.0,0.0,0.4596534794771977,0.0,0.0,0.4030757018959237,0.49945828199813114,0.41715544046743275,0.0,0.0,0.0,0.0,0.38794081328921026,0.0,0.0,0.0,0.0,0.0,0.0,0.3723303117013362,0.0,0.3799027403199381,0.4074218437063005,0.0,0.0,0.0,0.40741297895540113,0.3335600679053316,0.36140903030491955,0.0,0.29785294962635744
0.4062832342145444,0.4399639882098189,0.5075388657449638,0.0,0.0,0.5038927693232279,0.0,0.5114508444778826,0.0,0.42742331135195244,0.0,0.4708062249675804,0.0,0.0,0.46471327565181664,0.41977122426458546,0.4255608691483225,0.43021647691671255,0.0,0.0,0.0,0.43794819781530664,0.5283608253576461,0.46034780743759607,0.446945778334281,0.46525990423059765,0.4959106078873881,0.5456502951114963,0.45613495796096293,0.0,0.0,0.4337356410843098,0.38892590922647646,0.418958105610866,0.0,0.0,0.0,0.3196451180236366,0.3870501851992126,0.3236303328375099,0.25179390760780473,0.24480972989030536,0.3614121728436838,0.2903194361888566,0.2923941935245211,0.35788428325987004,0.3719655377344987,0.45812264779496276,0.3199667027578418,0.4223769085680992,0.435864409899168,0.36581585913527226,0.4439441464216756,0.4471692849554534,0.3751831267555785,0.44439619295704713,0.36119206131109677,0.4033300946592833,0.4167461173513469,0.4226381958342068,0.3823740763298511,0.3650375348254685,0.37160229558640223,0.44609264941754917,0.3824368901929739,0.4007515746519273,0.3919856425874382,0.4226807262308793,0.3818050411635052,0.35892778524046254,0.3854188578879477,0.4342597653063351,0.36619542291188406,0.3923363821854988,0.29785294962635744,0.0
