0,1,2,3,4,5,6,7,8,9,10,11,12,13,14,15,16,17,18,19,20,21,22,23,24,25,26,27,28,29,30,31,32,33,34,35,36,37,38,39,40,41,42,43,44,45,46,47,48,49,50,51,52,53,54,55,56,57,58,59,60,61,62,63,64,65,66,67,68,69,70,71,72,73,74,75
0.0,0.38434488242573056,0.0,0.0,0.0,0.42805426015127684,0.0,0.4338690080762565,0.0,0.37224276628733066,0.0,0.36663507663760303,0.0,0.43369035002862055,0.3765947482108898,0.371080581372327,0.0,0.3766478581860406,0.0,0.380393567115458,0.3752854282861934,0.3722997863300557,0.39418240028404933,0.36096728116962395,0.36467689626590993,0.3577411976837612,0.43029928404790646,0.46390582048970347,0.39936603022587724,0.0,0.32482357474001233,0.39013389834336143,0.3030099249914097,0.3353707687986863,0.41672524375499054,0.0,0.0,0.0,0.4266994302640048,0.43004175195376737,0.42452975144053007,0.0,0.0,0.0,0.0,0.4354796818113788,0.4516710637837951,0.0,0.0,0.0,0.0,0.0,0.0,0.0,0.0,0.0,0.0,0.0,0.0,0.0,0.44098594143309494,0.0,0.45855548830617143,0.0,0.0,0.36859514183946146,0.47424516025731656,0.0,0.38213772137585234,0.454717351270123,0.46077537819236086,0.0,0.0,0.38925811489912904,0.0,0.0
0.38434488242573056,0.0,0.0,0.0,0.0,0.3576362575318878,0.39476985212446597,0.4057686005302969,0.0,0.0,0.0,0.0,0.3777041727734551,0.0,0.44927386899813004,0.39209098343716514,0.0,0.39870067269887843,0.0,0.4098364417812079,0.3890788730899612,0.41736805182534065,0.42353549668084006,0.0,0.38453642118793424,0.3983329381455959,0.4146363133675274,0.3740539545372186,0.37161027505700833,0.35102255248454706,0.3416565439268831,0.398843784636127,0.34878896517794006,0.3460026039904084,0.4320558218928211,0.0,0.0,0.0,0.4460115752113806,0.4548604868801178,0.4345609021689441,0.45685448033448595,0.0,0.0,0.0,0.45037402865455245,0.46413554653597866,0.0,0.0,0.0,0.4453313277738,0.0,0.0,0.0,0.0,0.0,0.0,0.0,0.0,0.49342200235650724,0.4588907596375566,0.0,0.4492739005098591,0.0,0.4470884209902172,0.46635530500700695,0.46465804045762643,0.48513923596324215,0.0,0.45964681975472266,0.4832763513094918,0.4822689102610429,0.0,0.4331416998685474,0.0,0.42207883240106825
0.0,0.0,0.0,0.0,0.3843963876119576,0.4005661859092783,0.40934874432702234,0.41909954123761045,0.3190028852197059,0.0,0.3142467403440051,0.0,0.41304343722367876,0.385770165095771,0.0,0.0,0.0,0.0,0.2969802420638563,0.0,0.0,0.0,0.32862431801598546,0.0,0.0,0.0,0.34369211025878654,0.4070720291147161,0.0,0.0,0.40682864784732947,0.3900334326068443,0.0,0.4134275969604576,0.4073216662153334,0.37690191855701727,0.0,0.0,0.456214323665044,0.0,0.0,0.0,0.41920344275391935,0.0,0.0,0.0,0.0,0.47354861328274805,0.0,0.48083335556249757,0.5120552565854545,0.5388641329037402,0.5065576806019398,0.48510593214546727,0.0,0.4281930250217192,0.0,0.5411410488866107,0.43104103050587483,0.0,0.0,0.0,0.0,0.36360036308278004,0.0,0.0,0.0,0.5104951996501109,0.0,0.0,0.0,0.5405994669401155,0.5600734892853914,0.0,0.0,0.0
0.0,0.0,0.0,0.0,0.3044320559001942,0.36671630308952957,0.2898795439912934,0.3845620315130725,0.3969670647503169,0.14168693549961536,0.35721732432171566,0.0,0.289947705157981,0.27969938369041364,0.0,0.0,0.0,0.0,0.4066459112415428,0.0,0.0,0.0,0.3853377093640075,0.0,0.0,0.0,0.3729067006912181,0.22916698491473658,0.0,0.0,0.19483335477700975,0.21389585973983072,0.256570194970309,0.19890949041398812,0.20207689951909721,0.1754341843810877,0.15167387652302083,0.0,0.27509216392036817,0.0,0.2684309124588808,0.24467284760420993,0.26954053349797125,0.3144171968728568,0.0,0.0,0.0,0.0,0.0,0.0,0.0,0.0,0.0,0.0,0.18758763792790328,0.0,0.0,0.0,0.0,0.0,0.0,0.0,0.0,0.0,0.0,0.0,0.0,0.0,0.0,0.0,0.0,0.0,0.0,0.0,0.0,0.0
0.0,0.0,0.3843963876119576,0.3044320559001942,0.0,0.39013771621929233,0.32157093968880346,0.35578981450191394,0.33620205528083946,0.4045511377557661,0.36068113140000674,0.4051909337774343,0.34281883765290516,0.27559741425841566,0.0,0.0,0.44979640421630157,0.4517090303663668,0.3799775695824005,0.0,0.0,0.0,0.3831774971639234,0.41424157134211714,0.41005328298340726,0.4245368007551431,0.37574254721903655,0.33866334507309975,0.4241841389112424,0.0,0.3871355588651247,0.3208928712327996,0.3806513744723905,0.3801601460344305,0.3208904853659966,0.2324821553130098,0.2721417790102008,0.0,0.0,0.0,0.0,0.0,0.3694802953403317,0.0,0.0,0.0,0.0,0.5196351591554165,0.0,0.0,0.5455220326910102,0.0,0.48078686395720494,0.5264010298971729,0.0,0.42220508153791464,0.0,0.0,0.38808517835286194,0.0,0.0,0.0,0.0,0.0,0.0,0.0,0.0,0.4999395786882883,0.0,0.0,0.0,0.5220458274198816,0.0,0.0,0.0,0.0
0.42805426015127684,0.3576362575318878,0.4005661859092783,0.36671630308952957,0.39013771621929233,0.0,0.4026790080888354,0.3801475744182163,0.356301402718135,0.4063771783172401,0.3725749338595934,0.4336083813799763,0.3805964094197616,0.3834908875516339,0.3988259877405459,0.3833540227094594,0.0,0.3927301015324642,0.3721523436239718,0.38518846004067364,0.38492333454589006,0.3989488137498447,0.384684502468948,0.0,0.33499411201928303,0.3544632754748522,0.3751479082236285,0.37378335260959017,0.33252599758305734,0.36686958552113,0.37949273740631234,0.3659106340775239,0.0,0.37479836695443297,0.34917731657233797,0.3581380738987057,0.369910483684267,0.0,0.44088886448963593,0.0,0.4781849785431273,0.548437416898456,0.4230357053139382,0.0,0.0,0.0,0.0,0.5209527660613321,0.0,0.5248645130014284,0.48466496697268246,0.5121061270196275,0.4460696139571237,0.4806126139225534,0.0,0.48762321954512367,0.0,0.4995862303880131,0.517804261536102,0.0,0.0,0.0,0.0,0.5004448523703378,0.4920732575799565,0.45940495707313495,0.0,0.49308046924839305,0.0,0.0,0.0,0.4964956388366936,0.48516137786919916,0.4641940499945748,0.5184329331149018,0.4788319182062647
0.0,0.39476985212446597,0.40934874432702234,0.2898795439912934,0.32157093968880346,0.4026790080888354,0.0,0.39085667056450946,0.3865333866222158,0.39741043886477073,0.4311611258486353,0.38010560816672967,0.31571179582848335,0.33024076344850806,0.0,0.4319723788314194,0.419766150201126,0.42365803629058146,0.4277304841932535,0.4161134118574254,0.4870761502214048,0.4414084779891511,0.41037238260506487,0.37218127620220476,0.39683600987595763,0.40012279512152576,0.4105170473736363,0.3607730497166481,0.43347940261966783,0.0,0.3448543141495835,0.3586423833881338,0.38707183300791687,0.3939918832838749,0.3101448048362845,0.2830513257363998,0.272542173158903,0.3569164235838596,0.0,0.0,0.0,0.0,0.0,0.0,0.0,0.0,0.0,0.0,0.0,0.0,0.5261127414615812,0.0,0.5143849294545562,0.0,0.0,0.5331318526477663,0.0,0.0,0.0,0.0,0.0,0.0,0.0,0.0,0.0,0.0,0.0,0.4964222491325911,0.0,0.0,0.0,0.5134099805245536,0.0,0.0,0.0,0.0
0.4338690080762565,0.4057686005302969,0.41909954123761045,0.3845620315130725,0.35578981450191394,0.3801475744182163,0.39085667056450946,0.0,0.4370960710205748,0.4390688283002515,0.2892448807151924,0.0,0.41965726090866573,0.3499356283169049,0.38379493699994705,0.42113304950720426,0.0,0.429593031693852,0.38483164411128074,0.38012982064237755,0.3617695407797041,0.41719781927483246,0.3528213072288648,0.4540734017345996,0.3908894847051782,0.41670311491095297,0.4402606372294017,0.41859131457283105,0.3933507585338361,0.415277238240552,0.3840310899817933,0.3245016497822202,0.41116944545582856,0.37017094563787617,0.403109458824981,0.2519225649223098,0.39387279607092046,0.0,0.4248938141518385,0.0,0.46932270889655137,0.0,0.3322888132440647,0.0,0.0,0.0,0.0,0.49224939626024455,0.0,0.4386665890854182,0.47249822997328633,0.48429932254161445,0.3274513107570801,0.4686899347325675,0.0,0.4074035910512848,0.0,0.47363337350750223,0.36540123622292986,0.4798270426502488,0.0,0.0,0.0,0.4164585679755626,0.446715176358551,0.32935103684738254,0.36499870457599015,0.46438717180310984,0.0,0.0,0.0,0.4972140458108939,0.4732596336399867,0.47703040605373925,0.562027694212268,0.485709477557246
0.0,0.0,0.3190028852197059,0.3969670647503169,0.33620205528083946,0.356301402718135,0.3865333866222158,0.4370960710205748,0.0,0.42510954949148183,0.3235707875986411,0.0,0.3766359445794887,0.37154582505008404,0.0,0.0,0.0,0.0,0.2888656221982675,0.0,0.0,0.0,0.38992492349347435,0.0,0.0,0.0,0.36969165398442444,0.41069033593086257,0.3794796221065952,0.0,0.41202727612396894,0.3894105424478135,0.0,0.41139189093558626,0.41906743036305305,0.38054956598383155,0.4033903604870988,0.0,0.46398974010403926,0.0,0.0,0.0,0.4221919838397048,0.0,0.0,0.0,0.0,0.5236588562167783,0.0,0.5195349108653022,0.5231149360638205,0.5514399134406984,0.4635397403026928,0.5277373193138919,0.0,0.4660216210007391,0.0,0.5732128555541132,0.4444872137899556,0.0,0.0,0.0,0.0,0.45746764733019896,0.0,0.0,0.0,0.5129478385259253,0.0,0.0,0.0,0.5231608926008976,0.5605145716174679,0.0,0.0,0.5621109661285306
0.37224276628733066,0.0,0.0,0.14168693549961536,0.4045511377557661,0.4063771783172401,0.39741043886477073,0.4390688283002515,0.42510954949148183,0.0,0.432588190197419,0.27807365380486326,0.38511694110817274,0.357311532323081,0.0,0.0,0.2988112489662683,0.339550941099623,0.44158902526342925,0.0,0.0,0.0,0.4186499654838682,0.2967786200306021,0.3279694189536629,0.3318916262865537,0.4185052567922831,0.3716174097475925,0.44842463446976266,0.0,0.31889955120470037,0.31162149204815126,0.28356357033298185,0.28117266616965536,0.2708270676882239,0.2788520044441012,0.23690469833277167,0.26059348835949064,0.33249604288934054,0.3175189755607511,0.3599892669378987,0.2891363141621281,0.27675531733663716,0.0,0.34043451944318237,0.0,0.37716430062953005,0.0,0.0,0.0,0.0,0.4693100206159553,0.0,0.0,0.4291758191151253,0.0,0.4321049570157115,0.43922604488620487,0.0,0.0,0.36266574613659003,0.4193253209216699,0.3789312926471877,0.0,0.0,0.0,0.0,0.0,0.41894555089983193,0.39105572745843664,0.43384558996106315,0.0,0.4028836428936931,0.0,0.0,0.40038176113370594
0.0,0.0,0.3142467403440051,0.35721732432171566,0.36068113140000674,0.3725749338595934,0.4311611258486353,0.2892448807151924,0.3235707875986411,0.432588190197419,0.0,0.41422734951887513,0.42658415354173734,0.27994531279988494,0.0,0.0,0.0,0.0,0.2609403694966515,0.0,0.0,0.0,0.26854763719084496,0.43414343662924126,0.0,0.0,0.3842934729036562,0.4155172021147002,0.0,0.0,0.41196837918867146,0.28592104256671835,0.0,0.42333073395516463,0.3989152252480691,0.252189554793547,0.4002765628397473,0.0,0.0,0.0,0.0,0.0,0.32819189810509636,0.0,0.0,0.0,0.0,0.42759134134463195,0.0,0.3920009572648908,0.474773605015439,0.46175953423948674,0.4370984426775092,0.480171473484043,0.0,0.32290043940817736,0.0,0.47252600913957715,0.341875418232625,0.0,0.0,0.0,0.0,0.31394851300266585,0.0,0.0,0.0,0.47775933547987626,0.0,0.0,0.0,0.49116109651061984,0.0,0.0,0.0,0.0
0.36663507663760303,0.0,0.0,0.0,0.4051909337774343,0.4336083813799763,0.38010560816672967,0.0,0.0,0.27807365380486326,0.41422734951887513,0.0,0.3849653710257818,0.0,0.0,0.0,0.3331144474400228,0.3575287777880734,0.0,0.0,0.0,0.0,0.0,0.2714928514222522,0.34403563913356855,0.31849847860803854,0.0,0.356991269026289,0.0,0.0,0.3180540340649383,0.2686727993392312,0.2677774046404702,0.2521159935738228,0.2636926929632953,0.2574050360897395,0.25175826635210957,0.21785047581767675,0.3655051250874987,0.29096355768914683,0.34717376222844437,0.0,0.0,0.0,0.35481956393624625,0.0,0.0,0.0,0.0,0.0,0.0,0.0,0.0,0.0,0.4270403776363106,0.0,0.4267393929591989,0.44489952462875165,0.0,0.0,0.0,0.43202755876560534,0.37986417898728253,0.0,0.0,0.0,0.0,0.0,0.4033721743886706,0.39473879422231334,0.4342219282039889,0.0,0.42362395186594415,0.0,0.0,0.3970088298232812
0.0,0.3777041727734551,0.41304343722367876,0.289947705157981,0.34281883765290516,0.3805964094197616,0.31571179582848335,0.41965726090866573,0.3766359445794887,0.38511694110817274,0.42658415354173734,0.3849653710257818,0.0,0.3266250099700922,0.3897406826162756,0.42382254573478007,0.400825795575478,0.41522832387924435,0.4229056976336313,0.41093565542984223,0.4192998181708241,0.4371672609158296,0.4169553997159198,0.39551277331282114,0.3756140540656798,0.37541575440004005,0.41415575318822573,0.3538736291713483,0.4009863931181712,0.3973083773106097,0.3709646724721549,0.3599681670652297,0.3786157952944383,0.3770476198085092,0.33529689945329105,0.27766283645177453,0.28384346265128224,0.3687725737222441,0.47944190798670705,0.0,0.5563977157278904,0.0,0.42502392822118196,0.0,0.0,0.0,0.0,0.5548465515209295,0.0,0.0,0.5078668911102532,0.6025106597461418,0.46367974122212,0.588480580823758,0.4378394109972522,0.5118766763469237,0.0,0.5963276876827337,0.0,0.6015988921731503,0.0,0.0,0.0,0.6681010195293627,0.5366390395529911,0.5445811762390461,0.0,0.49871167115238846,0.0,0.5357877876588679,0.0,0.5035852121482857,0.5650758788027559,0.516005057798602,0.6676403442244745,0.5920974229673499
0.43369035002862055,0.0,0.385770165095771,0.27969938369041364,0.27559741425841566,0.3834908875516339,0.33024076344850806,0.3499356283169049,0.37154582505008404,0.357311532323081,0.27994531279988494,0.0,0.3266250099700922,0.0,0.0,0.0,0.0,0.0,0.3234913717710616,0.0,0.3972212615306458,0.0,0.3771505983096836,0.0,0.0,0.4602613530335179,0.4174549785666813,0.3145960915630487,0.0,0.0,0.0,0.19865193014436397,0.0,0.3602384707606328,0.0,0.2012189729497912,0.16677478057287753,0.0,0.0,0.0,0.0,0.0,0.0,0.0,0.0,0.0,0.0,0.0,0.0,0.0,0.0,0.0,0.0,0.0,0.0,0.3192311653368545,0.0,0.0,0.0,0.0,0.0,0.0,0.0,0.0,0.0,0.0,0.0,0.0,0.0,0.0,0.0,0.0,0.0,0.0,0.0,0.0
0.3765947482108898,0.44927386899813004,0.0,0.0,0.0,0.3988259877405459,0.0,0.38379493699994705,0.0,0.0,0.0,0.0,0.3897406826162756,0.0,0.0,0.3776372753383854,0.0,0.37371991377875236,0.0,0.3355865804250363,0.3611316355255359,0.4057985957153547,0.3710472354075378,0.0,0.3642901516002919,0.408802720287772,0.3970819953650651,0.38963931253719464,0.3519042234330083,0.35453565558563815,0.35980322782421775,0.40936380053323934,0.3797420487283669,0.40609962219161927,0.45404685096385267,0.0,0.0,0.0,0.4581747620646101,0.4592532193675756,0.4721468149760088,0.49342430566641776,0.0,0.0,0.0,0.36311901241272043,0.4887452372829034,0.0,0.0,0.0,0.457135004917265,0.0,0.3974573497699018,0.0,0.0,0.0,0.0,0.0,0.0,0.47177513092966455,0.4939508933566654,0.0,0.0,0.0,0.45827400819213854,0.43623481350021315,0.483737780759687,0.4632390047767585,0.0,0.0,0.5102874669124976,0.4747286277610723,0.48714472745368237,0.42997517660234963,0.0,0.46258642129649724
0.371080581372327,0.39209098343716514,0.0,0.0,0.0,0.3833540227094594,0.4319723788314194,0.42113304950720426,0.0,0.0,0.0,0.0,0.42382254573478007,0.0,0.3776372753383854,0.0,0.3554458581121239,0.360567241878807,0.0,0.4003196195510314,0.36198999226319006,0.3800257161438368,0.3791798140238761,0.35563025993566433,0.38150013682551187,0.3858587515866705,0.398377916274961,0.4093588087941506,0.403286356048789,0.37763158456256407,0.3386809216175377,0.40458942861848995,0.3612490678494386,0.36536710892865537,0.4517796005378854,0.0,0.0,0.0,0.400367285496138,0.43878042975057624,0.41540753720593077,0.443509427222655,0.0,0.0,0.0,0.4361420760151369,0.44369252687278277,0.0,0.0,0.0,0.0,0.0,0.0,0.0,0.0,0.0,0.0,0.0,0.0,0.4388723044719952,0.4348035706411783,0.0,0.4354771153222324,0.0,0.45573966680131667,0.45978878156382963,0.44711773874208277,0.0,0.0,0.45183833996252404,0.463080196315153,0.0,0.0,0.46197963294498967,0.0,0.3927280659197699
0.0,0.0,0.0,0.0,0.44979640421630157,0.0,0.419766150201126,0.0,0.0,0.2988112489662683,0.0,0.3331144474400228,0.400825795575478,0.0,0.0,0.3554458581121239,0.0,0.3033497572407211,0.0,0.3789421997213895,0.0,0.35825204210527045,0.0,0.3268289174896537,0.31909729087917715,0.34784186510027554,0.0,0.3926245424787602,0.0,0.0,0.31923857736481576,0.3531504707322418,0.30420977986000264,0.3076200572185677,0.3313651866229347,0.0,0.0,0.3103713635230126,0.0,0.33287400895009156,0.369031671130213,0.0,0.0,0.0,0.0,0.0,0.0,0.0,0.0,0.0,0.0,0.0,0.0,0.0,0.4064872711092025,0.0,0.41732482835864426,0.0,0.0,0.0,0.0,0.41111074709638556,0.39431190496236934,0.0,0.0,0.0,0.0,0.0,0.44582554328064805,0.3587680092522557,0.4159095574619137,0.0,0.0,0.0,0.0,0.0
0.3766478581860406,0.39870067269887843,0.0,0.0,0.4517090303663668,0.3927301015324642,0.42365803629058146,0.429593031693852,0.0,0.339550941099623,0.0,0.3575287777880734,0.41522832387924435,0.0,0.37371991377875236,0.360567241878807,0.3033497572407211,0.0,0.0,0.39821804699214625,0.39436212818073924,0.3929407816948208,0.3945662675758721,0.3632570697509021,0.3752434214063362,0.3802228751072518,0.40183867047725597,0.3987686991428331,0.3932790124556934,0.38866182666364346,0.3468184526932214,0.4036980710765269,0.3362474685402652,0.34104082561478133,0.40064250357566805,0.0,0.0,0.3498884424480747,0.35303155184444673,0.3792331844850858,0.35151743638038696,0.3938419596313216,0.0,0.0,0.0,0.44362287787711485,0.4339424687501825,0.0,0.0,0.0,0.0,0.0,0.0,0.0,0.40813432267328553,0.0,0.4277083034733179,0.0,0.0,0.0,0.4235057389227396,0.4093109084792045,0.4156454670685534,0.0,0.0,0.0,0.4248857954324656,0.0,0.4387568262198538,0.43424004471950595,0.4445099961942025,0.0,0.0,0.0,0.0,0.3816835414339629
0.0,0.0,0.2969802420638563,0.4066459112415428,0.3799775695824005,0.3721523436239718,0.4277304841932535,0.38483164411128074,0.2888656221982675,0.44158902526342925,0.2609403694966515,0.0,0.4229056976336313,0.3234913717710616,0.0,0.0,0.0,0.0,0.0,0.0,0.0,0.0,0.28158302584861994,0.0,0.0,0.0,0.35127738865227914,0.3988079498807483,0.0,0.0,0.4344469223586382,0.38241009386304387,0.0,0.42567417633792193,0.4052562957453026,0.3413533683840605,0.41046440963209496,0.0,0.0,0.0,0.0,0.0,0.4207357288762799,0.0,0.0,0.0,0.0,0.4806467744536028,0.0,0.47973296554737366,0.5388580026946799,0.5500739020705585,0.4710673691972785,0.4805659689677393,0.0,0.39447489392893376,0.0,0.0,0.4249901485932606,0.0,0.0,0.0,0.0,0.5145746685581335,0.0,0.0,0.0,0.5114028340949551,0.0,0.0,0.0,0.5231365059959232,0.0,0.0,0.0,0.0
0.380393567115458,0.4098364417812079,0.0,0.0,0.0,0.38518846004067364,0.4161134118574254,0.38012982064237755,0.0,0.0,0.0,0.0,0.41093565542984223,0.0,0.3355865804250363,0.4003196195510314,0.3789421997213895,0.39821804699214625,0.0,0.0,0.4098717397810791,0.38729101442387964,0.3272352018886426,0.0,0.36858365744022237,0.4373756728767542,0.3438565309521731,0.3801037869358269,0.33199781364459574,0.3503067097251672,0.3601506708563987,0.42562251004141205,0.3981570990807583,0.40042074946984696,0.4619661142565174,0.0,0.0,0.0,0.45455744772295636,0.0,0.47914474597509027,0.4341483788842536,0.0,0.0,0.0,0.0,0.4473999043537351,0.0,0.0,0.0,0.47845444723688507,0.0,0.4816098875590214,0.0,0.0,0.0,0.0,0.0,0.0,0.4742921863287116,0.0,0.0,0.0,0.0,0.46926519835329095,0.4456157312357383,0.48215388770033984,0.48664022760704057,0.0,0.0,0.4694365323628056,0.4978310093971332,0.4887568038816177,0.46117056846752585,0.0,0.46470437506356305
0.3752854282861934,0.3890788730899612,0.0,0.0,0.0,0.38492333454589006,0.4870761502214048,0.3617695407797041,0.0,0.0,0.0,0.0,0.4192998181708241,0.3972212615306458,0.3611316355255359,0.36198999226319006,0.0,0.39436212818073924,0.0,0.4098717397810791,0.0,0.405142708351134,0.35628027566050313,0.44407292173762053,0.3952565551431161,0.39149470900567107,0.41788954621956115,0.4182044978227829,0.3852488142025678,0.4011621103620493,0.305229171424383,0.3886118066377259,0.3410276709144161,0.3621268512355801,0.43555209340960854,0.38924443030333056,0.0,0.0,0.40701519470696085,0.0,0.4516114952164469,0.0,0.0,0.0,0.0,0.4231714342458001,0.4610422234942893,0.0,0.0,0.0,0.43532818555269037,0.0,0.35247888470666033,0.0,0.0,0.0,0.0,0.0,0.0,0.45082295464795585,0.0,0.0,0.0,0.0,0.4417492691134079,0.3317546992894384,0.4745855916676325,0.45998730093491436,0.0,0.5125780729084052,0.4828289114310163,0.47627578361201883,0.44009151166026816,0.394093988413335,0.0,0.43901308999732946
0.3722997863300557,0.41736805182534065,0.0,0.0,0.0,0.3989488137498447,0.4414084779891511,0.41719781927483246,0.0,0.0,0.0,0.0,0.4371672609158296,0.0,0.4057985957153547,0.3800257161438368,0.35825204210527045,0.3929407816948208,0.0,0.38729101442387964,0.405142708351134,0.0,0.4332069090907116,0.0,0.38291143999053395,0.41965150761871994,0.4224718234370746,0.40035634736928033,0.3986363908043664,0.3588935892934342,0.3537197090814025,0.42475619425817546,0.3975636067960014,0.3954035097267248,0.4656983264257294,0.0,0.0,0.0,0.4568894767905423,0.46010131034046703,0.45069449580062515,0.4725716888576721,0.0,0.0,0.0,0.44502777580926134,0.46199080595686576,0.0,0.0,0.0,0.47653442835416726,0.0,0.0,0.0,0.0,0.0,0.0,0.0,0.0,0.49948980807158927,0.44860573762555217,0.0,0.47852070850108075,0.0,0.4753426755992647,0.4706974185705527,0.4805473596134624,0.47969346055693435,0.0,0.4426860654461279,0.4926662149724163,0.48881990221296767,0.0,0.4553686790434539,0.0,0.44770279976528227
0.39418240028404933,0.42353549668084006,0.32862431801598546,0.3853377093640075,0.3831774971639234,0.384684502468948,0.41037238260506487,0.3528213072288648,0.38992492349347435,0.4186499654838682,0.26854763719084496,0.0,0.4169553997159198,0.3771505983096836,0.3710472354075378,0.3791798140238761,0.0,0.3945662675758721,0.28158302584861994,0.3272352018886426,0.35628027566050313,0.4332069090907116,0.0,0.4507579460899012,0.3747848840859547,0.42289910998283625,0.37089272618391583,0.42500627741358865,0.41057869146627396,0.40967530601260466,0.40895026010692126,0.40811287739399077,0.38409552176910067,0.4182179109711559,0.44415239901792036,0.3518746000710785,0.3973673753966234,0.0,0.48258380145748747,0.4434326065211388,0.49562792263494004,0.49698222350295146,0.41081604521990644,0.0,0.0,0.0,0.4972543476269894,0.5094072703440305,0.0,0.5055665878388895,0.5065126941738092,0.5159427839241308,0.46227993773098774,0.49647985205697304,0.0,0.43773836590872406,0.0,0.5079237297391155,0.4124092460169618,0.4705144305287281,0.0,0.0,0.0,0.4662400820342847,0.4849764522942787,0.43478600260363354,0.47891030535051865,0.5038282079634073,0.0,0.0,0.48840800646356936,0.5198775463124092,0.501820961329368,0.48211823745318816,0.5115811586040646,0.4923319027112315
0.36096728116962395,0.0,0.0,0.0,0.41424157134211714,0.0,0.37218127620220476,0.4540734017345996,0.0,0.2967786200306021,0.43414343662924126,0.2714928514222522,0.39551277331282114,0.0,0.0,0.35563025993566433,0.3268289174896537,0.3632570697509021,0.0,0.0,0.44407292173762053,0.0,0.4507579460899012,0.0,0.3577033566195189,0.33775164572886646,0.0,0.38159582441893747,0.0,0.0,0.2980737378067546,0.31097413190306,0.2619471859005257,0.2689247336913609,0.25220790213211003,0.0,0.2350584774763806,0.2427495935000539,0.35568538078317713,0.26120358165398166,0.31487605256073714,0.22956914735021078,0.0,0.0,0.23319579971544396,0.42890726575494476,0.41066845957637,0.0,0.0,0.0,0.0,0.0,0.0,0.0,0.424099904740434,0.0,0.40164691524110985,0.45586447004061226,0.0,0.0,0.41732066714651084,0.4173074386990121,0.4151415763883847,0.0,0.0,0.0,0.0,0.0,0.39444402932746025,0.41790833935732763,0.44663472391004616,0.0,0.3139513538887865,0.0,0.0,0.36916459406903335
0.36467689626590993,0.38453642118793424,0.0,0.0,0.41005328298340726,0.33499411201928303,0.39683600987595763,0.3908894847051782,0.0,0.3279694189536629,0.0,0.34403563913356855,0.3756140540656798,0.0,0.3642901516002919,0.38150013682551187,0.31909729087917715,0.3752434214063362,0.0,0.36858365744022237,0.3952565551431161,0.38291143999053395,0.3747848840859547,0.3577033566195189,0.0,0.3686447775920638,0.366486021074617,0.36863235262911276,0.3517534565007264,0.0,0.3481321864635083,0.3800211757373613,0.3142174016861424,0.3229125380674056,0.3914658822828501,0.4012158270051188,0.0,0.321697848532477,0.37723720017947543,0.37528168242846965,0.3592888369538116,0.37272220645855736,0.0,0.0,0.39053680014408015,0.43975931572054083,0.4348804887431478,0.0,0.0,0.0,0.0,0.0,0.0,0.0,0.4200598505677492,0.0,0.42778587644245286,0.5202030182925154,0.0,0.0,0.4209184537832121,0.4100763888031433,0.41396815332215925,0.0,0.4211143466487981,0.49331068091961894,0.4220702273840501,0.0,0.43111556839381565,0.42591549678162577,0.438288035114549,0.0,0.48113806640283724,0.4300390188058233,0.0,0.3885323898919513
0.3577411976837612,0.3983329381455959,0.0,0.0,0.4245368007551431,0.3544632754748522,0.40012279512152576,0.41670311491095297,0.0,0.3318916262865537,0.0,0.31849847860803854,0.37541575440004005,0.4602613530335179,0.408802720287772,0.3858587515866705,0.34784186510027554,0.3802228751072518,0.0,0.4373756728767542,0.39149470900567107,0.41965150761871994,0.42289910998283625,0.33775164572886646,0.3686447775920638,0.0,0.45259168073135886,0.38955617205384024,0.3781965094691271,0.0,0.35147914479697745,0.41267553314599853,0.3369463708296258,0.35393433720693085,0.43629002568106157,0.0,0.0,0.3194340400628316,0.43923093459615137,0.4031884566833024,0.42281556936773584,0.40279599707522495,0.0,0.0,0.39571360536075095,0.4434638686212879,0.4490833698518925,0.0,0.0,0.0,0.47195885624446754,0.0,0.0,0.0,0.43724960981179567,0.0,0.4488627949958153,0.5453927796048852,0.0,0.5123786590728481,0.4384138155805833,0.4341027712282582,0.4302292220269842,0.0,0.4717714309387805,0.48469853738988034,0.4922738907160159,0.4858716847675232,0.46260127594405637,0.43906823809935175,0.4644677567396981,0.4936197206221816,0.4804635991249894,0.46071329202025724,0.0,0.40794236345609947
0.43029928404790646,0.4146363133675274,0.34369211025878654,0.3729067006912181,0.37574254721903655,0.3751479082236285,0.4105170473736363,0.4402606372294017,0.36969165398442444,0.4185052567922831,0.3842934729036562,0.0,0.41415575318822573,0.4174549785666813,0.3970819953650651,0.398377916274961,0.0,0.40183867047725597,0.35127738865227914,0.3438565309521731,0.41788954621956115,0.4224718234370746,0.37089272618391583,0.0,0.366486021074617,0.45259168073135886,0.0,0.424066387111151,0.3694709291529431,0.42079959123723554,0.3999098599418897,0.4154036719272172,0.39742732877783626,0.4147980318277237,0.44319072875476107,0.40790482352068613,0.39081350097019,0.0,0.4801465525547397,0.0,0.4971196952766519,0.5184357273156313,0.4461814307280558,0.0,0.0,0.0,0.5314181235201896,0.5308767061509492,0.0,0.5177803796028857,0.5159649299327507,0.5261019019508403,0.4979168045268745,0.515930495095871,0.0,0.4812276139426286,0.0,0.514009897772074,0.474938370363026,0.48021590326336805,0.0,0.0,0.0,0.5043601846525169,0.4855770709329496,0.4653731986908762,0.4813223003657298,0.5177832687215125,0.0,0.0,0.4974849215281723,0.5204427290589485,0.5018189057109427,0.48623270308148325,0.5279668499837125,0.5019969800200387
0.46390582048970347,0.3740539545372186,0.4070720291147161,0.22916698491473658,0.33866334507309975,0.37378335260959017,0.3607730497166481,0.41859131457283105,0.41069033593086257,0.3716174097475925,0.4155172021147002,0.356991269026289,0.3538736291713483,0.3145960915630487,0.38963931253719464,0.4093588087941506,0.3926245424787602,0.3987686991428331,0.3988079498807483,0.3801037869358269,0.4182044978227829,0.40035634736928033,0.42500627741358865,0.38159582441893747,0.36863235262911276,0.38955617205384024,0.424066387111151,0.0,0.3549004622190967,0.3282141918071268,0.36560222023367756,0.3570416377700386,0.3427040648706188,0.37386488389054395,0.3463934525274675,0.23016187308159833,0.24028380295146134,0.3097938638367755,0.4307892039082894,0.440386406918497,0.49576982072697406,0.5361719930775162,0.4839863727280239,0.44970396426519377,0.0,0.0,0.0,0.0,0.0,0.0,0.4931143018585821,0.6262884366779,0.462949798542557,0.0,0.3915272687158412,0.0,0.0,0.5651207378497201,0.0,0.4940566424403713,0.0,0.0,0.0,0.0,0.4877779573501939,0.4529164031274458,0.536498622676448,0.501290652353319,0.0,0.5223854932214183,0.48053585829560364,0.5043042231385514,0.5121330877951866,0.48510652252624,0.6069120490737998,0.5109925274001407
0.39936603022587724,0.37161027505700833,0.0,0.0,0.4241841389112424,0.33252599758305734,0.43347940261966783,0.3933507585338361,0.3794796221065952,0.44842463446976266,0.0,0.0,0.4009863931181712,0.0,0.3519042234330083,0.403286356048789,0.0,0.3932790124556934,0.0,0.33199781364459574,0.3852488142025678,0.3986363908043664,0.41057869146627396,0.0,0.3517534565007264,0.3781965094691271,0.3694709291529431,0.3549004622190967,0.0,0.32418019764298617,0.3428266314941574,0.3892365719399457,0.34810735086490224,0.36945790950830326,0.4065908715811361,0.0,0.0,0.0,0.45901567395236165,0.0,0.4887391454713169,0.0,0.0,0.0,0.0,0.0,0.0,0.0,0.0,0.0,0.4837236776122482,0.0,0.4509698547547598,0.0,0.0,0.0,0.0,0.5168553961963107,0.0,0.45448915196271966,0.0,0.0,0.0,0.0,0.4639647845209397,0.43022578084250734,0.4590522195199634,0.4895144845154272,0.0,0.0,0.46183855681953667,0.4968437520869563,0.4958105095433669,0.47018727043750247,0.5306263471719563,0.480221813447968
0.0,0.35102255248454706,0.0,0.0,0.0,0.36686958552113,0.0,0.415277238240552,0.0,0.0,0.0,0.0,0.3973083773106097,0.0,0.35453565558563815,0.37763158456256407,0.0,0.38866182666364346,0.0,0.3503067097251672,0.4011621103620493,0.3588935892934342,0.40967530601260466,0.0,0.0,0.0,0.42079959123723554,0.3282141918071268,0.32418019764298617,0.0,0.30981638677990403,0.36272644399760096,0.0,0.33275874358170954,0.3931139013016791,0.0,0.0,0.0,0.4389782104262987,0.0,0.0,0.0,0.0,0.0,0.0,0.0,0.0,0.0,0.0,0.0,0.5308112163885542,0.0,0.0,0.0,0.0,0.0,0.0,0.0,0.0,0.542825386161576,0.0,0.0,0.0,0.0,0.4768574596780297,0.37007534661020547,0.0,0.5015734219179424,0.0,0.0,0.0,0.49765398630789115,0.0,0.0,0.0,0.0
0.32482357474001233,0.3416565439268831,0.40682864784732947,0.19483335477700975,0.3871355588651247,0.37949273740631234,0.3448543141495835,0.3840310899817933,0.41202727612396894,0.31889955120470037,0.41196837918867146,0.3180540340649383,0.3709646724721549,0.0,0.35980322782421775,0.3386809216175377,0.31923857736481576,0.3468184526932214,0.4344469223586382,0.3601506708563987,0.305229171424383,0.3537197090814025,0.40895026010692126,0.2980737378067546,0.3481321864635083,0.35147914479697745,0.3999098599418897,0.36560222023367756,0.3428266314941574,0.30981638677990403,0.0,0.3429223219700989,0.299658378722232,0.266613663021939,0.27672739727951906,0.15211147693029264,0.16588951889880776,0.2831945475659242,0.4190799704199872,0.2757306258418574,0.4028776802237388,0.0,0.0,0.0,0.2907502691535823,0.4251501917770776,0.3997124033036561,0.0,0.0,0.0,0.49720741727660167,0.0,0.44651831117923674,0.0,0.39658528444488506,0.0,0.3568947430374801,0.0,0.0,0.4139405816951258,0.37272958722575733,0.32122864944734897,0.40374433618767575,0.0,0.449755808254862,0.42869671305085577,0.4333183808630112,0.4804016002608581,0.3082752360043627,0.41542897229902886,0.41990807094967314,0.4917848925552917,0.5234829117094937,0.4671373659141398,0.0,0.4023024987468475
0.39013389834336143,0.398843784636127,0.3900334326068443,0.21389585973983072,0.3208928712327996,0.3659106340775239,0.3586423833881338,0.3245016497822202,0.3894105424478135,0.31162149204815126,0.28592104256671835,0.2686727993392312,0.3599681670652297,0.19865193014436397,0.40936380053323934,0.40458942861848995,0.3531504707322418,0.4036980710765269,0.38241009386304387,0.42562251004141205,0.3886118066377259,0.42475619425817546,0.40811287739399077,0.31097413190306,0.3800211757373613,0.41267553314599853,0.4154036719272172,0.3570416377700386,0.3892365719399457,0.36272644399760096,0.3429223219700989,0.0,0.3360685725216263,0.3390070422083765,0.37042245860158024,0.22236971881077294,0.2631514894658212,0.23510232922840255,0.33371505553519937,0.3300239187666051,0.3589372060526643,0.3142058302196816,0.3263517759136811,0.31311825602186305,0.2877858287923084,0.45618134751633077,0.4568396306510714,0.0,0.0,0.0,0.4626652837592148,0.0,0.41742208368636524,0.0,0.3116941291391298,0.351492824393844,0.30679804687745654,0.49324611176701444,0.0,0.4619790193909143,0.4446383749424319,0.0,0.4003867569297572,0.0,0.4629563770960276,0.40513586949591485,0.46791487264414555,0.48640069111695505,0.0,0.4251765782967248,0.47416691481103346,0.48766194528685414,0.4538402972802138,0.43980742084270796,0.4898353561260221,0.42617671157320874
0.3030099249914097,0.34878896517794006,0.0,0.256570194970309,0.3806513744723905,0.0,0.38707183300791687,0.41116944545582856,0.0,0.28356357033298185,0.0,0.2677774046404702,0.3786157952944383,0.0,0.3797420487283669,0.3612490678494386,0.30420977986000264,0.3362474685402652,0.0,0.3981570990807583,0.3410276709144161,0.3975636067960014,0.38409552176910067,0.2619471859005257,0.3142174016861424,0.3369463708296258,0.39742732877783626,0.3427040648706188,0.34810735086490224,0.0,0.299658378722232,0.3360685725216263,0.0,0.24173060273694877,0.4168564600664031,0.2722822762233305,0.25281953681822245,0.231319208758672,0.3125376865919507,0.2260724928251525,0.28953802051954214,0.28257457059164176,0.3494057328492925,0.29764887146469404,0.2351800883111697,0.4287775161887615,0.42644021671184956,0.0,0.0,0.0,0.0,0.0,0.0,0.0,0.32365811631326974,0.0,0.3022769172081673,0.0,0.0,0.49329940436642844,0.39593783216773654,0.3103150024157402,0.3799462438268161,0.0,0.4286939623070709,0.4727016412522107,0.4598111881505679,0.0,0.2803391057262119,0.3834917067186605,0.42463453272064333,0.4547468415768723,0.0,0.40892574419560446,0.0,0.3327073059271693
0.3353707687986863,0.3460026039904084,0.4134275969604576,0.19890949041398812,0.3801601460344305,0.37479836695443297,0.3939918832838749,0.37017094563787617,0.41139189093558626,0.28117266616965536,0.42333073395516463,0.2521159935738228,0.3770476198085092,0.3602384707606328,0.40609962219161927,0.36536710892865537,0.3076200572185677,0.34104082561478133,0.42567417633792193,0.40042074946984696,0.3621268512355801,0.3954035097267248,0.4182179109711559,0.2689247336913609,0.3229125380674056,0.35393433720693085,0.4147980318277237,0.37386488389054395,0.36945790950830326,0.33275874358170954,0.266613663021939,0.3390070422083765,0.24173060273694877,0.0,0.39227916535282786,0.2679959047727968,0.2290681449549517,0.22534699025113517,0.363113516716355,0.30737345604585353,0.3804556319022555,0.29878159736096194,0.3500201327369598,0.3179096668815138,0.23308312480458335,0.4151122177871823,0.42624930652934223,0.0,0.0,0.0,0.49353826868952577,0.0,0.43844904612414665,0.0,0.36751643507802595,0.0,0.3798177353512233,0.565110663650076,0.0,0.4726886934284098,0.4040838250330561,0.36520138844660843,0.38415475475279565,0.0,0.46288423748292645,0.44352798140723987,0.4479864325575632,0.4874288448646134,0.3734227522291378,0.38760739074337414,0.4415604039684965,0.49166869965013,0.4943649834323041,0.4643417467001215,0.545691246502455,0.45884818609568595
0.41672524375499054,0.4320558218928211,0.4073216662153334,0.20207689951909721,0.3208904853659966,0.34917731657233797,0.3101448048362845,0.403109458824981,0.41906743036305305,0.2708270676882239,0.3989152252480691,0.2636926929632953,0.33529689945329105,0.0,0.45404685096385267,0.4517796005378854,0.3313651866229347,0.40064250357566805,0.4052562957453026,0.4619661142565174,0.43555209340960854,0.4656983264257294,0.44415239901792036,0.25220790213211003,0.3914658822828501,0.43629002568106157,0.44319072875476107,0.3463934525274675,0.4065908715811361,0.3931139013016791,0.27672739727951906,0.37042245860158024,0.4168564600664031,0.39227916535282786,0.0,0.28175486072806327,0.2601392441993758,0.24262033622308457,0.35920615970103303,0.47066949264918445,0.37401674409991653,0.3483855009501777,0.35112027762930587,0.3342734233007695,0.32405785070212395,0.44087824563000994,0.4598100067875173,0.0,0.0,0.0,0.5387431633321729,0.0,0.4656366410996139,0.0,0.35393224763239256,0.0,0.33536720784298135,0.0,0.0,0.4948567115163253,0.45763574190276424,0.0,0.3844578960015703,0.0,0.4888376186173691,0.46762533806180345,0.48255689773432686,0.5005997107507859,0.0,0.42245146316890475,0.49659730393566115,0.5029625713444085,0.5662373248056931,0.48985796358773975,0.0,0.5527906378078226
0.0,0.0,0.37690191855701727,0.1754341843810877,0.2324821553130098,0.3581380738987057,0.2830513257363998,0.2519225649223098,0.38054956598383155,0.2788520044441012,0.252189554793547,0.2574050360897395,0.27766283645177453,0.2012189729497912,0.0,0.0,0.0,0.0,0.3413533683840605,0.0,0.38924443030333056,0.0,0.3518746000710785,0.0,0.4012158270051188,0.0,0.40790482352068613,0.23016187308159833,0.0,0.0,0.15211147693029264,0.22236971881077294,0.2722822762233305,0.2679959047727968,0.28175486072806327,0.0,0.17427773555781506,0.265714261189104,0.2923488037588589,0.24967101863772034,0.3080421380063989,0.26959395579745904,0.27855456834129216,0.2894733618563215,0.0,0.0,0.0,0.3794131392282491,0.0,0.3151470273396015,0.0,0.45110773436952045,0.32878554967191675,0.3821260497169533,0.26764942737866443,0.3240568287305937,0.2534009973680816,0.0,0.2547356245313712,0.0,0.0,0.0,0.0,0.0,0.0,0.0,0.0,0.4729881082437208,0.0,0.0,0.0,0.0,0.0,0.0,0.0,0.0
0.0,0.0,0.0,0.15167387652302083,0.2721417790102008,0.369910483684267,0.272542173158903,0.39387279607092046,0.4033903604870988,0.23690469833277167,0.4002765628397473,0.25175826635210957,0.28384346265128224,0.16677478057287753,0.0,0.0,0.0,0.0,0.41046440963209496,0.0,0.0,0.0,0.3973673753966234,0.2350584774763806,0.0,0.0,0.39081350097019,0.24028380295146134,0.0,0.0,0.16588951889880776,0.2631514894658212,0.25281953681822245,0.2290681449549517,0.2601392441993758,0.17427773555781506,0.0,0.2674502112657355,0.2807015531358583,0.21412418279091297,0.2785392069632478,0.30680276704223464,0.32240838844930864,0.2917429781218003,0.0,0.0,0.0,0.0,0.0,0.0,0.0,0.0,0.0,0.0,0.29799079183725363,0.0,0.2839094843794371,0.0,0.0,0.0,0.0,0.0,0.0,0.0,0.0,0.0,0.0,0.0,0.0,0.0,0.0,0.6001610165077753,0.0,0.0,0.0,0.0
0.0,0.0,0.0,0.0,0.0,0.0,0.3569164235838596,0.0,0.0,0.26059348835949064,0.0,0.21785047581767675,0.3687725737222441,0.0,0.0,0.0,0.3103713635230126,0.3498884424480747,0.0,0.0,0.0,0.0,0.0,0.2427495935000539,0.321697848532477,0.3194340400628316,0.0,0.3097938638367755,0.0,0.0,0.2831945475659242,0.23510232922840255,0.231319208758672,0.22534699025113517,0.24262033622308457,0.265714261189104,0.2674502112657355,0.0,0.0,0.2101583439712973,0.24045750293783452,0.0,0.0,0.0,0.20443398395358753,0.0,0.0,0.0,0.0,0.0,0.0,0.0,0.0,0.0,0.3265082420215993,0.0,0.292312104447133,0.0,0.0,0.0,0.0,0.24146008944801492,0.0,0.0,0.0,0.0,0.0,0.0,0.28036625615648114,0.30337320974936033,0.2905185086240489,0.0,0.0,0.0,0.0,0.0
0.4266994302640048,0.4460115752113806,0.456214323665044,0.27509216392036817,0.0,0.44088886448963593,0.0,0.4248938141518385,0.46398974010403926,0.33249604288934054,0.0,0.3655051250874987,0.47944190798670705,0.0,0.4581747620646101,0.400367285496138,0.0,0.35303155184444673,0.0,0.45455744772295636,0.40701519470696085,0.4568894767905423,0.48258380145748747,0.35568538078317713,0.37723720017947543,0.43923093459615137,0.4801465525547397,0.4307892039082894,0.45901567395236165,0.4389782104262987,0.4190799704199872,0.33371505553519937,0.3125376865919507,0.363113516716355,0.35920615970103303,0.2923488037588589,0.2807015531358583,0.0,0.0,0.3228991115488467,0.3740800512586015,0.31814086504684,0.22724511640749237,0.27842069985569684,0.2748030609892809,0.3787586410758502,0.36991564495294565,0.3758244572282294,0.2175743250905716,0.29873989209832363,0.3861217364446987,0.34228562065889145,0.3488467754080164,0.36056227547014263,0.32421928651985543,0.3001150493631067,0.3474224008184511,0.3572927462046476,0.2631224531849387,0.4179058588170303,0.408893291463691,0.36426937315681546,0.4094551357245929,0.3608125922519188,0.4233576857342653,0.3721993538702782,0.4232552204639514,0.40445746445598424,0.3227957535539591,0.3731483713896793,0.3848538092129209,0.42372224692274096,0.353068053652956,0.405495366255841,0.36312263090845964,0.3496112027641749
0.43004175195376737,0.4548604868801178,0.0,0.0,0.0,0.0,0.0,0.0,0.0,0.3175189755607511,0.0,0.29096355768914683,0.0,0.0,0.4592532193675756,0.43878042975057624,0.33287400895009156,0.3792331844850858,0.0,0.0,0.0,0.46010131034046703,0.4434326065211388,0.26120358165398166,0.37528168242846965,0.4031884566833024,0.0,0.440386406918497,0.0,0.0,0.2757306258418574,0.3300239187666051,0.2260724928251525,0.30737345604585353,0.47066949264918445,0.24967101863772034,0.21412418279091297,0.2101583439712973,0.3228991115488467,0.0,0.2545699515162422,0.3358022448452235,0.33046962069411284,0.0,0.2316741094510548,0.3196581748573421,0.3201283235438462,0.0,0.0,0.38973000838971844,0.3641737757182022,0.3897636710979061,0.42540541473750276,0.0,0.29589702326424383,0.30339539056587134,0.2555688280064544,0.36809389220860445,0.0,0.40917316876805854,0.3420990276222646,0.3066893794952675,0.3340428859392507,0.0,0.36888329822039284,0.3393863557881086,0.3845521409416695,0.3942614553902492,0.25229496502063126,0.29528976293104653,0.32985169718720786,0.3938883435368608,0.3488955081227119,0.34031092690331805,0.3416384261196853,0.278794202930121
0.42452975144053007,0.4345609021689441,0.0,0.2684309124588808,0.0,0.4781849785431273,0.0,0.46932270889655137,0.0,0.3599892669378987,0.0,0.34717376222844437,0.5563977157278904,0.0,0.4721468149760088,0.41540753720593077,0.369031671130213,0.35151743638038696,0.0,0.47914474597509027,0.4516114952164469,0.45069449580062515,0.49562792263494004,0.31487605256073714,0.3592888369538116,0.42281556936773584,0.4971196952766519,0.49576982072697406,0.4887391454713169,0.0,0.4028776802237388,0.3589372060526643,0.28953802051954214,0.3804556319022555,0.37401674409991653,0.3080421380063989,0.2785392069632478,0.24045750293783452,0.3740800512586015,0.2545699515162422,0.0,0.35489972305215345,0.3469841278570863,0.23994279460305407,0.2536341096464128,0.3145789465469586,0.34322599595724784,0.4090782844152132,0.19872058675026044,0.382702418637406,0.4183762648888509,0.3660804517955823,0.4112222251645057,0.4057107534671801,0.29641697546561235,0.4181110377281082,0.24892940530623428,0.3685589570804329,0.3770119068187857,0.4298442556384368,0.36930569184115164,0.33233582561008584,0.35639753394229573,0.3896320545536881,0.412332690463666,0.39144140229382424,0.41054692585714675,0.4381206945043863,0.23487387032630752,0.3164656248806538,0.3467034029481631,0.44024089081540235,0.34602662683478774,0.401693441590941,0.38054516646309194,0.2613874227423256
0.0,0.45685448033448595,0.0,0.24467284760420993,0.0,0.548437416898456,0.0,0.0,0.0,0.2891363141621281,0.0,0.0,0.0,0.0,0.49342430566641776,0.443509427222655,0.0,0.3938419596313216,0.0,0.4341483788842536,0.0,0.4725716888576721,0.49698222350295146,0.22956914735021078,0.37272220645855736,0.40279599707522495,0.5184357273156313,0.5361719930775162,0.0,0.0,0.0,0.3142058302196816,0.28257457059164176,0.29878159736096194,0.3483855009501777,0.26959395579745904,0.30680276704223464,0.0,0.31814086504684,0.3358022448452235,0.35489972305215345,0.0,0.3621920284237334,0.28208121498936056,0.27831262908883025,0.40284635697262083,0.3601904859632017,0.4540165696460782,0.2518049388852524,0.30769413795262784,0.4187597344361791,0.330680724873175,0.4350515604947454,0.387830903859217,0.3301665548266709,0.39548427853850276,0.2763507307159045,0.3374884035400999,0.27821576520399116,0.46692450957410947,0.39310382061080035,0.33193774181006325,0.3892706304609701,0.0,0.4440756786299416,0.44505153485111165,0.45789304642420703,0.43437797797487926,0.25317124740401964,0.3635579834011451,0.39972673783804935,0.4471329602777181,0.31861284854041216,0.41834897311250485,0.3357749824289982,0.26687559516425763
0.0,0.0,0.41920344275391935,0.26954053349797125,0.3694802953403317,0.4230357053139382,0.0,0.3322888132440647,0.4221919838397048,0.27675531733663716,0.32819189810509636,0.0,0.42502392822118196,0.0,0.0,0.0,0.0,0.0,0.4207357288762799,0.0,0.0,0.0,0.41081604521990644,0.0,0.0,0.0,0.4461814307280558,0.4839863727280239,0.0,0.0,0.0,0.3263517759136811,0.3494057328492925,0.3500201327369598,0.35112027762930587,0.27855456834129216,0.32240838844930864,0.0,0.22724511640749237,0.33046962069411284,0.3469841278570863,0.3621920284237334,0.0,0.1925747211943559,0.33954944291863337,0.4682243857533137,0.0,0.3606009381950804,0.15928704649913017,0.21384638634145878,0.4104174988041749,0.275051019380579,0.2921279309870263,0.370807826085206,0.272024467495424,0.2602096418684122,0.3741765941169961,0.31809601324884074,0.20311487877909865,0.48855856876858283,0.0,0.3748769741425947,0.0,0.3517533695581522,0.47302003312952867,0.43153345992459885,0.5012220303623672,0.3849027554886554,0.4048305062035381,0.3466863619872118,0.365605570863417,0.44753319530903873,0.22376821301399807,0.4618421611194585,0.0,0.36873136153834435
0.0,0.0,0.0,0.3144171968728568,0.0,0.0,0.0,0.0,0.0,0.0,0.0,0.0,0.0,0.0,0.0,0.0,0.0,0.0,0.0,0.0,0.0,0.0,0.0,0.0,0.0,0.0,0.0,0.44970396426519377,0.0,0.0,0.0,0.31311825602186305,0.29764887146469404,0.3179096668815138,0.3342734233007695,0.2894733618563215,0.2917429781218003,0.0,0.27842069985569684,0.0,0.23994279460305407,0.28208121498936056,0.1925747211943559,0.0,0.31968144217778777,0.0,0.0,0.3945066294773824,0.1274579788252318,0.17983635396109154,0.4291533361084654,0.25176625066842234,0.3308956460486844,0.4070850980419023,0.23084140653944965,0.3720024755959675,0.0,0.29553732903798224,0.1537018433789335,0.0,0.0,0.0,0.0,0.0,0.0,0.0,0.5047203360917288,0.4151094364113928,0.0,0.0,0.0,0.4211947902034591,0.21718790088361611,0.0,0.0,0.25668074788467865
0.0,0.0,0.0,0.0,0.0,0.0,0.0,0.0,0.0,0.34043451944318237,0.0,0.35481956393624625,0.0,0.0,0.0,0.0,0.0,0.0,0.0,0.0,0.0,0.0,0.0,0.23319579971544396,0.39053680014408015,0.39571360536075095,0.0,0.0,0.0,0.0,0.2907502691535823,0.2877858287923084,0.2351800883111697,0.23308312480458335,0.32405785070212395,0.0,0.0,0.20443398395358753,0.2748030609892809,0.2316741094510548,0.2536341096464128,0.27831262908883025,0.33954944291863337,0.31968144217778777,0.0,0.0,0.0,0.0,0.0,0.40475898403914284,0.0,0.36749343974782145,0.0,0.0,0.29317142508793087,0.0,0.2285586561489417,0.3799590498435224,0.0,0.0,0.0,0.3252985718440652,0.35799800198603904,0.0,0.0,0.0,0.0,0.0,0.2387009231975969,0.31479958493474003,0.3098773680528764,0.0,0.3500319500791962,0.0,0.0,0.3166553640690145
0.4354796818113788,0.45037402865455245,0.0,0.0,0.0,0.0,0.0,0.0,0.0,0.0,0.0,0.0,0.0,0.0,0.36311901241272043,0.4361420760151369,0.0,0.44362287787711485,0.0,0.0,0.4231714342458001,0.44502777580926134,0.0,0.42890726575494476,0.43975931572054083,0.4434638686212879,0.0,0.0,0.0,0.0,0.4251501917770776,0.45618134751633077,0.4287775161887615,0.4151122177871823,0.44087824563000994,0.0,0.0,0.0,0.3787586410758502,0.3196581748573421,0.3145789465469586,0.40284635697262083,0.4682243857533137,0.0,0.0,0.0,0.38639916408022046,0.0,0.0,0.0,0.3962102186868994,0.0,0.4408825612571624,0.0,0.0,0.0,0.36835310383332853,0.40613269473612645,0.4084491730277039,0.344429494938145,0.3876278279436519,0.0,0.3951027520215725,0.0,0.37920565090362335,0.360864828816325,0.39569376045438814,0.4243492978675285,0.3188323286771437,0.39058049979673776,0.3614494362802816,0.4103515843860433,0.4329984308204289,0.3777340234320228,0.0,0.33408687897771205
0.4516710637837951,0.46413554653597866,0.0,0.0,0.0,0.0,0.0,0.0,0.0,0.37716430062953005,0.0,0.0,0.0,0.0,0.4887452372829034,0.44369252687278277,0.0,0.4339424687501825,0.0,0.4473999043537351,0.4610422234942893,0.46199080595686576,0.4972543476269894,0.41066845957637,0.4348804887431478,0.4490833698518925,0.5314181235201896,0.0,0.0,0.0,0.3997124033036561,0.4568396306510714,0.42644021671184956,0.42624930652934223,0.4598100067875173,0.0,0.0,0.0,0.36991564495294565,0.3201283235438462,0.34322599595724784,0.3601904859632017,0.0,0.0,0.0,0.38639916408022046,0.0,0.0,0.0,0.0,0.37798474337169236,0.4089625516652037,0.44233064808517275,0.0,0.33851203778659283,0.0,0.0,0.3968069122677222,0.0,0.43274323889272964,0.39350260147622196,0.0,0.3995700051441339,0.0,0.4046017661221924,0.3755150882135447,0.4079998741115557,0.40229742702241433,0.33550623211675423,0.3817410289475048,0.4022285074089788,0.40599425819185686,0.387400828148873,0.38449479820944304,0.0,0.29929992916861625
0.0,0.0,0.47354861328274805,0.0,0.5196351591554165,0.5209527660613321,0.0,0.49224939626024455,0.5236588562167783,0.0,0.42759134134463195,0.0,0.5548465515209295,0.0,0.0,0.0,0.0,0.0,0.4806467744536028,0.0,0.0,0.0,0.5094072703440305,0.0,0.0,0.0,0.5308767061509492,0.0,0.0,0.0,0.0,0.0,0.0,0.0,0.0,0.3794131392282491,0.0,0.0,0.3758244572282294,0.0,0.4090782844152132,0.4540165696460782,0.3606009381950804,0.3945066294773824,0.0,0.0,0.0,0.0,0.0,0.3806495202025454,0.4197564050056759,0.43027663606036637,0.41444240943991184,0.32898164807674746,0.4737306483242629,0.29827461699890856,0.0,0.436469164468703,0.307122748148993,0.0,0.0,0.0,0.0,0.2695970976683381,0.0,0.0,0.0,0.3046335846487906,0.0,0.0,0.0,0.3136711058396235,0.42338886112939345,0.4289919470140612,0.4179374970782919,0.43313409216479953
0.0,0.0,0.0,0.0,0.0,0.0,0.0,0.0,0.0,0.0,0.0,0.0,0.0,0.0,0.0,0.0,0.0,0.0,0.0,0.0,0.0,0.0,0.0,0.0,0.0,0.0,0.0,0.0,0.0,0.0,0.0,0.0,0.0,0.0,0.0,0.0,0.0,0.0,0.2175743250905716,0.0,0.19872058675026044,0.2518049388852524,0.15928704649913017,0.1274579788252318,0.0,0.0,0.0,0.0,0.0,0.1869548637632941,0.0,0.24780337433428526,0.2921746063134514,0.3920449740074668,0.09593828694310488,0.0,0.0,0.28560354614422867,0.21605908455962425,0.0,0.0,0.0,0.0,0.0,0.0,0.0,0.0,0.43115362216869985,0.0,0.0,0.0,0.3779481308796486,0.16306022946560111,0.0,0.0,0.0
0.0,0.0,0.48083335556249757,0.0,0.0,0.5248645130014284,0.0,0.4386665890854182,0.5195349108653022,0.0,0.3920009572648908,0.0,0.0,0.0,0.0,0.0,0.0,0.0,0.47973296554737366,0.0,0.0,0.0,0.5055665878388895,0.0,0.0,0.0,0.5177803796028857,0.0,0.0,0.0,0.0,0.0,0.0,0.0,0.0,0.3151470273396015,0.0,0.0,0.29873989209832363,0.38973000838971844,0.382702418637406,0.30769413795262784,0.21384638634145878,0.17983635396109154,0.40475898403914284,0.0,0.0,0.3806495202025454,0.1869548637632941,0.0,0.37176580424714506,0.31249049808866924,0.34630218356564035,0.34109024471537214,0.3454065671202265,0.31669965999672695,0.41261505869179804,0.3576055977108616,0.2547059817073173,0.0,0.0,0.42274665830353986,0.42311024953065907,0.3622137806852757,0.0,0.0,0.0,0.3902595317805616,0.0,0.4381689626544761,0.452976301262458,0.415881446327799,0.3032539216491616,0.0,0.0,0.40941172722732116
0.0,0.4453313277738,0.5120552565854545,0.0,0.5455220326910102,0.48466496697268246,0.5261127414615812,0.47249822997328633,0.5231149360638205,0.0,0.474773605015439,0.0,0.5078668911102532,0.0,0.457135004917265,0.0,0.0,0.0,0.5388580026946799,0.47845444723688507,0.43532818555269037,0.47653442835416726,0.5065126941738092,0.0,0.0,0.47195885624446754,0.5159649299327507,0.4931143018585821,0.4837236776122482,0.5308112163885542,0.49720741727660167,0.4626652837592148,0.0,0.49353826868952577,0.5387431633321729,0.0,0.0,0.0,0.3861217364446987,0.3641737757182022,0.4183762648888509,0.4187597344361791,0.4104174988041749,0.4291533361084654,0.0,0.3962102186868994,0.37798474337169236,0.4197564050056759,0.0,0.37176580424714506,0.0,0.42174804002166905,0.41223493964041424,0.3483985392179701,0.42864787337212307,0.38632094622245866,0.0,0.4019762239893226,0.4113441541350254,0.4079146561256057,0.3705757834881466,0.0,0.36796095209898266,0.37661532129441233,0.41081962527004373,0.3988358484761941,0.42528032472850863,0.41797738783828103,0.0,0.3465606556235238,0.37635829469673543,0.4041911244174351,0.38054394251161444,0.3283973003104691,0.4186587239910201,0.4198777704822666
0.0,0.0,0.5388641329037402,0.0,0.0,0.5121061270196275,0.0,0.48429932254161445,0.5514399134406984,0.4693100206159553,0.46175953423948674,0.0,0.6025106597461418,0.0,0.0,0.0,0.0,0.0,0.5500739020705585,0.0,0.0,0.0,0.5159427839241308,0.0,0.0,0.0,0.5261019019508403,0.6262884366779,0.0,0.0,0.0,0.0,0.0,0.0,0.0,0.45110773436952045,0.0,0.0,0.34228562065889145,0.3897636710979061,0.3660804517955823,0.330680724873175,0.275051019380579,0.25176625066842234,0.36749343974782145,0.0,0.4089625516652037,0.43027663606036637,0.24780337433428526,0.31249049808866924,0.42174804002166905,0.0,0.41893669679660134,0.3832906766743602,0.3770296085895738,0.4094272066063704,0.3877837050041332,0.3481488087375917,0.2628479680334481,0.0,0.4254676130487237,0.43185539981661186,0.4451626547039361,0.40770285154678254,0.4492072882720804,0.46736552275286036,0.45075853783039743,0.4349068784190532,0.3870191658439585,0.40255186076584026,0.4035059007799953,0.4414475961347175,0.3407817344725195,0.4327604233927859,0.33548976354997984,0.41000318660821117
0.0,0.0,0.5065576806019398,0.0,0.48078686395720494,0.4460696139571237,0.5143849294545562,0.3274513107570801,0.4635397403026928,0.0,0.4370984426775092,0.0,0.46367974122212,0.0,0.3974573497699018,0.0,0.0,0.0,0.4710673691972785,0.4816098875590214,0.35247888470666033,0.0,0.46227993773098774,0.0,0.0,0.0,0.4979168045268745,0.462949798542557,0.4509698547547598,0.0,0.44651831117923674,0.41742208368636524,0.0,0.43844904612414665,0.4656366410996139,0.32878554967191675,0.0,0.0,0.3488467754080164,0.42540541473750276,0.4112222251645057,0.4350515604947454,0.2921279309870263,0.3308956460486844,0.0,0.4408825612571624,0.44233064808517275,0.41444240943991184,0.2921746063134514,0.34630218356564035,0.41223493964041424,0.41893669679660134,0.0,0.41315996021093915,0.4809818940643059,0.25955653687860814,0.0,0.4316658901502579,0.3037179943665096,0.358781187761866,0.0,0.0,0.0,0.3183363219861214,0.42032610060964093,0.33507254591177643,0.4519536886307306,0.35931212441394894,0.4393810138869923,0.4479904151232697,0.412855235312889,0.44340611337657115,0.42616701669298285,0.40912812336889354,0.4363879014246529,0.4116399100516481
0.0,0.0,0.48510593214546727,0.0,0.5264010298971729,0.4806126139225534,0.0,0.4686899347325675,0.5277373193138919,0.0,0.480171473484043,0.0,0.588480580823758,0.0,0.0,0.0,0.0,0.0,0.4805659689677393,0.0,0.0,0.0,0.49647985205697304,0.0,0.0,0.0,0.515930495095871,0.0,0.0,0.0,0.0,0.0,0.0,0.0,0.0,0.3821260497169533,0.0,0.0,0.36056227547014263,0.0,0.4057107534671801,0.387830903859217,0.370807826085206,0.4070850980419023,0.0,0.0,0.0,0.32898164807674746,0.3920449740074668,0.34109024471537214,0.3483985392179701,0.3832906766743602,0.41315996021093915,0.0,0.424678319493249,0.32522085789247873,0.0,0.4055491297380526,0.3372853147689527,0.0,0.0,0.0,0.0,0.30038094845713265,0.3905141217281548,0.0,0.0,0.4029703312533494,0.0,0.0,0.0,0.346680502041221,0.3956159305041272,0.3888555581332692,0.37249951603566056,0.417130790878538
0.0,0.0,0.0,0.18758763792790328,0.0,0.0,0.0,0.0,0.0,0.4291758191151253,0.0,0.4270403776363106,0.4378394109972522,0.0,0.0,0.0,0.4064872711092025,0.40813432267328553,0.0,0.0,0.0,0.0,0.0,0.424099904740434,0.4200598505677492,0.43724960981179567,0.0,0.3915272687158412,0.0,0.0,0.39658528444488506,0.3116941291391298,0.32365811631326974,0.36751643507802595,0.35393224763239256,0.26764942737866443,0.29799079183725363,0.3265082420215993,0.32421928651985543,0.29589702326424383,0.29641697546561235,0.3301665548266709,0.272024467495424,0.23084140653944965,0.29317142508793087,0.0,0.33851203778659283,0.4737306483242629,0.09593828694310488,0.3454065671202265,0.42864787337212307,0.3770296085895738,0.4809818940643059,0.424678319493249,0.0,0.42747906605201574,0.28272952271980484,0.3936997129149623,0.16230079527113533,0.0,0.35460821108312784,0.33980244520792635,0.3608092351226181,0.4286415738628605,0.0,0.0,0.35088277694364106,0.45062955888774037,0.3271604786110082,0.3471438370734194,0.33406523025264323,0.46913212147575445,0.36967323807794944,0.38089664212145924,0.0,0.3488942550449629
0.0,0.0,0.4281930250217192,0.0,0.42220508153791464,0.48762321954512367,0.5331318526477663,0.4074035910512848,0.4660216210007391,0.0,0.32290043940817736,0.0,0.5118766763469237,0.3192311653368545,0.0,0.0,0.0,0.0,0.39447489392893376,0.0,0.0,0.0,0.43773836590872406,0.0,0.0,0.0,0.4812276139426286,0.0,0.0,0.0,0.0,0.351492824393844,0.0,0.0,0.0,0.3240568287305937,0.0,0.0,0.3001150493631067,0.30339539056587134,0.4181110377281082,0.39548427853850276,0.2602096418684122,0.3720024755959675,0.0,0.0,0.0,0.29827461699890856,0.0,0.31669965999672695,0.38632094622245866,0.4094272066063704,0.25955653687860814,0.32522085789247873,0.42747906605201574,0.0,0.42024763965960626,0.41587148514412753,0.21924102450195768,0.0,0.0,0.4507293460508064,0.0,0.2527248387340135,0.0,0.0,0.0,0.2657605039363078,0.0,0.4579979224440087,0.0,0.38412220822817067,0.40851027227176745,0.0,0.0,0.4318009321936299
0.0,0.0,0.0,0.0,0.0,0.0,0.0,0.0,0.0,0.4321049570157115,0.0,0.4267393929591989,0.0,0.0,0.0,0.0,0.41732482835864426,0.4277083034733179,0.0,0.0,0.0,0.0,0.0,0.40164691524110985,0.42778587644245286,0.4488627949958153,0.0,0.0,0.0,0.0,0.3568947430374801,0.30679804687745654,0.3022769172081673,0.3798177353512233,0.33536720784298135,0.2534009973680816,0.2839094843794371,0.292312104447133,0.3474224008184511,0.2555688280064544,0.24892940530623428,0.2763507307159045,0.3741765941169961,0.0,0.2285586561489417,0.36835310383332853,0.0,0.0,0.0,0.41261505869179804,0.0,0.3877837050041332,0.0,0.0,0.28272952271980484,0.42024763965960626,0.0,0.3916134643634459,0.0,0.0,0.3531853198840279,0.347600635178942,0.3594038157707601,0.0,0.0,0.0,0.0,0.0,0.28638751494355325,0.3444725615555582,0.31149514451299015,0.0,0.36433286359978806,0.0,0.0,0.3423275339045433
0.0,0.0,0.5411410488866107,0.0,0.0,0.4995862303880131,0.0,0.47363337350750223,0.5732128555541132,0.43922604488620487,0.47252600913957715,0.44489952462875165,0.5963276876827337,0.0,0.0,0.0,0.0,0.0,0.0,0.0,0.0,0.0,0.5079237297391155,0.45586447004061226,0.5202030182925154,0.5453927796048852,0.514009897772074,0.5651207378497201,0.5168553961963107,0.0,0.0,0.49324611176701444,0.0,0.565110663650076,0.0,0.0,0.0,0.0,0.3572927462046476,0.36809389220860445,0.3685589570804329,0.3374884035400999,0.31809601324884074,0.29553732903798224,0.3799590498435224,0.40613269473612645,0.3968069122677222,0.436469164468703,0.28560354614422867,0.3576055977108616,0.4019762239893226,0.3481488087375917,0.4316658901502579,0.4055491297380526,0.3936997129149623,0.41587148514412753,0.3916134643634459,0.0,0.32635799190481857,0.4231269684918035,0.40216312307064983,0.4080694899601506,0.40913864689698126,0.4211220385755124,0.42997818737229665,0.42773298885306604,0.440030289052563,0.43561144282538605,0.38864419735450173,0.3924061293117538,0.39197221468381627,0.4399599661125506,0.37625099921341826,0.406054173827621,0.4021202641652141,0.3902664331636182
0.0,0.0,0.43104103050587483,0.0,0.38808517835286194,0.517804261536102,0.0,0.36540123622292986,0.4444872137899556,0.0,0.341875418232625,0.0,0.0,0.0,0.0,0.0,0.0,0.0,0.4249901485932606,0.0,0.0,0.0,0.4124092460169618,0.0,0.0,0.0,0.474938370363026,0.0,0.0,0.0,0.0,0.0,0.0,0.0,0.0,0.2547356245313712,0.0,0.0,0.2631224531849387,0.0,0.3770119068187857,0.27821576520399116,0.20311487877909865,0.1537018433789335,0.0,0.4084491730277039,0.0,0.307122748148993,0.21605908455962425,0.2547059817073173,0.4113441541350254,0.2628479680334481,0.3037179943665096,0.3372853147689527,0.16230079527113533,0.21924102450195768,0.0,0.32635799190481857,0.0,0.0,0.0,0.0,0.0,0.29427250478068334,0.0,0.3880252717810484,0.0,0.3627483645028865,0.0,0.0,0.0,0.4204099005465177,0.19875929765580858,0.0,0.0,0.0
0.0,0.49342200235650724,0.0,0.0,0.0,0.0,0.0,0.4798270426502488,0.0,0.0,0.0,0.0,0.6015988921731503,0.0,0.47177513092966455,0.4388723044719952,0.0,0.0,0.0,0.4742921863287116,0.45082295464795585,0.49948980807158927,0.4705144305287281,0.0,0.0,0.5123786590728481,0.48021590326336805,0.4940566424403713,0.45448915196271966,0.542825386161576,0.4139405816951258,0.4619790193909143,0.49329940436642844,0.4726886934284098,0.4948567115163253,0.0,0.0,0.0,0.4179058588170303,0.40917316876805854,0.4298442556384368,0.46692450957410947,0.48855856876858283,0.0,0.0,0.344429494938145,0.43274323889272964,0.0,0.0,0.0,0.4079146561256057,0.0,0.358781187761866,0.0,0.0,0.0,0.0,0.4231269684918035,0.0,0.0,0.4221410520878487,0.0,0.43899337402286265,0.0,0.36326538607683634,0.3754778946043593,0.402536529504953,0.3628298939633678,0.38198776173922444,0.36847701544699946,0.4086013685443524,0.39272228332753767,0.4310675039596572,0.40145638406030415,0.4598793418408892,0.3983782876452569
0.44098594143309494,0.4588907596375566,0.0,0.0,0.0,0.0,0.0,0.0,0.0,0.36266574613659003,0.0,0.0,0.0,0.0,0.4939508933566654,0.4348035706411783,0.0,0.4235057389227396,0.0,0.0,0.0,0.44860573762555217,0.0,0.41732066714651084,0.4209184537832121,0.4384138155805833,0.0,0.0,0.0,0.0,0.37272958722575733,0.4446383749424319,0.39593783216773654,0.4040838250330561,0.45763574190276424,0.0,0.0,0.0,0.408893291463691,0.3420990276222646,0.36930569184115164,0.39310382061080035,0.0,0.0,0.0,0.3876278279436519,0.39350260147622196,0.0,0.0,0.0,0.3705757834881466,0.4254676130487237,0.0,0.0,0.35460821108312784,0.0,0.3531853198840279,0.40216312307064983,0.0,0.4221410520878487,0.0,0.3746587944867572,0.38134493005782255,0.0,0.4207699534786459,0.39105872125769653,0.4087017062611407,0.4066876680180402,0.35294762084141407,0.39637640873804825,0.38435517264748836,0.4010498720803333,0.4109653882408417,0.4219092437766563,0.36474129172784886,0.35014635713844655
0.0,0.0,0.0,0.0,0.0,0.0,0.0,0.0,0.0,0.4193253209216699,0.0,0.43202755876560534,0.0,0.0,0.0,0.0,0.41111074709638556,0.4093109084792045,0.0,0.0,0.0,0.0,0.0,0.4173074386990121,0.4100763888031433,0.4341027712282582,0.0,0.0,0.0,0.0,0.32122864944734897,0.0,0.3103150024157402,0.36520138844660843,0.0,0.0,0.0,0.24146008944801492,0.36426937315681546,0.3066893794952675,0.33233582561008584,0.33193774181006325,0.3748769741425947,0.0,0.3252985718440652,0.0,0.0,0.0,0.0,0.42274665830353986,0.0,0.43185539981661186,0.0,0.0,0.33980244520792635,0.4507293460508064,0.347600635178942,0.4080694899601506,0.0,0.0,0.3746587944867572,0.0,0.35638657146019026,0.0,0.3780848420189854,0.0,0.36085917798854655,0.0,0.3557497537443747,0.3570233817115077,0.3708368707141766,0.0,0.3997014487829028,0.3943458345578177,0.0,0.34872211828992156
0.45855548830617143,0.4492739005098591,0.0,0.0,0.0,0.0,0.0,0.0,0.0,0.3789312926471877,0.0,0.37986417898728253,0.0,0.0,0.0,0.4354771153222324,0.39431190496236934,0.4156454670685534,0.0,0.0,0.0,0.47852070850108075,0.0,0.4151415763883847,0.41396815332215925,0.4302292220269842,0.0,0.0,0.0,0.0,0.40374433618767575,0.4003867569297572,0.3799462438268161,0.38415475475279565,0.3844578960015703,0.0,0.0,0.0,0.4094551357245929,0.3340428859392507,0.35639753394229573,0.3892706304609701,0.0,0.0,0.35799800198603904,0.3951027520215725,0.3995700051441339,0.0,0.0,0.42311024953065907,0.36796095209898266,0.4451626547039361,0.0,0.0,0.3608092351226181,0.0,0.3594038157707601,0.40913864689698126,0.0,0.43899337402286265,0.38134493005782255,0.35638657146019026,0.0,0.0,0.40977108221996555,0.0,0.4129076331288167,0.0,0.36774219289807514,0.3771990377417841,0.3830681543025216,0.4221892625870901,0.39854197784928413,0.3979556864965783,0.3671510998678421,0.3619590208647323
0.0,0.0,0.36360036308278004,0.0,0.0,0.5004448523703378,0.0,0.4164585679755626,0.45746764733019896,0.0,0.31394851300266585,0.0,0.6681010195293627,0.0,0.0,0.0,0.0,0.0,0.5145746685581335,0.0,0.0,0.0,0.4662400820342847,0.0,0.0,0.0,0.5043601846525169,0.0,0.0,0.0,0.0,0.0,0.0,0.0,0.0,0.0,0.0,0.0,0.3608125922519188,0.0,0.3896320545536881,0.0,0.3517533695581522,0.0,0.0,0.0,0.0,0.2695970976683381,0.0,0.3622137806852757,0.37661532129441233,0.40770285154678254,0.3183363219861214,0.30038094845713265,0.4286415738628605,0.2527248387340135,0.0,0.4211220385755124,0.29427250478068334,0.0,0.0,0.0,0.0,0.0,0.0,0.0,0.0,0.2448224182052337,0.0,0.0,0.0,0.3469889420840446,0.39206302511843827,0.0,0.0,0.42868246507789254
0.0,0.4470884209902172,0.0,0.0,0.0,0.4920732575799565,0.0,0.446715176358551,0.0,0.0,0.0,0.0,0.5366390395529911,0.0,0.45827400819213854,0.45573966680131667,0.0,0.0,0.0,0.46926519835329095,0.4417492691134079,0.4753426755992647,0.4849764522942787,0.0,0.4211143466487981,0.4717714309387805,0.4855770709329496,0.4877779573501939,0.4639647845209397,0.4768574596780297,0.449755808254862,0.4629563770960276,0.4286939623070709,0.46288423748292645,0.4888376186173691,0.0,0.0,0.0,0.4233576857342653,0.36888329822039284,0.412332690463666,0.4440756786299416,0.47302003312952867,0.0,0.0,0.37920565090362335,0.4046017661221924,0.0,0.0,0.0,0.41081962527004373,0.4492072882720804,0.42032610060964093,0.3905141217281548,0.0,0.0,0.0,0.42997818737229665,0.0,0.36326538607683634,0.4207699534786459,0.3780848420189854,0.40977108221996555,0.0,0.0,0.40657055010765064,0.3863699738470118,0.3125731808826446,0.0,0.3660838828240863,0.424070529926844,0.3881749848689686,0.4028599988101107,0.35679693802689927,0.37308758381426016,0.372168193548708
0.36859514183946146,0.46635530500700695,0.0,0.0,0.0,0.45940495707313495,0.0,0.32935103684738254,0.0,0.0,0.0,0.0,0.5445811762390461,0.0,0.43623481350021315,0.45978878156382963,0.0,0.0,0.0,0.4456157312357383,0.3317546992894384,0.4706974185705527,0.43478600260363354,0.0,0.49331068091961894,0.48469853738988034,0.4653731986908762,0.4529164031274458,0.43022578084250734,0.37007534661020547,0.42869671305085577,0.40513586949591485,0.4727016412522107,0.44352798140723987,0.46762533806180345,0.0,0.0,0.0,0.3721993538702782,0.3393863557881086,0.39144140229382424,0.44505153485111165,0.43153345992459885,0.0,0.0,0.360864828816325,0.3755150882135447,0.0,0.0,0.0,0.3988358484761941,0.46736552275286036,0.33507254591177643,0.0,0.0,0.0,0.0,0.42773298885306604,0.3880252717810484,0.3754778946043593,0.39105872125769653,0.0,0.0,0.0,0.40657055010765064,0.0,0.4160053958476917,0.36662259418992715,0.41714554857024405,0.40472118969193793,0.3735924535781154,0.4220312321420367,0.42202622941735213,0.39026347900778957,0.46410322642487667,0.39427731234925373
0.47424516025731656,0.46465804045762643,0.0,0.0,0.0,0.0,0.0,0.36499870457599015,0.0,0.0,0.0,0.0,0.0,0.0,0.483737780759687,0.44711773874208277,0.0,0.4248857954324656,0.0,0.48215388770033984,0.4745855916676325,0.4805473596134624,0.47891030535051865,0.0,0.4220702273840501,0.4922738907160159,0.4813223003657298,0.536498622676448,0.4590522195199634,0.0,0.4333183808630112,0.46791487264414555,0.4598111881505679,0.4479864325575632,0.48255689773432686,0.0,0.0,0.0,0.4232552204639514,0.3845521409416695,0.41054692585714675,0.45789304642420703,0.5012220303623672,0.5047203360917288,0.0,0.39569376045438814,0.4079998741115557,0.0,0.0,0.0,0.42528032472850863,0.45075853783039743,0.4519536886307306,0.0,0.35088277694364106,0.0,0.0,0.440030289052563,0.0,0.402536529504953,0.4087017062611407,0.36085917798854655,0.4129076331288167,0.0,0.3863699738470118,0.4160053958476917,0.0,0.4443998377965701,0.29286316407954865,0.400943863901337,0.42225258984231523,0.4458702415659271,0.4139724121016759,0.42053509696245744,0.37749403590018593,0.35728652931193544
0.0,0.48513923596324215,0.5104951996501109,0.0,0.4999395786882883,0.49308046924839305,0.4964222491325911,0.46438717180310984,0.5129478385259253,0.0,0.47775933547987626,0.0,0.49871167115238846,0.0,0.4632390047767585,0.0,0.0,0.0,0.5114028340949551,0.48664022760704057,0.45998730093491436,0.47969346055693435,0.5038282079634073,0.0,0.0,0.4858716847675232,0.5177832687215125,0.501290652353319,0.4895144845154272,0.5015734219179424,0.4804016002608581,0.48640069111695505,0.0,0.4874288448646134,0.5005997107507859,0.4729881082437208,0.0,0.0,0.40445746445598424,0.3942614553902492,0.4381206945043863,0.43437797797487926,0.3849027554886554,0.4151094364113928,0.0,0.4243492978675285,0.40229742702241433,0.3046335846487906,0.43115362216869985,0.3902595317805616,0.41797738783828103,0.4349068784190532,0.35931212441394894,0.4029703312533494,0.45062955888774037,0.2657605039363078,0.0,0.43561144282538605,0.3627483645028865,0.3628298939633678,0.4066876680180402,0.0,0.0,0.2448224182052337,0.3125731808826446,0.36662259418992715,0.4443998377965701,0.0,0.4392704083939507,0.4227873314805135,0.4067391400256073,0.36034101918971967,0.43451871681211607,0.4205071580533417,0.4489104865580056,0.4360808855776498
0.38213772137585234,0.0,0.0,0.0,0.0,0.0,0.0,0.0,0.0,0.41894555089983193,0.0,0.4033721743886706,0.0,0.0,0.0,0.0,0.44582554328064805,0.4387568262198538,0.0,0.0,0.0,0.0,0.0,0.39444402932746025,0.43111556839381565,0.46260127594405637,0.0,0.0,0.0,0.0,0.3082752360043627,0.0,0.2803391057262119,0.3734227522291378,0.0,0.0,0.0,0.28036625615648114,0.3227957535539591,0.25229496502063126,0.23487387032630752,0.25317124740401964,0.4048305062035381,0.0,0.2387009231975969,0.3188323286771437,0.33550623211675423,0.0,0.0,0.0,0.0,0.3870191658439585,0.4393810138869923,0.0,0.3271604786110082,0.0,0.28638751494355325,0.38864419735450173,0.0,0.38198776173922444,0.35294762084141407,0.3557497537443747,0.36774219289807514,0.0,0.0,0.41714554857024405,0.29286316407954865,0.4392704083939507,0.0,0.3464441318480934,0.33726789211787694,0.44083925801624,0.3509543278788748,0.0,0.0,0.33138476459827443
0.454717351270123,0.45964681975472266,0.0,0.0,0.0,0.0,0.0,0.0,0.0,0.39105572745843664,0.0,0.39473879422231334,0.5357877876588679,0.0,0.0,0.45183833996252404,0.3587680092522557,0.43424004471950595,0.0,0.0,0.5125780729084052,0.4426860654461279,0.0,0.41790833935732763,0.42591549678162577,0.43906823809935175,0.0,0.5223854932214183,0.0,0.0,0.41542897229902886,0.4251765782967248,0.3834917067186605,0.38760739074337414,0.42245146316890475,0.0,0.0,0.30337320974936033,0.3731483713896793,0.29528976293104653,0.3164656248806538,0.3635579834011451,0.3466863619872118,0.0,0.31479958493474003,0.39058049979673776,0.3817410289475048,0.0,0.0,0.4381689626544761,0.3465606556235238,0.40255186076584026,0.4479904151232697,0.0,0.3471438370734194,0.4579979224440087,0.3444725615555582,0.3924061293117538,0.0,0.36847701544699946,0.39637640873804825,0.3570233817115077,0.3771990377417841,0.0,0.3660838828240863,0.40472118969193793,0.400943863901337,0.4227873314805135,0.3464441318480934,0.0,0.3647308576553367,0.3802338975851426,0.38244581338691697,0.35991096114710397,0.3594831689622508,0.3430048529451685
0.46077537819236086,0.4832763513094918,0.0,0.0,0.0,0.0,0.0,0.0,0.0,0.43384558996106315,0.0,0.4342219282039889,0.0,0.0,0.5102874669124976,0.463080196315153,0.4159095574619137,0.4445099961942025,0.0,0.4694365323628056,0.4828289114310163,0.4926662149724163,0.48840800646356936,0.44663472391004616,0.438288035114549,0.4644677567396981,0.4974849215281723,0.48053585829560364,0.46183855681953667,0.0,0.41990807094967314,0.47416691481103346,0.42463453272064333,0.4415604039684965,0.49659730393566115,0.0,0.0,0.2905185086240489,0.3848538092129209,0.32985169718720786,0.3467034029481631,0.39972673783804935,0.365605570863417,0.0,0.3098773680528764,0.3614494362802816,0.4022285074089788,0.0,0.0,0.452976301262458,0.37635829469673543,0.4035059007799953,0.412855235312889,0.0,0.33406523025264323,0.0,0.31149514451299015,0.39197221468381627,0.0,0.4086013685443524,0.38435517264748836,0.3708368707141766,0.3830681543025216,0.0,0.424070529926844,0.3735924535781154,0.42225258984231523,0.4067391400256073,0.33726789211787694,0.3647308576553367,0.0,0.4507737776641763,0.37500608956164616,0.37566735362639714,0.40918130563800004,0.3462824006310727
0.0,0.4822689102610429,0.5405994669401155,0.0,0.5220458274198816,0.4964956388366936,0.5134099805245536,0.4972140458108939,0.5231608926008976,0.0,0.49116109651061984,0.0,0.5035852121482857,0.0,0.4747286277610723,0.0,0.0,0.0,0.5231365059959232,0.4978310093971332,0.47627578361201883,0.48881990221296767,0.5198775463124092,0.0,0.0,0.4936197206221816,0.5204427290589485,0.5043042231385514,0.4968437520869563,0.49765398630789115,0.4917848925552917,0.48766194528685414,0.4547468415768723,0.49166869965013,0.5029625713444085,0.0,0.6001610165077753,0.0,0.42372224692274096,0.3938883435368608,0.44024089081540235,0.4471329602777181,0.44753319530903873,0.4211947902034591,0.0,0.4103515843860433,0.40599425819185686,0.3136711058396235,0.3779481308796486,0.415881446327799,0.4041911244174351,0.4414475961347175,0.44340611337657115,0.346680502041221,0.46913212147575445,0.38412220822817067,0.0,0.4399599661125506,0.4204099005465177,0.39272228332753767,0.4010498720803333,0.0,0.4221892625870901,0.3469889420840446,0.3881749848689686,0.4220312321420367,0.4458702415659271,0.36034101918971967,0.44083925801624,0.3802338975851426,0.4507737776641763,0.0,0.43906606829194017,0.3795745793138278,0.4478703893344838,0.4310128272998818
0.0,0.0,0.5600734892853914,0.0,0.0,0.48516137786919916,0.0,0.4732596336399867,0.5605145716174679,0.4028836428936931,0.0,0.42362395186594415,0.5650758788027559,0.0,0.48714472745368237,0.0,0.0,0.0,0.0,0.4887568038816177,0.44009151166026816,0.0,0.501820961329368,0.3139513538887865,0.48113806640283724,0.4804635991249894,0.5018189057109427,0.5121330877951866,0.4958105095433669,0.0,0.5234829117094937,0.4538402972802138,0.0,0.4943649834323041,0.5662373248056931,0.0,0.0,0.0,0.353068053652956,0.3488955081227119,0.34602662683478774,0.31861284854041216,0.22376821301399807,0.21718790088361611,0.3500319500791962,0.4329984308204289,0.387400828148873,0.42338886112939345,0.16306022946560111,0.3032539216491616,0.38054394251161444,0.3407817344725195,0.42616701669298285,0.3956159305041272,0.36967323807794944,0.40851027227176745,0.36433286359978806,0.37625099921341826,0.19875929765580858,0.4310675039596572,0.4109653882408417,0.3997014487829028,0.39854197784928413,0.39206302511843827,0.4028599988101107,0.42202622941735213,0.4139724121016759,0.43451871681211607,0.3509543278788748,0.38244581338691697,0.37500608956164616,0.43906606829194017,0.0,0.35627017204051115,0.33974491547833613,0.3719404801191275
0.38925811489912904,0.4331416998685474,0.0,0.0,0.0,0.4641940499945748,0.0,0.47703040605373925,0.0,0.0,0.0,0.0,0.516005057798602,0.0,0.42997517660234963,0.46197963294498967,0.0,0.0,0.0,0.46117056846752585,0.394093988413335,0.4553686790434539,0.48211823745318816,0.0,0.4300390188058233,0.46071329202025724,0.48623270308148325,0.48510652252624,0.47018727043750247,0.0,0.4671373659141398,0.43980742084270796,0.40892574419560446,0.4643417467001215,0.48985796358773975,0.0,0.0,0.0,0.405495366255841,0.34031092690331805,0.401693441590941,0.41834897311250485,0.4618421611194585,0.0,0.0,0.3777340234320228,0.38449479820944304,0.4289919470140612,0.0,0.0,0.3283973003104691,0.4327604233927859,0.40912812336889354,0.3888555581332692,0.38089664212145924,0.0,0.0,0.406054173827621,0.0,0.40145638406030415,0.4219092437766563,0.3943458345578177,0.3979556864965783,0.0,0.35679693802689927,0.39026347900778957,0.42053509696245744,0.4205071580533417,0.0,0.35991096114710397,0.37566735362639714,0.3795745793138278,0.35627017204051115,0.0,0.4092639978575363,0.38683334342082715
0.0,0.0,0.0,0.0,0.0,0.5184329331149018,0.0,0.562027694212268,0.0,0.0,0.0,0.0,0.6676403442244745,0.0,0.0,0.0,0.0,0.0,0.0,0.0,0.0,0.0,0.5115811586040646,0.0,0.0,0.0,0.5279668499837125,0.6069120490737998,0.5306263471719563,0.0,0.0,0.4898353561260221,0.0,0.545691246502455,0.0,0.0,0.0,0.0,0.36312263090845964,0.3416384261196853,0.38054516646309194,0.3357749824289982,0.0,0.0,0.0,0.0,0.0,0.4179374970782919,0.0,0.0,0.4186587239910201,0.33548976354997984,0.4363879014246529,0.37249951603566056,0.0,0.0,0.0,0.4021202641652141,0.0,0.4598793418408892,0.36474129172784886,0.0,0.3671510998678421,0.0,0.37308758381426016,0.46410322642487667,0.37749403590018593,0.4489104865580056,0.0,0.3594831689622508,0.40918130563800004,0.4478703893344838,0.33974491547833613,0.4092639978575363,0.0,0.37849465068001337
0.0,0.42207883240106825,0.0,0.0,0.0,0.4788319182062647,0.0,0.485709477557246,0.5621109661285306,0.40038176113370594,0.0,0.3970088298232812,0.5920974229673499,0.0,0.46258642129649724,0.3927280659197699,0.0,0.3816835414339629,0.0,0.46470437506356305,0.43901308999732946,0.44770279976528227,0.4923319027112315,0.36916459406903335,0.3885323898919513,0.40794236345609947,0.5019969800200387,0.5109925274001407,0.480221813447968,0.0,0.4023024987468475,0.42617671157320874,0.3327073059271693,0.45884818609568595,0.5527906378078226,0.0,0.0,0.0,0.3496112027641749,0.278794202930121,0.2613874227423256,0.26687559516425763,0.36873136153834435,0.25668074788467865,0.3166553640690145,0.33408687897771205,0.29929992916861625,0.43313409216479953,0.0,0.40941172722732116,0.4198777704822666,0.41000318660821117,0.4116399100516481,0.417130790878538,0.3488942550449629,0.4318009321936299,0.3423275339045433,0.3902664331636182,0.0,0.3983782876452569,0.35014635713844655,0.34872211828992156,0.3619590208647323,0.42868246507789254,0.372168193548708,0.39427731234925373,0.35728652931193544,0.4360808855776498,0.33138476459827443,0.3430048529451685,0.3462824006310727,0.4310128272998818,0.3719404801191275,0.38683334342082715,0.37849465068001337,0.0
