0.0,0.0475374459511017,0.0,0.0,0.0,0.0,0.0,0.2339861096721029,0.0,0.091687470959997,0.0,0.1893305228703067,0.0,0.0,0.0,0.2548988808192109,0.0,0.0,0.0,0.0,0.3328683801877987,0.0505285797655086,0.13282480963152,0.4745924307835538,0.328853129674013,0.2562814620689353,0.0,0.0763163957192429,0.0,0.0,0.0,0.1463430951047186,0.154870255696821,0.0,0.0,0.0,0.0,0.0,0.3205590394758162,0.5232256090882439,0.1622264800891389,0.0,0.0,0.0,0.0,0.7360211071293898,0.0,0.0,0.0,0.0,0.0,0.0,0.0,0.0,0.2574505605343399,0.0,0.0,0.0,0.0,0.0,0.2191026756048159,0.0,0.5660758114283319,0.0,0.0,0.4912873797983092,0.3407084947839979,0.0,0.4823664498402479,0.337334970700034,0.3587149418515012,0.0,0.0,0.0,0.0,0.0
0.0475374459511017,0.0,0.0,0.0,0.2560441625867243,0.4693795444403513,0.0,0.2945842718104423,0.0882686764786288,0.0,0.0,0.0,0.0792529512334013,0.0,0.4047947245380414,0.4392694369805748,0.0,0.5510250553425992,0.0,0.6395747933267754,0.4809020104647923,0.6979640908892281,0.3929544758565912,0.0,0.7657367177237044,0.95563505617846,0.3449053450900354,0.6132987218053285,0.3568788516955024,0.0,0.0,0.211176094142987,0.242578494781,0.0,0.0,0.0,0.0,0.0,0.0,0.3605826272414927,0.1891658472955355,0.2405136693728647,0.0,0.0,0.0,0.1570436195316656,0.6772854565512039,0.0,0.0,0.0,0.0,0.0,0.0,0.0,0.0,0.0,0.0,0.0,0.0,0.3809315240517482,0.0,0.0,0.0,0.0,0.345355103172291,0.281898475083755,0.5126211422047352,0.0847226277879158,0.0,0.2536850385044202,0.7773013271319353,0.0,0.0,0.0,0.0,0.0686512771379763
0.0,0.0,0.0,0.0,0.3061950304080023,0.2934477922322314,0.0461200699323353,0.2033175372406962,0.2830950544417104,0.367647968395419,0.539656823490199,0.0,0.0,0.0,0.0,0.0,0.0,0.0,0.4696333801239596,0.0,0.0,0.0,0.5066176931348506,0.0,0.0,0.0,0.5335252465888658,0.1422089613101916,0.0,0.0435411142589006,0.0,0.0794949776657617,0.0,0.2023507341066912,0.0,0.0,0.0100682250943851,0.0,0.0,0.0,0.0,0.0,0.0,0.0,0.0,0.0,0.0,0.5652105043102915,0.0,0.4883872678993066,0.2421915240232615,0.0,0.3415032841554426,0.3239675961535045,0.0,0.4785181131136034,0.0,0.0,0.0,0.0,0.0,0.0,0.0,0.4789927832675129,0.0,0.0,0.0,0.2119210851361239,0.0,0.0,0.0,0.1653817122157369,0.0,0.0,0.0,0.0
0.0,0.0,0.0,0.0,0.0787009552815738,0.1374214981402524,0.0,0.0,0.0,0.0,0.0,0.0,0.0,0.163237038256006,0.0,0.0,0.0,0.0,0.0,0.0,0.0,0.0,0.0,0.0,0.0,0.0,0.1514566111747871,0.3060287050669784,0.0,0.0,0.0,0.0,0.0,0.1359309476358868,0.1859327126213846,0.4083473413871573,0.1458664773978029,0.0,0.0,0.0,0.0,0.0,0.0,0.0,0.0,0.0,0.0,0.0,0.0,0.0,0.0,0.0,0.0,0.0,0.0,0.0,0.0,0.0,0.0,0.0,0.0,0.0,0.0,0.0,0.0,0.0,0.0,0.0,0.0,0.0,0.0,0.0,0.0,0.0,0.0,0.0
0.0,0.2560441625867243,0.3061950304080023,0.0787009552815738,0.0,0.2409051403938333,0.4481199226268555,0.1798637538114988,0.5483943119818334,0.0702525851365715,0.6183944610938895,0.0,0.2277538287289744,0.1484308368357585,0.0,0.0,0.0,0.0,0.0,0.1007137062537191,0.0,0.0711048121345031,0.2019221843299055,0.0,0.2982382069334457,0.0,0.166958514764215,0.1073162827224802,0.1036821587312447,0.0,0.0,0.0,0.0,0.0,0.0,0.0,0.0,0.1365489366632823,0.0,0.0,0.0,0.0,0.0,0.0,0.0,0.0,0.0,0.4484146604703211,0.0,0.0,0.0,0.0,0.2344386935209867,0.3308618456002691,0.0,0.6224437034160923,0.0,0.0,0.0,0.0,0.0,0.0,0.0,0.0,0.0,0.0,0.0,0.24146772508813,0.0,0.0,0.0,0.0513597917344245,0.0,0.0,0.0,0.0
0.0,0.4693795444403513,0.2934477922322314,0.1374214981402524,0.2409051403938333,0.0,0.2469286627869649,0.4546377408367884,0.5426163470999983,0.2913388950309622,0.1825728176465332,0.0,0.4161844304130038,0.0,0.1481951271149799,0.0,0.0,0.1750760376267956,0.445732833311325,0.2297693595012196,0.4856529513391184,0.0974819653315087,0.4976445644512803,0.0,0.0,0.4525405464545916,0.5917679281300563,0.3294869137803295,0.3915623037578241,0.0,0.0373796338106588,0.0251015711354481,0.0,0.2989503884714943,0.153109719367516,0.0,0.0,0.0,0.0,0.0,0.0,0.0,0.0266023868439509,0.0,0.0,0.0,0.0,0.1928009474152208,0.0,0.0,0.4364053800691081,0.1326943721980163,0.684205337627391,0.3657157575560636,0.0,0.3506898731689244,0.0,0.3658161838858128,0.0,0.0295559630117533,0.0,0.0,0.0,0.3206951940438362,0.1433335534056209,0.0,0.2580906549854996,0.4888217208310259,0.0,0.0,0.0,0.1738531492922786,0.2732109873091946,0.0,0.0,0.0
0.0,0.0,0.0461200699323353,0.0,0.4481199226268555,0.2469286627869649,0.0,0.4567730382238887,0.6267621895224116,0.0,0.0,0.1349399645326629,0.4836822917052713,0.313557890038662,0.0,0.0,0.0,0.0,0.0399231380990203,0.0,0.0,0.0,0.0632942943470525,0.1940487030166686,0.0,0.0,0.0,0.0,0.0,0.0,0.0,0.0,0.0,0.0,0.1434514536094542,0.0423250970805558,0.0,0.0,0.0,0.0,0.0,0.0,0.0,0.0,0.0,0.0,0.0,0.0,0.0,0.0,0.3215108999582836,0.0,0.0,0.0,0.0,0.0,0.0,0.0,0.0,0.0,0.0,0.0,0.0,0.0,0.0,0.0,0.0,0.2785345250215697,0.0,0.0,0.0,0.0563744708354292,0.0,0.0,0.0,0.0
0.2339861096721029,0.2945842718104423,0.2033175372406962,0.0,0.1798637538114988,0.4546377408367884,0.4567730382238887,0.0,0.428617220096304,0.139402391126881,0.2447213802836804,0.0,0.6122428518384132,0.0607742060646294,0.0,0.0,0.0,0.0227753415614056,0.2120480239174485,0.0,0.2650465978959479,0.0,0.6405123683082176,0.6855738810668359,0.0607382163249926,0.4201991121286356,0.0,0.0708294739533613,0.0,0.0,0.0,0.0,0.1204857500312701,0.063504731622856,0.0,0.30629115548696,0.0,0.0,0.0,0.0,0.0,0.0,0.1488767810960193,0.0,0.0,0.0,0.0,0.3963099923326875,0.0,0.0,0.2312105499944276,0.0,0.6387375872913081,0.238841834495329,0.0,0.3702879192617289,0.0,0.4171595626584307,0.0231105921070972,0.0,0.0,0.0,0.0,0.1566848460327472,0.0,0.0259031153897289,0.0,0.4678865425022097,0.0,0.0,0.0,0.0,0.3447295605323456,0.0,0.0,0.0
0.0,0.0882686764786288,0.2830950544417104,0.0,0.5483943119818334,0.5426163470999983,0.6267621895224116,0.428617220096304,0.0,0.1017488514882744,0.3734211976531286,0.2803315145674864,0.2468927451385854,0.0175413866169278,0.0,0.0,0.0,0.0,0.3788286126594822,0.0,0.0,0.0,0.3088612648167627,0.0,0.0,0.0,0.1622458790167734,0.0,0.0,0.0,0.0,0.0,0.0,0.0501360842069286,0.0036507506250548,0.0,0.0,0.0400874385477722,0.0,0.0,0.0,0.0,0.0,0.0,0.0,0.0,0.0,0.6391558055014073,0.0,0.0,0.3680775630867274,0.0,0.4050203178177562,0.7956206004563384,0.0,0.5541612293009474,0.0,0.0,0.0,0.0,0.0,0.0,0.0,0.2119264361987196,0.0,0.0,0.0,0.5450889622951552,0.0,0.0,0.0,0.339108465290605,0.0,0.0,0.0,0.0
0.091687470959997,0.0,0.367647968395419,0.0,0.0702525851365715,0.2913388950309622,0.0,0.139402391126881,0.1017488514882744,0.0,0.3627647142332253,0.437309526485662,0.3272859931235153,0.0,0.0,0.377540970908617,0.8699226493733507,0.4321158866754889,0.5888345892830488,0.0,0.0,0.204205564542084,0.3302818693643884,0.1643507758224326,0.0,0.0,0.3272979156702968,0.1861393490126208,0.0,0.0,0.2828268321200625,0.1601598903956111,0.3623613101297001,0.6044097589434857,0.1157159986147885,0.0,0.0,0.3593436249380251,0.2615805188789759,0.0880222893019723,0.1800027661075834,0.0,0.0,0.0,0.0,0.0,0.0,0.0,0.0,0.0,0.0,0.0,0.0,0.0,0.887797762713809,0.0,0.6682033960359196,0.0,0.0,0.0,0.0,0.798489854822352,0.1618940541486699,0.0,0.0,0.0,0.0,0.0,0.0610032880577412,0.1535739711338852,0.0430633653133379,0.0,0.254457986061196,0.0,0.0,0.0
0.0,0.0,0.539656823490199,0.0,0.6183944610938895,0.1825728176465332,0.0,0.2447213802836804,0.3734211976531286,0.3627647142332253,0.0,0.0928216713804142,0.0912185058918531,0.0,0.0,0.0,0.0,0.0,0.0988506170044135,0.0,0.0,0.0,0.4625430279344628,0.0,0.0,0.0,0.3649064735586141,0.2043278282665397,0.0,0.0,0.0,0.127230480031798,0.139750103472281,0.0,0.0,0.0,0.0523459654702663,0.2588321368997023,0.0519639676257741,0.0,0.0,0.0,0.1558400616616663,0.0,0.0,0.0,0.0,0.6277196351780114,0.0,0.5898587359787407,0.0,0.0867060472392768,0.308261228060944,0.1074821291017728,0.0,0.9055024155768476,0.0,0.0,0.0,0.0,0.0,0.0,0.0,0.196156326337399,0.0,0.0,0.0,0.1416756786036456,0.0,0.0,0.0,0.0,0.0,0.0,0.0,0.0
0.1893305228703067,0.0,0.0,0.0,0.0,0.0,0.1349399645326629,0.0,0.2803315145674864,0.437309526485662,0.0928216713804142,0.0,0.4377030449205037,0.0,0.0,0.0,0.5658760852531335,0.3098465841241734,0.0,0.0,0.0,0.0,0.0,0.762167881464486,0.1170855348283693,0.4757136633179566,0.0,0.3236446684885768,0.0,0.0,0.0,0.0949168583539986,0.3246078248372459,0.3699394254066585,0.0,0.2132696403886543,0.0,0.3138499536756943,0.0448411000747021,0.347357777870668,0.0766985401297889,0.0,0.0,0.0,0.2459459837843459,0.0,0.0,0.0,0.0,0.0,0.0,0.0,0.0,0.0,0.4271692831633851,0.0,0.8635705559436126,0.0,0.0,0.0,0.0,0.3994957860665671,0.2906555589950116,0.0,0.0,0.0,0.0,0.0,0.4223066436830487,0.3035150572324827,0.4935050536682982,0.0,0.0,0.0,0.0,0.0
0.0,0.0792529512334013,0.0,0.0,0.2277538287289744,0.4161844304130038,0.4836822917052713,0.6122428518384132,0.2468927451385854,0.3272859931235153,0.0912185058918531,0.4377030449205037,0.0,0.0556340153593297,0.0,0.0,0.4739508468223467,0.0983554478375055,0.1491559572481545,0.0,0.0,0.0,0.373939912994245,0.4384822597755108,0.0,0.1395784281733362,0.0,0.2347891197948094,0.0,0.0,0.0,0.0,0.1183700816657034,0.2145355865744825,0.0745247476944347,0.1922339523318446,0.1182400959545698,0.1971349908090128,0.0,0.0,0.0,0.0,0.3290890809332459,0.0,0.0,0.0,0.0,0.0814975033035705,0.0,0.0,0.0927940540933134,0.0,0.4403733976163141,0.0,0.0,0.0,0.0,0.0,0.0,0.0,0.0,0.0,0.0,0.0,0.0,0.0,0.0,0.3126979230417719,0.0,0.0,0.0,0.0,0.0,0.0,0.0,0.0
0.0,0.0,0.0,0.163237038256006,0.1484308368357585,0.0,0.313557890038662,0.0607742060646294,0.0175413866169278,0.0,0.0,0.0,0.0556340153593297,0.0,0.0,0.0,0.0,0.0,0.0,0.0,0.0,0.0,0.0,0.0,0.0,0.0,0.0,0.0,0.0,0.0,0.0,0.0,0.0,0.0,0.0,0.4479485268550067,0.0,0.0,0.0,0.0,0.0,0.0,0.0,0.0,0.0,0.0,0.0,0.0,0.0,0.0,0.0,0.0,0.0,0.1080214338587352,0.0,0.0,0.0,0.0,0.0,0.0,0.0,0.0,0.0,0.0,0.0,0.0,0.0,0.0,0.0,0.0,0.0,0.0,0.0,0.0,0.0,0.0
0.0,0.4047947245380414,0.0,0.0,0.0,0.1481951271149799,0.0,0.0,0.0,0.0,0.0,0.0,0.0,0.0,0.0,0.5132829657838497,0.0,0.3970953947621662,0.0,0.6733238346474338,0.5677921567234703,0.6584090389629571,0.0957139253050033,0.0,0.3540927856233026,0.3794832125050351,0.5620011162887475,0.4416061312483538,0.6458456121722476,0.0,0.2006628938385846,0.4604191168814512,0.1715037897529361,0.0,0.0,0.0,0.0,0.0,0.2728135941644034,0.1204300814429354,0.1245913889526134,0.102983482887434,0.0,0.0,0.0,0.0,0.4485762732863732,0.0,0.0,0.0,0.0,0.0,0.0,0.0,0.0,0.0,0.0,0.0,0.0,0.7829344027932319,0.4328461436336097,0.0,0.0,0.0,0.5955493533189353,0.3682757215673379,0.5899817998912732,0.0,0.0,0.0,0.3812440400410301,0.2426927310329843,0.1106866701181355,0.0,0.0,0.0594790897588428
0.2548988808192109,0.4392694369805748,0.0,0.0,0.0,0.0,0.0,0.0,0.0,0.377540970908617,0.0,0.0,0.0,0.0,0.5132829657838497,0.0,0.3443321128057091,0.7674908878269137,0.0,0.7532491590035081,0.3946885896038813,0.8228513382260394,0.0514576342979197,0.1894537946889386,0.6584765973434878,0.3201204546204055,0.1686391827594098,0.5867194388611024,0.4254239338250047,0.6237023067875124,0.2801896932253642,0.4446604682863641,0.5227546093543038,0.0286131066140539,0.0,0.0,0.0,0.0,0.4747816221051246,0.3038507431555209,0.4437159474286153,0.2746611748610484,0.0,0.0,0.0,0.5631407386439101,0.5283475542660181,0.0,0.0,0.0,0.0,0.0,0.0,0.0,0.0,0.0,0.0,0.0,0.0,0.4911200785806165,0.2223577946247338,0.0,0.0,0.0,0.3933191328595837,0.5000676586807467,0.5139712896786109,0.0,0.0,0.0,0.3702408816449508,0.0,0.0,0.0,0.0,0.1554808697253129
0.0,0.0,0.0,0.0,0.0,0.0,0.0,0.0,0.0,0.8699226493733507,0.0,0.5658760852531335,0.4739508468223467,0.0,0.0,0.3443321128057091,0.0,0.4387224354644629,0.0,0.2365201053254778,0.0,0.1236340225405152,0.0,0.2701147275921873,0.0,0.0,0.0,0.2934251571991321,0.0,0.0,0.2830442732215031,0.086531417916212,0.2831139313721082,0.7033821046277484,0.2623531825575842,0.0,0.0,0.425499947549078,0.0,0.1279926171392886,0.1359371174683654,0.0,0.0,0.0,0.0,0.0,0.0,0.0,0.0,0.0,0.0,0.0,0.0,0.0,0.7584394547931661,0.0,0.7413072087857238,0.0,0.0,0.0,0.0,0.720730454732556,0.2359730850024798,0.0,0.0,0.0,0.0,0.0,0.0243901084132875,0.2091172826945679,0.0960329017877473,0.0,0.0,0.0,0.0,0.0
0.0,0.5510250553425992,0.0,0.0,0.0,0.1750760376267956,0.0,0.0227753415614056,0.0,0.4321158866754889,0.0,0.3098465841241734,0.0983554478375055,0.0,0.3970953947621662,0.7674908878269137,0.4387224354644629,0.0,0.0,0.8429947656939842,0.3861776148862232,0.8105036394841754,0.2574096326904436,0.2729930233088515,0.5767332712431317,0.3481845852981255,0.4163796002161974,0.5969470459653924,0.524957681588373,0.0,0.1887239405108966,0.384701042144133,0.5211357670487776,0.0705473840976649,0.0,0.0,0.0,0.0,0.3374674314527204,0.1784257221743505,0.3668249914383032,0.1862197319631399,0.0,0.0,0.0,0.3059473181671049,0.6868149013410916,0.0,0.0,0.0,0.0,0.0,0.0,0.0,0.119952136807835,0.0,0.3160139766157566,0.0,0.0,0.0,0.0,0.0823562364798705,0.0,0.0,0.0,0.0,0.3214836449693327,0.0,0.3235963886642408,0.0,0.3667713176833683,0.0,0.0,0.0,0.0,0.0
0.0,0.0,0.4696333801239596,0.0,0.0,0.445732833311325,0.0399231380990203,0.2120480239174485,0.3788286126594822,0.5888345892830488,0.0988506170044135,0.0,0.1491559572481545,0.0,0.0,0.0,0.0,0.0,0.0,0.0,0.0,0.0,0.4026587477311646,0.0,0.0,0.0,0.4009719347106203,0.0725622524190298,0.0,0.0,0.2411303688732476,0.0570192946226517,0.0,0.677074725593179,0.3836357650641874,0.0,0.0,0.0,0.0,0.0,0.0,0.0,0.0,0.0,0.0,0.0,0.0,0.230145867432829,0.0,0.0,0.4713776962728651,0.0,0.4753871453209319,0.3428887661349773,0.0,0.1272080308219703,0.0,0.0,0.0,0.0,0.0,0.0,0.0,0.8538151484238532,0.0,0.0,0.0,0.4334114382111355,0.0,0.0,0.0,0.3839637604910972,0.0,0.0,0.0,0.0
0.0,0.6395747933267754,0.0,0.0,0.1007137062537191,0.2297693595012196,0.0,0.0,0.0,0.0,0.0,0.0,0.0,0.0,0.6733238346474338,0.7532491590035081,0.2365201053254778,0.8429947656939842,0.0,0.0,0.5557092045545448,0.9677492774758272,0.2660557421952649,0.0,0.6009441206174536,0.5048975234747872,0.598658761895355,0.7052680970968355,0.7190244306363505,0.4708237469047055,0.1866846944232099,0.5033280818398708,0.5036581715718915,0.0,0.0,0.0,0.3616102827302481,0.0,0.368871374006413,0.2854756512513509,0.4853996329719539,0.2886278664214925,0.0,0.0,0.0,0.0,0.7912574355844224,0.0,0.0,0.0,0.0,0.0,0.2319906187320827,0.0,0.0,0.0,0.0,0.0,0.0,0.5508406218947569,0.0,0.0,0.0,0.0,0.3669765476125854,0.4455429562269754,0.5650089128418527,0.0,0.0,0.0,0.5331785217659463,0.0,0.1132548353517594,0.0,0.0,0.0876718017279402
0.3328683801877987,0.4809020104647923,0.0,0.0,0.0,0.4856529513391184,0.0,0.2650465978959479,0.0,0.0,0.0,0.0,0.0,0.0,0.5677921567234703,0.3946885896038813,0.0,0.3861776148862232,0.0,0.5557092045545448,0.0,0.5149977901824924,0.5215598034046688,0.4129740024695822,0.3821504097116081,0.5632404451234426,0.5719377208813619,0.493656295935506,0.5206398538681449,0.3373288897061611,0.1314857577661512,0.3813782113604965,0.2091320630725315,0.0576490115307628,0.0,0.0,0.0,0.0,0.2839561051725657,0.4438742648992128,0.1632237895175791,0.0,0.0,0.0,0.0,0.4534890430760026,0.3978289283544242,0.0,0.0,0.0,0.0,0.0,0.4601951682220137,0.0,0.0,0.0,0.0,0.0,0.0,0.5707224938922456,0.3996483695750257,0.0,0.0,0.0,0.5711978638026868,0.6431446107427495,0.6185952732275659,0.2695164980742364,0.0,0.3827462327107819,0.5862062391309939,0.1304981582170474,0.5264329537056609,0.0,0.0,0.1765037864089454
0.0505285797655086,0.6979640908892281,0.0,0.0,0.0711048121345031,0.0974819653315087,0.0,0.0,0.0,0.204205564542084,0.0,0.0,0.0,0.0,0.6584090389629571,0.8228513382260394,0.1236340225405152,0.8105036394841754,0.0,0.9677492774758272,0.5149977901824924,0.0,0.227243071978687,0.0,0.6983984690924433,0.5868750746880396,0.4926641088147016,0.7059150333635983,0.6107341434774233,0.5100691715375288,0.1183571139207196,0.5080105106378386,0.4883000429655299,0.0,0.0,0.0,0.3457158686250136,0.0,0.4165616296259071,0.3465772604353728,0.4892531911956211,0.3874113865333314,0.0,0.0,0.0,0.4436905082253603,0.75808297527338,0.0,0.0,0.0,0.0,0.0,0.0,0.0,0.0,0.0,0.0,0.0,0.0,0.5654018082814324,0.0826132453612709,0.0,0.0,0.0,0.4277317524634134,0.4787492678432711,0.6117631082748382,0.0,0.0,0.0,0.6041743428594262,0.0,0.0,0.0,0.0,0.1642366381082918
0.13282480963152,0.3929544758565912,0.5066176931348506,0.0,0.2019221843299055,0.4976445644512803,0.0632942943470525,0.6405123683082176,0.3088612648167627,0.3302818693643884,0.4625430279344628,0.0,0.373939912994245,0.0,0.0957139253050033,0.0514576342979197,0.0,0.2574096326904436,0.4026587477311646,0.2660557421952649,0.5215598034046688,0.227243071978687,0.0,0.4649171857348221,0.2110959283459234,0.4327771782493245,0.3885695072332964,0.219118278444817,0.0,0.0239332045423704,0.0,0.0642764483587395,0.2182877461737152,0.1108923566806991,0.0,0.0,0.0,0.0,0.0,0.2186883413801983,0.0,0.0,0.1123917001038676,0.0,0.0,0.0,0.3217137986647459,0.4759443447652307,0.0,0.2511957999815933,0.3574812186526073,0.0,0.7808282246895768,0.1219999678101042,0.0,0.4802997921392022,0.0,0.3686920762025684,0.0,0.1179933740253808,0.0,0.0,0.0,0.3848187291126607,0.0893688184793657,0.1683929734375513,0.1567898563952482,0.7146443409088904,0.0,0.0,0.4391913662034534,0.0,0.2695158487310493,0.0,0.1800039933502468,0.0
0.4745924307835538,0.0,0.0,0.0,0.0,0.0,0.1940487030166686,0.6855738810668359,0.0,0.1643507758224326,0.0,0.762167881464486,0.4384822597755108,0.0,0.0,0.1894537946889386,0.2701147275921873,0.2729930233088515,0.0,0.0,0.4129740024695822,0.0,0.4649171857348221,0.0,0.329151995673961,0.6230221840397554,0.0,0.4121709602645575,0.0,0.0,0.0,0.2006478110055493,0.3379447239513474,0.0,0.0,0.2374908326773705,0.0,0.2987946581567947,0.1552826408801484,0.573325676890674,0.2320611486983688,0.0,0.0,0.0,0.4007042014151468,0.4752240711089147,0.0,0.0,0.0,0.0,0.0,0.0,0.0,0.0,0.1465987996815192,0.0,0.5278302309856627,0.0,0.0,0.0,0.0,0.1391316526820827,0.2067552409742198,0.0,0.0,0.0,0.0,0.0,0.7865940226161857,0.1751892519593756,0.6232990752798717,0.0,0.0,0.0,0.0,0.0887384186094007
0.328853129674013,0.7657367177237044,0.0,0.0,0.2982382069334457,0.0,0.0,0.0607382163249926,0.0,0.0,0.0,0.1170855348283693,0.0,0.0,0.3540927856233026,0.6584765973434878,0.0,0.5767332712431317,0.0,0.6009441206174536,0.3821504097116081,0.6983984690924433,0.2110959283459234,0.329151995673961,0.0,0.6983150199560567,0.1676920378288692,0.4599594627056687,0.2473675926379584,0.0,0.0,0.2107467535309383,0.275550091781747,0.0,0.0,0.0,0.0,0.175251896186525,0.1508242661411624,0.3499501418517363,0.225507505798638,0.2630178897125606,0.0,0.0,0.0,0.4827496375126556,0.511335536211796,0.0,0.0,0.0,0.0,0.0,0.0,0.0,0.0,0.0,0.0,0.0,0.0,0.0,0.0,0.0,0.0,0.0,0.3657730099126284,0.5296311400258773,0.4484906300106111,0.0,0.501599873018456,0.2791433606425684,0.6823928489027833,0.0,0.0,0.0,0.0,0.2174644303305706
0.2562814620689353,0.95563505617846,0.0,0.0,0.0,0.4525405464545916,0.0,0.4201991121286356,0.0,0.0,0.0,0.4757136633179566,0.1395784281733362,0.0,0.3794832125050351,0.3201204546204055,0.0,0.3481845852981255,0.0,0.5048975234747872,0.5632404451234426,0.5868750746880396,0.4327771782493245,0.6230221840397554,0.6983150199560567,0.0,0.2516026657746774,0.5854588482944236,0.2229639859232441,0.0,0.0,0.1731103070749,0.1747273520446165,0.0,0.0,0.0563047895649926,0.0,0.2186143670238948,0.028313062817494,0.4463103642744934,0.1081818692746173,0.2214293505678613,0.0,0.0,0.3469136726236284,0.2632002908471245,0.5598274922714759,0.0,0.0,0.0,0.0,0.0,0.0,0.0,0.0,0.0,0.1504510110614229,0.0,0.0,0.3928166498699283,0.0,0.0,0.0,0.0,0.4174721421029128,0.3416259870195587,0.5530255108979457,0.1965399196346272,0.5569494402180404,0.317356250178122,0.8542051155364149,0.0,0.0,0.0,0.0,0.155418831543259
0.0,0.3449053450900354,0.5335252465888658,0.1514566111747871,0.166958514764215,0.5917679281300563,0.0,0.0,0.1622458790167734,0.3272979156702968,0.3649064735586141,0.0,0.0,0.0,0.5620011162887475,0.1686391827594098,0.0,0.4163796002161974,0.4009719347106203,0.598658761895355,0.5719377208813619,0.4926641088147016,0.3885695072332964,0.0,0.1676920378288692,0.2516026657746774,0.0,0.2989835553110897,0.7471631276786459,0.0983228616054669,0.2171647552895947,0.3015000925689522,0.0975446182811002,0.2006568473549503,0.0954670399825275,0.0,0.0576835342929202,0.0,0.0622942617687475,0.0,0.0760883929521303,0.0,0.0,0.0,0.0,0.0,0.5212265899724658,0.1667529744327011,0.0,0.0,0.2347057269828358,0.0964334924660359,0.3518459407671203,0.1460436566222437,0.0,0.2909837115250932,0.0,0.0,0.0,0.4216756845148266,0.0,0.0,0.0,0.39251479763547,0.425872152594614,0.2396885805367156,0.471605891651729,0.2109047696683126,0.0,0.0,0.3000168837785916,0.4962599329321066,0.0581488856009541,0.0,0.0963389689409404,0.0
0.0763163957192429,0.6132987218053285,0.1422089613101916,0.3060287050669784,0.1073162827224802,0.3294869137803295,0.0,0.0708294739533613,0.0,0.1861393490126208,0.2043278282665397,0.3236446684885768,0.2347891197948094,0.0,0.4416061312483538,0.5867194388611024,0.2934251571991321,0.5969470459653924,0.0725622524190298,0.7052680970968355,0.493656295935506,0.7059150333635983,0.219118278444817,0.4121709602645575,0.4599594627056687,0.5854588482944236,0.2989835553110897,0.0,0.516191507659326,0.5832423339261833,0.2918369558541382,0.3506874062013975,0.3111321114027249,0.1143166662672085,0.0,0.1212107785426122,0.3511867136507035,0.3839708715398522,0.2419660551287731,0.0,0.4174228917211987,0.2767416861916631,0.4843909626259939,0.0,0.0,0.0,0.0,0.0,0.0,0.0,0.0,0.0,0.3061318767533162,0.0,0.0,0.0,0.0,0.0,0.0,0.3887432302518788,0.0,0.0,0.0,0.0,0.3872583491539715,0.4079882148980235,0.0,0.0,0.0,0.0,0.0,0.0,0.4607864046014506,0.0,0.0,0.120078739770968
0.0,0.3568788516955024,0.0,0.0,0.1036821587312447,0.3915623037578241,0.0,0.0,0.0,0.0,0.0,0.0,0.0,0.0,0.6458456121722476,0.4254239338250047,0.0,0.524957681588373,0.0,0.7190244306363505,0.5206398538681449,0.6107341434774233,0.0,0.0,0.2473675926379584,0.2229639859232441,0.7471631276786459,0.516191507659326,0.0,0.3199508952436669,0.352222452144152,0.3754914723136242,0.0916358529990064,0.1321756914265526,0.0295319809719445,0.0,0.0902707930240953,0.0,0.2315490323437587,0.0,0.1581591855460342,0.0,0.0,0.0,0.0,0.0,0.5235279093844499,0.0,0.0,0.0,0.0,0.0,0.1362370255924758,0.0,0.0,0.0,0.0,0.0,0.0,0.5778054968972797,0.0,0.0,0.0,0.0,0.380400547582544,0.4194676637883812,0.4788113775956953,0.0,0.0,0.0,0.2752505076917758,0.2455781411138697,0.0394253023287101,0.0,0.0,0.0190278357818038
0.0,0.0,0.0435411142589006,0.0,0.0,0.0,0.0,0.0,0.0,0.0,0.0,0.0,0.0,0.0,0.0,0.6237023067875124,0.0,0.0,0.0,0.4708237469047055,0.3373288897061611,0.5100691715375288,0.0239332045423704,0.0,0.0,0.0,0.0983228616054669,0.5832423339261833,0.3199508952436669,0.0,0.4830399818905696,0.3894926753767966,0.0,0.3890637953608974,0.0,0.0,0.0,0.0,0.4297784332092373,0.0,0.0,0.0,0.0,0.0,0.0,0.0,0.0,0.0,0.0,0.0,0.0,0.0,0.0,0.0,0.0,0.0,0.0,0.0,0.0,0.0,0.0,0.0,0.0,0.0,0.4346264621764397,0.0,0.0,0.0,0.0,0.0,0.0,0.0,0.0,0.0,0.0,0.0
0.0,0.0,0.0,0.0,0.0,0.0373796338106588,0.0,0.0,0.0,0.2828268321200625,0.0,0.0,0.0,0.0,0.2006628938385846,0.2801896932253642,0.2830442732215031,0.1887239405108966,0.2411303688732476,0.1866846944232099,0.1314857577661512,0.1183571139207196,0.0,0.0,0.0,0.0,0.2171647552895947,0.2918369558541382,0.352222452144152,0.4830399818905696,0.0,0.2386287921516217,0.0302820903402568,0.3555896430293451,0.2996707884190911,0.013818817639939,0.1533021102371485,0.1021142432715293,0.1626698316725769,0.0,0.133324362677791,0.0,0.0,0.0,0.0,0.0,0.0655522825003276,0.0,0.0,0.0,0.0,0.0,0.0,0.0,0.2068520004168997,0.0,0.1242366842527518,0.0,0.0,0.0,0.323076334244314,0.0,0.0,0.0,0.1938509167648472,0.0496656789509536,0.1698352426512461,0.0,0.0,0.0,0.0,0.1394042407946251,0.2660387503761717,0.0,0.0,0.4334740913221164
0.1463430951047186,0.211176094142987,0.0794949776657617,0.0,0.0,0.0251015711354481,0.0,0.0,0.0,0.1601598903956111,0.127230480031798,0.0949168583539986,0.0,0.0,0.4604191168814512,0.4446604682863641,0.086531417916212,0.384701042144133,0.0570192946226517,0.5033280818398708,0.3813782113604965,0.5080105106378386,0.0642764483587395,0.2006478110055493,0.2107467535309383,0.1731103070749,0.3015000925689522,0.3506874062013975,0.3754914723136242,0.3894926753767966,0.2386287921516217,0.0,0.2638962874548649,0.0,0.0,0.0,0.2742990014976352,0.1056615367640522,0.6933425543464327,0.2732359398023861,0.2849735708181218,0.2697284621970881,0.2476563267129442,0.2424402092085812,0.1809179785566127,0.3611665040240339,0.403544999551351,0.0449719089236259,0.0,0.0,0.0,0.0,0.1370372807661111,0.0,0.0743772819731585,0.0691520339741932,0.0,0.0,0.0,0.3619046051569262,0.3251406770988867,0.0,0.0,0.0992550489840512,0.418387235119399,0.37795792679667,0.4830925674968683,0.0,0.2825808728252859,0.0468566621808566,0.2636673642393307,0.0,0.1949496895500763,0.1010429774934205,0.0,0.1633707613425174
0.154870255696821,0.242578494781,0.0,0.0,0.0,0.0,0.0,0.1204857500312701,0.0,0.3623613101297001,0.139750103472281,0.3246078248372459,0.1183700816657034,0.0,0.1715037897529361,0.5227546093543038,0.2831139313721082,0.5211357670487776,0.0,0.5036581715718915,0.2091320630725315,0.4883000429655299,0.2182877461737152,0.3379447239513474,0.275550091781747,0.1747273520446165,0.0975446182811002,0.3111321114027249,0.0916358529990064,0.0,0.0302820903402568,0.2638962874548649,0.0,0.2449721272292234,0.0,0.0,0.2377063865793174,0.3506045776148449,0.3410931110008189,0.5152231542657842,0.503557187319257,0.1882087467093988,0.0,0.0,0.334287313789358,0.3774158653980547,0.372641146194471,0.0,0.0,0.0,0.0,0.0,0.0,0.0,0.2339916562166656,0.0,0.2715353608065677,0.0,0.0,0.1611694453212974,0.0,0.1889841097526674,0.0,0.0,0.0846668439229282,0.2267393257523892,0.1846940392024433,0.0,0.3664273059240265,0.0,0.2050500791653076,0.0,0.0,0.0806344212074284,0.0,0.0
0.0,0.0,0.2023507341066912,0.1359309476358868,0.0,0.2989503884714943,0.0,0.063504731622856,0.0501360842069286,0.6044097589434857,0.0,0.3699394254066585,0.2145355865744825,0.0,0.0,0.0286131066140539,0.7033821046277484,0.0705473840976649,0.677074725593179,0.0,0.0576490115307628,0.0,0.1108923566806991,0.0,0.0,0.0,0.2006568473549503,0.1143166662672085,0.1321756914265526,0.3890637953608974,0.3555896430293451,0.0,0.2449721272292234,0.0,0.5308624158215102,0.1006203005603243,0.0511298026666015,0.3121166746001965,0.0,0.0786083085605893,0.2853802327423934,0.0,0.0497444304235294,0.0,0.0,0.0,0.0178018816674254,0.0,0.0,0.0,0.3115110055925211,0.0,0.2706996320431016,0.0,0.6349458870576198,0.0,0.595039518665808,0.0,0.0,0.0,0.1850808187042084,0.0,0.2495207820556108,0.0,0.1246241169264344,0.0,0.1204644771313083,0.0674157029767578,0.0,0.0695559609161134,0.0,0.1612674195684346,0.1957000690608183,0.0,0.0,0.0
0.0,0.0,0.0,0.1859327126213846,0.0,0.153109719367516,0.1434514536094542,0.0,0.0036507506250548,0.1157159986147885,0.0,0.0,0.0745247476944347,0.0,0.0,0.0,0.2623531825575842,0.0,0.3836357650641874,0.0,0.0,0.0,0.0,0.0,0.0,0.0,0.0954670399825275,0.0,0.0295319809719445,0.0,0.2996707884190911,0.0,0.0,0.5308624158215102,0.0,0.0523088004009031,0.0223015315538192,0.0627816924679969,0.0,0.0,0.0,0.0,0.0,0.0375374579539076,0.0,0.0,0.0,0.0,0.0,0.0,0.0,0.0,0.0,0.0,0.0,0.0,0.1247360318421957,0.0,0.0,0.0,0.059136428839759,0.0,0.0606814440230153,0.0,0.0,0.0,0.0,0.0,0.0,0.0,0.0,0.1862037552438557,0.0,0.0,0.0,0.0
0.0,0.0,0.0,0.4083473413871573,0.0,0.0,0.0423250970805558,0.30629115548696,0.0,0.0,0.0,0.2132696403886543,0.1922339523318446,0.4479485268550067,0.0,0.0,0.0,0.0,0.0,0.0,0.0,0.0,0.0,0.2374908326773705,0.0,0.0563047895649926,0.0,0.1212107785426122,0.0,0.0,0.013818817639939,0.0,0.0,0.1006203005603243,0.0523088004009031,0.0,0.1507298239639571,0.0,0.0,0.0,0.0,0.0348381790516836,0.1865008376547307,0.0,0.0,0.0,0.0,0.0,0.0,0.0,0.0,0.0,0.0314270263498564,0.0,0.0,0.0,0.1388814723938588,0.0642872005704537,0.1997306125706099,0.0,0.0,0.0,0.0,0.0,0.0,0.0,0.0,0.0,0.0,0.0,0.0,0.0,0.0500587257176449,0.0275437530848707,0.0,0.0
0.0,0.0,0.0100682250943851,0.1458664773978029,0.0,0.0,0.0,0.0,0.0,0.0,0.0523459654702663,0.0,0.1182400959545698,0.0,0.0,0.0,0.0,0.0,0.0,0.3616102827302481,0.0,0.3457158686250136,0.0,0.0,0.0,0.0,0.0576835342929202,0.3511867136507035,0.0902707930240953,0.0,0.1533021102371485,0.2742990014976352,0.2377063865793174,0.0511298026666015,0.0223015315538192,0.1507298239639571,0.0,0.1823151328461376,0.2141288623672807,0.0,0.2293729258036067,0.3572156960946235,0.0,0.0,0.0,0.0,0.0,0.0,0.0,0.0,0.0,0.0,0.0,0.0,0.0,0.0,0.0,0.0,0.0,0.0,0.0,0.0,0.0,0.0,0.0,0.0,0.0,0.0,0.0,0.0,0.0,0.0,0.0,0.0,0.0,0.0
0.0,0.0,0.0,0.0,0.1365489366632823,0.0,0.0,0.0,0.0400874385477722,0.3593436249380251,0.2588321368997023,0.3138499536756943,0.1971349908090128,0.0,0.0,0.0,0.425499947549078,0.0,0.0,0.0,0.0,0.0,0.0,0.2987946581567947,0.175251896186525,0.2186143670238948,0.0,0.3839708715398522,0.0,0.0,0.1021142432715293,0.1056615367640522,0.3506045776148449,0.3121166746001965,0.0627816924679969,0.0,0.1823151328461376,0.0,0.1311850797500437,0.3549922570915883,0.3482164514547207,0.0,0.0,0.0,0.4408749826860088,0.0,0.0,0.0,0.0,0.0,0.0,0.0,0.0,0.0,0.2121177162545948,0.0,0.3855682330424371,0.0,0.0,0.0,0.0,0.0,0.0,0.0,0.0,0.0,0.0,0.0,0.2864036168215787,0.0,0.3266485037318719,0.0,0.0,0.0,0.0,0.0
0.3205590394758162,0.0,0.0,0.0,0.0,0.0,0.0,0.0,0.0,0.2615805188789759,0.0519639676257741,0.0448411000747021,0.0,0.0,0.2728135941644034,0.4747816221051246,0.0,0.3374674314527204,0.0,0.368871374006413,0.2839561051725657,0.4165616296259071,0.0,0.1552826408801484,0.1508242661411624,0.028313062817494,0.0622942617687475,0.2419660551287731,0.2315490323437587,0.4297784332092373,0.1626698316725769,0.6933425543464327,0.3410931110008189,0.0,0.0,0.0,0.2141288623672807,0.1311850797500437,0.0,0.3423525734845708,0.312172776206101,0.2197192561689835,0.3363705262564727,0.3807346443960884,0.0788016245284038,0.4802022047435977,0.3048697606715874,0.0350821725357068,0.0,0.2267857695726459,0.0,0.0,0.0083444142164198,0.0,0.2117580255593283,0.0,0.024643555996808,0.0,0.0,0.299675311563744,0.2872580727115448,0.2318659752889486,0.0717080183029238,0.1030218374824337,0.2880726216259637,0.3714932102539742,0.3844918294386905,0.0,0.2734207751893232,0.0306497936457919,0.1775031171481285,0.0,0.1798463622142514,0.2515309411938458,0.4969414543658634,0.1483529040214342
0.5232256090882439,0.3605826272414927,0.0,0.0,0.0,0.0,0.0,0.0,0.0,0.0880222893019723,0.0,0.347357777870668,0.0,0.0,0.1204300814429354,0.3038507431555209,0.1279926171392886,0.1784257221743505,0.0,0.2854756512513509,0.4438742648992128,0.3465772604353728,0.2186883413801983,0.573325676890674,0.3499501418517363,0.4463103642744934,0.0,0.0,0.0,0.0,0.0,0.2732359398023861,0.5152231542657842,0.0786083085605893,0.0,0.0,0.0,0.3549922570915883,0.3423525734845708,0.0,0.523118094585658,0.1889156488077887,0.1941529251887419,0.1137657698660316,0.3434362389133531,0.5096467456981518,0.2483664297970736,0.0,0.0,0.1277829979200865,0.0,0.0,0.3321442148749642,0.0,0.1166845943004839,0.2159311896411694,0.1660374967961238,0.1220622367765329,0.0,0.2378401064888721,0.1991339979363799,0.1200143890335422,0.2469843459548706,0.0,0.3599780277912359,0.3958484763164434,0.4561324032173582,0.1550878599669281,0.6149713258134752,0.2561889704397144,0.5323757326935363,0.0,0.5662990756776778,0.2791467576192882,0.5382617291688645,0.16479410241259
0.1622264800891389,0.1891658472955355,0.0,0.0,0.0,0.0,0.0,0.0,0.0,0.1800027661075834,0.0,0.0766985401297889,0.0,0.0,0.1245913889526134,0.4437159474286153,0.1359371174683654,0.3668249914383032,0.0,0.4853996329719539,0.1632237895175791,0.4892531911956211,0.0,0.2320611486983688,0.225507505798638,0.1081818692746173,0.0760883929521303,0.4174228917211987,0.1581591855460342,0.0,0.133324362677791,0.2849735708181218,0.503557187319257,0.2853802327423934,0.0,0.0,0.2293729258036067,0.3482164514547207,0.312172776206101,0.523118094585658,0.0,0.2931852418652657,0.3813104408658081,0.3022648434490784,0.2834459470590794,0.2913020369293083,0.2641457426692091,0.0570965189556758,0.118715477273193,0.4226743775878303,0.0,0.0,0.1083667081949471,0.0,0.1113141635539676,0.1412516107313425,0.0759851314195255,0.0,0.0,0.1233983761435214,0.024054314732005,0.0932386514256312,0.0,0.1135394280578488,0.1969954142298181,0.2406007823899596,0.3275603023468728,0.0,0.2843484765825088,0.0,0.1462848857853242,0.0,0.2658155551860744,0.1366175832219692,0.5482248634642599,0.205307059027539
0.0,0.2405136693728647,0.0,0.0,0.0,0.0,0.0,0.0,0.0,0.0,0.0,0.0,0.0,0.0,0.102983482887434,0.2746611748610484,0.0,0.1862197319631399,0.0,0.2886278664214925,0.0,0.3874113865333314,0.0,0.0,0.2630178897125606,0.2214293505678613,0.0,0.2767416861916631,0.0,0.0,0.0,0.2697284621970881,0.1882087467093988,0.0,0.0,0.0348381790516836,0.3572156960946235,0.0,0.2197192561689835,0.1889156488077887,0.2931852418652657,0.0,0.3254989002193598,0.1668982625744403,0.158480496137827,0.1887407484159549,0.0135108839046136,0.0,0.1675850923338935,0.2524551565327786,0.0,0.0,0.0,0.0,0.0,0.1608652982799083,0.0,0.0,0.0,0.057805714717091,0.0,0.0,0.0,0.0,0.0,0.1290487526490939,0.0184682212882126,0.0,0.187369203858615,0.0,0.0751717639920197,0.0,0.0,0.0,0.2685092310052526,0.2186575226618266
0.0,0.0,0.0,0.0,0.0,0.0266023868439509,0.0,0.1488767810960193,0.0,0.0,0.1558400616616663,0.0,0.3290890809332459,0.0,0.0,0.0,0.0,0.0,0.0,0.0,0.0,0.0,0.1123917001038676,0.0,0.0,0.0,0.0,0.4843909626259939,0.0,0.0,0.0,0.2476563267129442,0.0,0.0497444304235294,0.0,0.1865008376547307,0.0,0.0,0.3363705262564727,0.1941529251887419,0.3813104408658081,0.3254989002193598,0.0,0.4308873028824119,0.3254924522152786,0.0,0.0,0.0,0.1357908783786237,0.2405816178445396,0.0,0.0,0.1680894383093454,0.0,0.0834929047854137,0.1171869171541733,0.2380333813969599,0.0,0.0,0.0118678248572413,0.0,0.0733111219157471,0.0,0.0790727936723941,0.0260745393934152,0.1604434102450959,0.1619299795075479,0.0,0.3891229782272783,0.0,0.1924730810764647,0.0,0.1938607057830974,0.0,0.0,0.1301324861689944
0.0,0.0,0.0,0.0,0.0,0.0,0.0,0.0,0.0,0.0,0.0,0.0,0.0,0.0,0.0,0.0,0.0,0.0,0.0,0.0,0.0,0.0,0.0,0.0,0.0,0.0,0.0,0.0,0.0,0.0,0.0,0.2424402092085812,0.0,0.0,0.0375374579539076,0.0,0.0,0.0,0.3807346443960884,0.1137657698660316,0.3022648434490784,0.1668982625744403,0.4308873028824119,0.0,0.0217159494290913,0.0,0.0,0.0,0.0,0.1955684472489851,0.0,0.0,0.0444483465313007,0.0,0.3741840275595511,0.0684973216067697,0.2149764319766051,0.1315085269866219,0.0,0.0,0.0,0.0,0.0,0.2472489036449782,0.0,0.0,0.0,0.0,0.0,0.0,0.0,0.0,0.1147374493004708,0.1446379530344574,0.0,0.2203906376416819
0.0,0.0,0.0,0.0,0.0,0.0,0.0,0.0,0.0,0.0,0.0,0.2459459837843459,0.0,0.0,0.0,0.0,0.0,0.0,0.0,0.0,0.0,0.0,0.0,0.4007042014151468,0.0,0.3469136726236284,0.0,0.0,0.0,0.0,0.0,0.1809179785566127,0.334287313789358,0.0,0.0,0.0,0.0,0.4408749826860088,0.0788016245284038,0.3434362389133531,0.2834459470590794,0.158480496137827,0.3254924522152786,0.0217159494290913,0.0,0.2691224046752339,0.0,0.0,0.0,0.0,0.0,0.0,0.0,0.0,0.0,0.0918003562768524,0.1483617115398391,0.0,0.0,0.0,0.0,0.0,0.0,0.0,0.0,0.0,0.0,0.0,0.422885282024029,0.0,0.3798826958479604,0.0,0.1992675166821609,0.0,0.0,0.0915764423468312
0.7360211071293898,0.1570436195316656,0.0,0.0,0.0,0.0,0.0,0.0,0.0,0.0,0.0,0.0,0.0,0.0,0.0,0.5631407386439101,0.0,0.3059473181671049,0.0,0.0,0.4534890430760026,0.4436905082253603,0.0,0.4752240711089147,0.4827496375126556,0.2632002908471245,0.0,0.0,0.0,0.0,0.0,0.3611665040240339,0.3774158653980547,0.0,0.0,0.0,0.0,0.0,0.4802022047435977,0.5096467456981518,0.2913020369293083,0.1887407484159549,0.0,0.0,0.2691224046752339,0.0,0.1524064001868962,0.0,0.0,0.0,0.0,0.0,0.1778397429657384,0.0,0.1606865624510116,0.0,0.0,0.0,0.0,0.3958853054324912,0.121386956694697,0.0,0.0408010839084336,0.0,0.2818004449000744,0.7693235010273551,0.311693977897637,0.1063352616761272,0.6816194303541451,0.0435540412677281,0.4461109218193766,0.0,0.3686152622797022,0.3661800406017206,0.0,0.2387511208516204
0.0,0.6772854565512039,0.0,0.0,0.0,0.0,0.0,0.0,0.0,0.0,0.0,0.0,0.0,0.0,0.4485762732863732,0.5283475542660181,0.0,0.6868149013410916,0.0,0.7912574355844224,0.3978289283544242,0.75808297527338,0.3217137986647459,0.0,0.511335536211796,0.5598274922714759,0.5212265899724658,0.0,0.5235279093844499,0.0,0.0655522825003276,0.403544999551351,0.372641146194471,0.0178018816674254,0.0,0.0,0.0,0.0,0.3048697606715874,0.2483664297970736,0.2641457426692091,0.0135108839046136,0.0,0.0,0.0,0.1524064001868962,0.0,0.0,0.0,0.0,0.047359793087952,0.0,0.3644127855129595,0.0,0.0830424642088554,0.0,0.0,0.0,0.0,0.3397468328451045,0.175846984809923,0.0720327512999389,0.0,0.0,0.3183197497951023,0.2157193064101018,0.567579308168129,0.0600311333529262,0.0,0.3176557924918639,0.7096013477377148,0.0,0.2087740209009457,0.0,0.0,0.0
0.0,0.0,0.5652105043102915,0.0,0.4484146604703211,0.1928009474152208,0.0,0.3963099923326875,0.6391558055014073,0.0,0.6277196351780114,0.0,0.0814975033035705,0.0,0.0,0.0,0.0,0.0,0.230145867432829,0.0,0.0,0.0,0.4759443447652307,0.0,0.0,0.0,0.1667529744327011,0.0,0.0,0.0,0.0,0.0449719089236259,0.0,0.0,0.0,0.0,0.0,0.0,0.0350821725357068,0.0,0.0570965189556758,0.0,0.0,0.0,0.0,0.0,0.0,0.0,0.0685555931907065,0.2606297071091152,0.197888201702139,0.3333473913034958,0.4039238865735507,0.5232568760138011,0.0,0.7321856964847501,0.0,0.3362692637814827,0.0,0.0,0.0,0.0,0.0,0.1990474163889038,0.0,0.0,0.0,0.4862577051089415,0.0,0.0,0.0,0.1816828025045372,0.485649215994471,0.3356236994698047,0.2848985951913144,0.054873865671352
0.0,0.0,0.0,0.0,0.0,0.0,0.0,0.0,0.0,0.0,0.0,0.0,0.0,0.0,0.0,0.0,0.0,0.0,0.0,0.0,0.0,0.0,0.0,0.0,0.0,0.0,0.0,0.0,0.0,0.0,0.0,0.0,0.0,0.0,0.0,0.0,0.0,0.0,0.0,0.0,0.118715477273193,0.1675850923338935,0.1357908783786237,0.0,0.0,0.0,0.0,0.0685555931907065,0.0,0.0489889179729166,0.0,0.0979712994529243,0.0,0.0,0.0,0.1017926756406735,0.0,0.0,0.2929600552286956,0.0,0.0,0.0,0.0,0.0,0.0,0.0,0.0,0.0,0.0,0.0,0.0,0.0,0.0204260712099128,0.0,0.0,0.292059146450504
0.0,0.0,0.4883872678993066,0.0,0.0,0.0,0.0,0.0,0.0,0.0,0.5898587359787407,0.0,0.0,0.0,0.0,0.0,0.0,0.0,0.0,0.0,0.0,0.0,0.2511957999815933,0.0,0.0,0.0,0.0,0.0,0.0,0.0,0.0,0.0,0.0,0.0,0.0,0.0,0.0,0.0,0.2267857695726459,0.1277829979200865,0.4226743775878303,0.2524551565327786,0.2405816178445396,0.1955684472489851,0.0,0.0,0.0,0.2606297071091152,0.0489889179729166,0.0,0.0,0.0,0.1946810437923528,0.0,0.1337632352572053,0.4823408733559352,0.1398061941918729,0.0,0.0,0.0,0.0,0.0,0.0,0.214819550586914,0.0,0.0,0.0,0.0,0.0,0.0,0.0,0.0397106984921951,0.0,0.0,0.0,0.0191832947046219
0.0,0.0,0.2421915240232615,0.0,0.0,0.4364053800691081,0.3215108999582836,0.2312105499944276,0.3680775630867274,0.0,0.0,0.0,0.0927940540933134,0.0,0.0,0.0,0.0,0.0,0.4713776962728651,0.0,0.0,0.0,0.3574812186526073,0.0,0.0,0.0,0.2347057269828358,0.0,0.0,0.0,0.0,0.0,0.0,0.3115110055925211,0.0,0.0,0.0,0.0,0.0,0.0,0.0,0.0,0.0,0.0,0.0,0.0,0.047359793087952,0.197888201702139,0.0,0.0,0.0,0.427164091495404,0.3808611536872511,0.5839618563016292,0.3056918583933484,0.0,0.0,0.5129327023630318,0.0,0.0,0.2067328668962948,0.3179495852068899,0.4286737757023682,0.2915742287808767,0.2211105872836807,0.0,0.0315410365173026,0.5979713778076086,0.0,0.4061990594066878,0.0697949784101559,0.6291230308918957,0.1099516251587462,0.2163541526991647,0.0,0.0
0.0,0.0,0.0,0.0,0.0,0.1326943721980163,0.0,0.0,0.0,0.0,0.0867060472392768,0.0,0.0,0.0,0.0,0.0,0.0,0.0,0.0,0.0,0.0,0.0,0.0,0.0,0.0,0.0,0.0964334924660359,0.0,0.0,0.0,0.0,0.0,0.0,0.0,0.0,0.0,0.0,0.0,0.0,0.0,0.0,0.0,0.0,0.0,0.0,0.0,0.0,0.3333473913034958,0.0979712994529243,0.0,0.427164091495404,0.0,0.0,0.6563711925296497,0.2265794941836664,0.2107019834572017,0.1428423826608826,0.4280537751600654,0.1054097703762173,0.0,0.4080779362932802,0.2784050398237199,0.4354601482950775,0.0,0.1813448327353597,0.0,0.0,0.1442283259217244,0.0,0.4746628758552419,0.0,0.4996350838575028,0.174689135084143,0.2069493854867983,0.0,0.0
0.0,0.0,0.3415032841554426,0.0,0.2344386935209867,0.684205337627391,0.0,0.6387375872913081,0.4050203178177562,0.0,0.308261228060944,0.0,0.4403733976163141,0.0,0.0,0.0,0.0,0.0,0.4753871453209319,0.2319906187320827,0.4601951682220137,0.0,0.7808282246895768,0.0,0.0,0.0,0.3518459407671203,0.3061318767533162,0.1362370255924758,0.0,0.0,0.1370372807661111,0.0,0.2706996320431016,0.0,0.0314270263498564,0.0,0.0,0.0083444142164198,0.3321442148749642,0.1083667081949471,0.0,0.1680894383093454,0.0444483465313007,0.0,0.1778397429657384,0.3644127855129595,0.4039238865735507,0.0,0.1946810437923528,0.3808611536872511,0.0,0.0,0.1770447515316583,0.0,0.4020416635317874,0.0,0.4242287158574719,0.0,0.024856458333648,0.0,0.0,0.1499447457914615,0.4311772072790967,0.1031749317066496,0.1841008199998472,0.0,0.6760661006153205,0.3901443299997715,0.2373473645438296,0.434183252984933,0.0,0.3236464865804007,0.0,0.2276068801867398,0.0
0.0,0.0,0.3239675961535045,0.0,0.3308618456002691,0.3657157575560636,0.0,0.238841834495329,0.7956206004563384,0.0,0.1074821291017728,0.0,0.0,0.1080214338587352,0.0,0.0,0.0,0.0,0.3428887661349773,0.0,0.0,0.0,0.1219999678101042,0.0,0.0,0.0,0.1460436566222437,0.0,0.0,0.0,0.0,0.0,0.0,0.0,0.0,0.0,0.0,0.0,0.0,0.0,0.0,0.0,0.0,0.0,0.0,0.0,0.0,0.5232568760138011,0.0,0.0,0.5839618563016292,0.6563711925296497,0.1770447515316583,0.0,0.1259131841782481,0.2790913034989616,0.1467486331155964,0.3916624121087901,0.018960336850667,0.0,0.0,0.0,0.0,0.1206987995374422,0.2086486154867805,0.0,0.0202888351362542,0.4530075028454856,0.0,0.0,0.0,0.5907087591689895,0.1838700469521794,0.043822453689777,0.0,0.0
0.2574505605343399,0.0,0.0,0.0,0.0,0.0,0.0,0.0,0.0,0.887797762713809,0.0,0.4271692831633851,0.0,0.0,0.0,0.0,0.7584394547931661,0.119952136807835,0.0,0.0,0.0,0.0,0.0,0.1465987996815192,0.0,0.0,0.0,0.0,0.0,0.0,0.2068520004168997,0.0743772819731585,0.2339916562166656,0.6349458870576198,0.0,0.0,0.0,0.2121177162545948,0.2117580255593283,0.1166845943004839,0.1113141635539676,0.0,0.0834929047854137,0.3741840275595511,0.0,0.1606865624510116,0.0830424642088554,0.0,0.0,0.1337632352572053,0.3056918583933484,0.2265794941836664,0.0,0.1259131841782481,0.0,0.2172547480891795,0.6684769247802437,0.6707732041813999,0.0,0.0,0.3392789242384521,0.9456965010806222,0.4797693396000665,0.7120037312544335,0.2059241483289902,0.0,0.1951126853557417,0.0,0.0,0.3197416071673118,0.0,0.1811961666075355,0.3098320411450616,0.2837732123488854,0.0,0.0
0.0,0.0,0.4785181131136034,0.0,0.6224437034160923,0.3506898731689244,0.0,0.3702879192617289,0.5541612293009474,0.0,0.9055024155768476,0.0,0.0,0.0,0.0,0.0,0.0,0.0,0.1272080308219703,0.0,0.0,0.0,0.4802997921392022,0.0,0.0,0.0,0.2909837115250932,0.0,0.0,0.0,0.0,0.0691520339741932,0.0,0.0,0.0,0.0,0.0,0.0,0.0,0.2159311896411694,0.1412516107313425,0.1608652982799083,0.1171869171541733,0.0684973216067697,0.0918003562768524,0.0,0.0,0.7321856964847501,0.1017926756406735,0.4823408733559352,0.0,0.2107019834572017,0.4020416635317874,0.2790913034989616,0.2172547480891795,0.0,0.2689183564048609,0.1517299951054256,0.0,0.0,0.0,0.0,0.0,0.2125630533542846,0.0,0.0,0.0,0.2316496285604644,0.0,0.0,0.0,0.0,0.2347651343677938,0.0,0.0,0.0132639212153061
0.0,0.0,0.0,0.0,0.0,0.0,0.0,0.0,0.0,0.6682033960359196,0.0,0.8635705559436126,0.0,0.0,0.0,0.0,0.7413072087857238,0.3160139766157566,0.0,0.0,0.0,0.0,0.0,0.5278302309856627,0.0,0.1504510110614229,0.0,0.0,0.0,0.0,0.1242366842527518,0.0,0.2715353608065677,0.595039518665808,0.1247360318421957,0.1388814723938588,0.0,0.3855682330424371,0.024643555996808,0.1660374967961238,0.0759851314195255,0.0,0.2380333813969599,0.2149764319766051,0.1483617115398391,0.0,0.0,0.0,0.0,0.1398061941918729,0.0,0.1428423826608826,0.0,0.1467486331155964,0.6684769247802437,0.2689183564048609,0.0,0.6546542545209155,0.0,0.0,0.0,0.6112577403115833,0.2632199681917781,0.0,0.0,0.0,0.0,0.0,0.1989718116693616,0.213601629966873,0.2350651754474352,0.0,0.3893591256885177,0.0,0.0,0.0
0.0,0.0,0.0,0.0,0.0,0.3658161838858128,0.0,0.4171595626584307,0.0,0.0,0.0,0.0,0.0,0.0,0.0,0.0,0.0,0.0,0.0,0.0,0.0,0.0,0.3686920762025684,0.0,0.0,0.0,0.0,0.0,0.0,0.0,0.0,0.0,0.0,0.0,0.0,0.0642872005704537,0.0,0.0,0.0,0.1220622367765329,0.0,0.0,0.0,0.1315085269866219,0.0,0.0,0.0,0.3362692637814827,0.0,0.0,0.5129327023630318,0.4280537751600654,0.4242287158574719,0.3916624121087901,0.6707732041813999,0.1517299951054256,0.6546542545209155,0.0,0.0,0.0,0.2378923706721176,0.7155844000276866,0.6367297125564085,0.5050270397100608,0.1734949058966866,0.0,0.109289126354097,0.4623946800264171,0.0484447073963703,0.403868331765934,0.0885744510293785,0.1248196763210527,0.5043895112994419,0.2074582468527049,0.0198924648115331,0.0
0.0,0.0,0.0,0.0,0.0,0.0,0.0,0.0231105921070972,0.0,0.0,0.0,0.0,0.0,0.0,0.0,0.0,0.0,0.0,0.0,0.0,0.0,0.0,0.0,0.0,0.0,0.0,0.0,0.0,0.0,0.0,0.0,0.0,0.0,0.0,0.0,0.1997306125706099,0.0,0.0,0.0,0.0,0.0,0.0,0.0,0.0,0.0,0.0,0.0,0.0,0.2929600552286956,0.0,0.0,0.1054097703762173,0.0,0.018960336850667,0.0,0.0,0.0,0.0,0.0,0.0,0.0,0.0,0.0,0.0,0.0,0.0,0.0,0.0,0.0,0.0,0.0,0.0,0.0,0.0,0.0,0.0
0.0,0.3809315240517482,0.0,0.0,0.0,0.0295559630117533,0.0,0.0,0.0,0.0,0.0,0.0,0.0,0.0,0.7829344027932319,0.4911200785806165,0.0,0.0,0.0,0.5508406218947569,0.5707224938922456,0.5654018082814324,0.1179933740253808,0.0,0.0,0.3928166498699283,0.4216756845148266,0.3887432302518788,0.5778054968972797,0.0,0.0,0.3619046051569262,0.1611694453212974,0.0,0.0,0.0,0.0,0.0,0.299675311563744,0.2378401064888721,0.1233983761435214,0.057805714717091,0.0118678248572413,0.0,0.0,0.3958853054324912,0.3397468328451045,0.0,0.0,0.0,0.0,0.0,0.024856458333648,0.0,0.0,0.0,0.0,0.0,0.0,0.0,0.4673125131341351,0.0,0.0573960989921508,0.0,0.6722171643556141,0.6309965706761009,0.5919064931424755,0.152351880878577,0.1514285935440281,0.3971290049211861,0.4804812959038081,0.3185118820727545,0.2313902897693573,0.2885832547500763,0.0,0.1617884827992408
0.2191026756048159,0.0,0.0,0.0,0.0,0.0,0.0,0.0,0.0,0.0,0.0,0.0,0.0,0.0,0.4328461436336097,0.2223577946247338,0.0,0.0,0.0,0.0,0.3996483695750257,0.0826132453612709,0.0,0.0,0.0,0.0,0.0,0.0,0.0,0.0,0.323076334244314,0.3251406770988867,0.0,0.1850808187042084,0.059136428839759,0.0,0.0,0.0,0.2872580727115448,0.1991339979363799,0.024054314732005,0.0,0.0,0.0,0.0,0.121386956694697,0.175846984809923,0.0,0.0,0.0,0.2067328668962948,0.4080779362932802,0.0,0.0,0.3392789242384521,0.0,0.0,0.2378923706721176,0.0,0.4673125131341351,0.0,0.3800822656228019,0.6086666329655844,0.0,0.7423831462824731,0.2721147188665219,0.6733461714972641,0.0502665181166966,0.0,0.7045851927727933,0.2300072586163234,0.6610416371166901,0.4401125929422576,0.4362563878389774,0.0,0.1437365273561426
0.0,0.0,0.0,0.0,0.0,0.0,0.0,0.0,0.0,0.798489854822352,0.0,0.3994957860665671,0.0,0.0,0.0,0.0,0.720730454732556,0.0823562364798705,0.0,0.0,0.0,0.0,0.0,0.1391316526820827,0.0,0.0,0.0,0.0,0.0,0.0,0.0,0.0,0.1889841097526674,0.0,0.0,0.0,0.0,0.0,0.2318659752889486,0.1200143890335422,0.0932386514256312,0.0,0.0733111219157471,0.0,0.0,0.0,0.0720327512999389,0.0,0.0,0.0,0.3179495852068899,0.2784050398237199,0.0,0.0,0.9456965010806222,0.0,0.6112577403115833,0.7155844000276866,0.0,0.0,0.3800822656228019,0.0,0.514519833099294,0.0,0.2412495635043228,0.0,0.2429108814936754,0.0,0.0,0.3287265270037089,0.0,0.0,0.3314973797930389,0.305252710358813,0.0,0.0
0.5660758114283319,0.0,0.0,0.0,0.0,0.0,0.0,0.0,0.0,0.1618940541486699,0.0,0.2906555589950116,0.0,0.0,0.0,0.0,0.2359730850024798,0.0,0.0,0.0,0.0,0.0,0.0,0.2067552409742198,0.0,0.0,0.0,0.0,0.0,0.0,0.0,0.0,0.0,0.2495207820556108,0.0606814440230153,0.0,0.0,0.0,0.0717080183029238,0.2469843459548706,0.0,0.0,0.0,0.0,0.0,0.0408010839084336,0.0,0.0,0.0,0.0,0.4286737757023682,0.4354601482950775,0.1499447457914615,0.0,0.4797693396000665,0.0,0.2632199681917781,0.6367297125564085,0.0,0.0573960989921508,0.6086666329655844,0.514519833099294,0.0,0.0,0.4610818637590079,0.0,0.3394033047561176,0.4058918877113695,0.0,0.7630170396002781,0.1162330398928722,0.5007722782139633,0.5175642890958893,0.5342322355024056,0.0,0.0797690806489405
0.0,0.0,0.4789927832675129,0.0,0.0,0.3206951940438362,0.0,0.1566848460327472,0.2119264361987196,0.0,0.196156326337399,0.0,0.0,0.0,0.0,0.0,0.0,0.0,0.8538151484238532,0.0,0.0,0.0,0.3848187291126607,0.0,0.0,0.0,0.39251479763547,0.0,0.0,0.0,0.0,0.0992550489840512,0.0,0.0,0.0,0.0,0.0,0.0,0.1030218374824337,0.0,0.1135394280578488,0.0,0.0790727936723941,0.2472489036449782,0.0,0.0,0.0,0.1990474163889038,0.0,0.214819550586914,0.2915742287808767,0.0,0.4311772072790967,0.1206987995374422,0.7120037312544335,0.2125630533542846,0.0,0.5050270397100608,0.0,0.0,0.0,0.0,0.0,0.0,0.0,0.0,0.0,0.2833932238209825,0.0,0.0,0.0,0.2226548440778296,0.2397100612875584,0.0,0.0,0.0
0.0,0.345355103172291,0.0,0.0,0.0,0.1433335534056209,0.0,0.0,0.0,0.0,0.0,0.0,0.0,0.0,0.5955493533189353,0.3933191328595837,0.0,0.0,0.0,0.3669765476125854,0.5711978638026868,0.4277317524634134,0.0893688184793657,0.0,0.3657730099126284,0.4174721421029128,0.425872152594614,0.3872583491539715,0.380400547582544,0.4346264621764397,0.1938509167648472,0.418387235119399,0.0846668439229282,0.1246241169264344,0.0,0.0,0.0,0.0,0.2880726216259637,0.3599780277912359,0.1969954142298181,0.0,0.0260745393934152,0.0,0.0,0.2818004449000744,0.3183197497951023,0.0,0.0,0.0,0.2211105872836807,0.1813448327353597,0.1031749317066496,0.2086486154867805,0.2059241483289902,0.0,0.0,0.1734949058966866,0.0,0.6722171643556141,0.7423831462824731,0.2412495635043228,0.4610818637590079,0.0,0.0,0.3960373366514114,0.9155576518934252,0.0957648616406688,0.0,0.6491272119320007,0.5422374496683076,0.5796693935940356,0.6199744485244087,0.5598043643447913,0.5014418060145024,0.2137800692532027
0.4912873797983092,0.281898475083755,0.0,0.0,0.0,0.0,0.0,0.0259031153897289,0.0,0.0,0.0,0.0,0.0,0.0,0.3682757215673379,0.5000676586807467,0.0,0.0,0.0,0.4455429562269754,0.6431446107427495,0.4787492678432711,0.1683929734375513,0.0,0.5296311400258773,0.3416259870195587,0.2396885805367156,0.4079882148980235,0.4194676637883812,0.0,0.0496656789509536,0.37795792679667,0.2267393257523892,0.0,0.0,0.0,0.0,0.0,0.3714932102539742,0.3958484763164434,0.2406007823899596,0.1290487526490939,0.1604434102450959,0.0,0.0,0.7693235010273551,0.2157193064101018,0.0,0.0,0.0,0.0,0.0,0.1841008199998472,0.0,0.0,0.0,0.0,0.0,0.0,0.6309965706761009,0.2721147188665219,0.0,0.0,0.0,0.3960373366514114,0.0,0.3610785325272616,0.1537210761659423,0.5601311980134501,0.1698956137476868,0.4773566854966951,0.0826225522478183,0.3525080478468791,0.2121810313533695,0.0,0.2762336580532862
0.3407084947839979,0.5126211422047352,0.0,0.0,0.0,0.2580906549854996,0.0,0.0,0.0,0.0,0.0,0.0,0.0,0.0,0.5899817998912732,0.5139712896786109,0.0,0.3214836449693327,0.0,0.5650089128418527,0.6185952732275659,0.6117631082748382,0.1567898563952482,0.0,0.4484906300106111,0.5530255108979457,0.471605891651729,0.0,0.4788113775956953,0.0,0.1698352426512461,0.4830925674968683,0.1846940392024433,0.1204644771313083,0.0,0.0,0.0,0.0,0.3844918294386905,0.4561324032173582,0.3275603023468728,0.0184682212882126,0.1619299795075479,0.0,0.0,0.311693977897637,0.567579308168129,0.0,0.0,0.0,0.0315410365173026,0.0,0.0,0.0202888351362542,0.1951126853557417,0.0,0.0,0.109289126354097,0.0,0.5919064931424755,0.6733461714972641,0.2429108814936754,0.3394033047561176,0.0,0.9155576518934252,0.3610785325272616,0.0,0.0191415636945796,0.0,0.6054334155256872,0.6673585467546161,0.3436356771764574,0.6252928189633224,0.3699989206350886,0.0,0.2083960692705031
0.0,0.0847226277879158,0.2119210851361239,0.0,0.24146772508813,0.4888217208310259,0.2785345250215697,0.4678865425022097,0.5450889622951552,0.0,0.1416756786036456,0.0,0.3126979230417719,0.0,0.0,0.0,0.0,0.0,0.4334114382111355,0.0,0.2695164980742364,0.0,0.7146443409088904,0.0,0.0,0.1965399196346272,0.2109047696683126,0.0,0.0,0.0,0.0,0.0,0.0,0.0674157029767578,0.0,0.0,0.0,0.0,0.0,0.1550878599669281,0.0,0.0,0.0,0.0,0.0,0.1063352616761272,0.0600311333529262,0.4862577051089415,0.0,0.0,0.5979713778076086,0.1442283259217244,0.6760661006153205,0.4530075028454856,0.0,0.2316496285604644,0.0,0.4623946800264171,0.0,0.152351880878577,0.0502665181166966,0.0,0.4058918877113695,0.2833932238209825,0.0957648616406688,0.1537210761659423,0.0191415636945796,0.0,0.2254436465698882,0.4210205161971666,0.3698801475808685,0.2885943510913334,0.2468529326583061,0.0885998005173338,0.0,0.0
0.4823664498402479,0.0,0.0,0.0,0.0,0.0,0.0,0.0,0.0,0.0610032880577412,0.0,0.4223066436830487,0.0,0.0,0.0,0.0,0.0243901084132875,0.3235963886642408,0.0,0.0,0.0,0.0,0.0,0.7865940226161857,0.501599873018456,0.5569494402180404,0.0,0.0,0.0,0.0,0.0,0.2825808728252859,0.3664273059240265,0.0,0.0,0.0,0.0,0.2864036168215787,0.2734207751893232,0.6149713258134752,0.2843484765825088,0.187369203858615,0.3891229782272783,0.0,0.422885282024029,0.6816194303541451,0.0,0.0,0.0,0.0,0.0,0.0,0.3901443299997715,0.0,0.0,0.0,0.1989718116693616,0.0484447073963703,0.0,0.1514285935440281,0.0,0.0,0.0,0.0,0.0,0.5601311980134501,0.0,0.2254436465698882,0.0,0.0874811126252641,0.681531995986522,0.0,0.4933821575961304,0.0,0.0,0.2328310430688378
0.337334970700034,0.2536850385044202,0.0,0.0,0.0,0.0,0.0,0.0,0.0,0.1535739711338852,0.0,0.3035150572324827,0.0,0.0,0.0,0.0,0.2091172826945679,0.0,0.0,0.0,0.3827462327107819,0.0,0.0,0.1751892519593756,0.2791433606425684,0.317356250178122,0.0,0.0,0.0,0.0,0.0,0.0468566621808566,0.0,0.0695559609161134,0.0,0.0,0.0,0.0,0.0306497936457919,0.2561889704397144,0.0,0.0,0.0,0.0,0.0,0.0435540412677281,0.3176557924918639,0.0,0.0,0.0,0.4061990594066878,0.4746628758552419,0.2373473645438296,0.0,0.3197416071673118,0.0,0.213601629966873,0.403868331765934,0.0,0.3971290049211861,0.7045851927727933,0.3287265270037089,0.7630170396002781,0.0,0.6491272119320007,0.1698956137476868,0.6054334155256872,0.4210205161971666,0.0874811126252641,0.0,0.5096834632536452,0.5729190816001923,0.5509671232984433,0.4276115433439661,0.0,0.0571870856499147
0.3587149418515012,0.7773013271319353,0.0,0.0,0.0,0.0,0.0,0.0,0.0,0.0430633653133379,0.0,0.4935050536682982,0.0,0.0,0.3812440400410301,0.3702408816449508,0.0960329017877473,0.3667713176833683,0.0,0.5331785217659463,0.5862062391309939,0.6041743428594262,0.4391913662034534,0.6232990752798717,0.6823928489027833,0.8542051155364149,0.3000168837785916,0.0,0.2752505076917758,0.0,0.0,0.2636673642393307,0.2050500791653076,0.0,0.0,0.0,0.0,0.3266485037318719,0.1775031171481285,0.5323757326935363,0.1462848857853242,0.0751717639920197,0.1924730810764647,0.0,0.3798826958479604,0.4461109218193766,0.7096013477377148,0.0,0.0,0.0,0.0697949784101559,0.0,0.434183252984933,0.0,0.0,0.0,0.2350651754474352,0.0885744510293785,0.0,0.4804812959038081,0.2300072586163234,0.0,0.1162330398928722,0.0,0.5422374496683076,0.4773566854966951,0.6673585467546161,0.3698801475808685,0.681531995986522,0.5096834632536452,0.0,0.0655320442641305,0.5641821354535471,0.1999974429402598,0.0,0.1710234554479469
0.0,0.0,0.1653817122157369,0.0,0.0513597917344245,0.1738531492922786,0.0563744708354292,0.0,0.339108465290605,0.0,0.0,0.0,0.0,0.0,0.2426927310329843,0.0,0.0,0.0,0.3839637604910972,0.0,0.1304981582170474,0.0,0.0,0.0,0.0,0.0,0.4962599329321066,0.0,0.2455781411138697,0.0,0.1394042407946251,0.0,0.0,0.1612674195684346,0.1862037552438557,0.0,0.0,0.0,0.0,0.0,0.0,0.0,0.0,0.0,0.0,0.0,0.0,0.1816828025045372,0.0,0.0397106984921951,0.6291230308918957,0.4996350838575028,0.0,0.5907087591689895,0.1811961666075355,0.0,0.0,0.1248196763210527,0.0,0.3185118820727545,0.6610416371166901,0.0,0.5007722782139633,0.2226548440778296,0.5796693935940356,0.0826225522478183,0.3436356771764574,0.2885943510913334,0.0,0.5729190816001923,0.0655320442641305,0.0,0.1423202485537433,0.3831403555460836,0.0,0.0252097554088681
0.0,0.0,0.0,0.0,0.0,0.2732109873091946,0.0,0.3447295605323456,0.0,0.254457986061196,0.0,0.0,0.0,0.0,0.1106866701181355,0.0,0.0,0.0,0.0,0.1132548353517594,0.5264329537056609,0.0,0.2695158487310493,0.0,0.0,0.0,0.0581488856009541,0.4607864046014506,0.0394253023287101,0.0,0.2660387503761717,0.1949496895500763,0.0,0.1957000690608183,0.0,0.0500587257176449,0.0,0.0,0.1798463622142514,0.5662990756776778,0.2658155551860744,0.0,0.1938607057830974,0.1147374493004708,0.1992675166821609,0.3686152622797022,0.2087740209009457,0.485649215994471,0.0204260712099128,0.0,0.1099516251587462,0.174689135084143,0.3236464865804007,0.1838700469521794,0.3098320411450616,0.2347651343677938,0.3893591256885177,0.5043895112994419,0.0,0.2313902897693573,0.4401125929422576,0.3314973797930389,0.5175642890958893,0.2397100612875584,0.6199744485244087,0.3525080478468791,0.6252928189633224,0.2468529326583061,0.4933821575961304,0.5509671232984433,0.5641821354535471,0.1423202485537433,0.0,0.4110106617645186,0.6369568203656949,0.3571555023497154
0.0,0.0,0.0,0.0,0.0,0.0,0.0,0.0,0.0,0.0,0.0,0.0,0.0,0.0,0.0,0.0,0.0,0.0,0.0,0.0,0.0,0.0,0.0,0.0,0.0,0.0,0.0,0.0,0.0,0.0,0.0,0.1010429774934205,0.0806344212074284,0.0,0.0,0.0275437530848707,0.0,0.0,0.2515309411938458,0.2791467576192882,0.1366175832219692,0.0,0.0,0.1446379530344574,0.0,0.3661800406017206,0.0,0.3356236994698047,0.0,0.0,0.2163541526991647,0.2069493854867983,0.0,0.043822453689777,0.2837732123488854,0.0,0.0,0.2074582468527049,0.0,0.2885832547500763,0.4362563878389774,0.305252710358813,0.5342322355024056,0.0,0.5598043643447913,0.2121810313533695,0.3699989206350886,0.0885998005173338,0.0,0.4276115433439661,0.1999974429402598,0.3831403555460836,0.4110106617645186,0.0,0.382565753024198,0.2162426502869807
0.0,0.0,0.0,0.0,0.0,0.0,0.0,0.0,0.0,0.0,0.0,0.0,0.0,0.0,0.0,0.0,0.0,0.0,0.0,0.0,0.0,0.0,0.1800039933502468,0.0,0.0,0.0,0.0963389689409404,0.0,0.0,0.0,0.0,0.0,0.0,0.0,0.0,0.0,0.0,0.0,0.4969414543658634,0.5382617291688645,0.5482248634642599,0.2685092310052526,0.0,0.0,0.0,0.0,0.0,0.2848985951913144,0.0,0.0,0.0,0.0,0.2276068801867398,0.0,0.0,0.0,0.0,0.0198924648115331,0.0,0.0,0.0,0.0,0.0,0.0,0.5014418060145024,0.0,0.0,0.0,0.0,0.0,0.0,0.0,0.6369568203656949,0.382565753024198,0.0,0.4442768384425013
0.0,0.0686512771379763,0.0,0.0,0.0,0.0,0.0,0.0,0.0,0.0,0.0,0.0,0.0,0.0,0.0594790897588428,0.1554808697253129,0.0,0.0,0.0,0.0876718017279402,0.1765037864089454,0.1642366381082918,0.0,0.0887384186094007,0.2174644303305706,0.155418831543259,0.0,0.120078739770968,0.0190278357818038,0.0,0.4334740913221164,0.1633707613425174,0.0,0.0,0.0,0.0,0.0,0.0,0.1483529040214342,0.16479410241259,0.205307059027539,0.2186575226618266,0.1301324861689944,0.2203906376416819,0.0915764423468312,0.2387511208516204,0.0,0.054873865671352,0.292059146450504,0.0191832947046219,0.0,0.0,0.0,0.0,0.0,0.0132639212153061,0.0,0.0,0.0,0.1617884827992408,0.1437365273561426,0.0,0.0797690806489405,0.0,0.2137800692532027,0.2762336580532862,0.2083960692705031,0.0,0.2328310430688378,0.0571870856499147,0.1710234554479469,0.0252097554088681,0.3571555023497154,0.2162426502869807,0.4442768384425013,0.0
